PAR_Rank,PAR_Overall_Rank,Name,Team,Position,PAR_Position,Projected_Fpoints,Replacement_Level,PAR,Rank,Rank_Change
1,1,Shohei Ohtani,LAD,DH/SP,SP,392.5235254239589,,392.5235254239589,8,7
1,236,Shohei Ohtani,LAD,DH/SP,SP,392.5235254239589,,392.5235254239589,8,7
3,3,Juan Soto,NYM,OF,OF,487.3641247893274,303.969866712413,183.39425807691435,1,-2
4,5,Jose Ramirez,CLE,3B/DH,3B,440.87146065501435,297.54977907320745,143.3216815818069,2,-2
5,7,Aaron Judge,NYY,OF/DH,OF,431.2569369177197,303.969866712413,127.28707020530669,3,-2
6,11,Bobby Witt Jr.,KCR,SS,SS,429.473760425746,319.1737385693561,110.30002185638989,4,-2
7,14,Maikel Garcia,KCR,3B,3B,391.2853410706488,297.54977907320745,93.73556199744138,9,2
8,15,Kyle Tucker,LAD,OF,OF,392.59894128882786,303.969866712413,88.62907457641484,7,-1
9,17,Ketel Marte,ARI,2B/DH,2B,375.1267988338031,288.1534334284106,86.97336540539249,18,9
10,18,Geraldo Perdomo,ARI,SS,SS,405.6436427481779,319.1737385693561,86.46990417882182,6,-4
11,19,Alex Bregman,CHC,3B,3B,383.47502342167314,297.54977907320745,85.9252443484657,13,2
12,20,Fernando Tatis Jr.,SDP,OF,OF,384.87459661992085,303.969866712413,80.90472990750783,12,0
13,22,Junior Caminero,TBR,3B,3B,375.5582081386808,297.54977907320745,78.00842906547336,17,4
14,23,Vladimir Guerrero Jr.,TOR,1B/DH,1B,407.83461270356213,330.560623998163,77.27398870539912,5,-9
15,25,Gleyber Torres,DET,2B,2B,361.98982428957265,288.1534334284106,73.83639086116204,20,5
16,26,Ronald Acuna Jr.,ATL,OF,OF,377.2090084841198,303.969866712413,73.23914177170678,15,-1
17,27,Ben Rice,NYY,1B/C/DH,C,349.880371830189,280.4991463540764,69.3812254761126,27,10
18,28,Mookie Betts,LAD,SS,SS,387.6886109985158,319.1737385693561,68.51487242915971,10,-8
19,30,Francisco Lindor,NYM,SS,SS,381.0764989308221,319.1737385693561,61.902760361465994,14,-5
20,33,Julio Rodriguez,SEA,OF,OF,363.17713357040856,303.969866712413,59.207266857995535,19,-1
21,35,Gunnar Henderson,BAL,SS,SS,376.0039784069364,319.1737385693561,56.830239837580336,16,-5
22,36,George Springer,TOR,OF/DH,OF,360.5029001865864,303.969866712413,56.53303347417335,21,-1
23,38,Vinnie Pasquantino,KCR,1B/DH,1B,385.5854448424278,330.560623998163,55.02482084426481,11,-12
24,39,Cody Bellinger,NYY,OF,OF,358.69381764334554,303.969866712413,54.72395093093252,22,-2
25,41,William Contreras,MIL,C/DH,C,333.37267187290576,280.4991463540764,52.873525518829354,40,15
26,46,Alec Burleson,STL,OF/1B/DH,OF,352.2665232955504,330.560623998163,48.296656583137406,25,-1
27,48,Yordan Alvarez,HOU,OF/DH,OF,350.6827604644759,303.969866712413,46.71289375206288,26,-1
28,49,Nico Hoerner,CHC,2B,2B,334.27347306850044,288.1534334284106,46.12003964008983,38,10
29,50,Corbin Carroll,ARI,OF,OF,348.2178835742974,303.969866712413,44.248016861884366,28,-1
30,52,Manny Machado,SDP,3B,3B,339.20171566225184,297.54977907320745,41.651936589044396,35,5
31,53,Austin Riley,ATL,3B,3B,338.9935389759122,297.54977907320745,41.443759902704755,36,5
32,58,Brice Turang,MIL,2B,2B,325.30473893726156,288.1534334284106,37.15130550885095,48,16
33,59,Brent Rooker,ATH,OF/DH,OF,341.0943844224411,303.969866712413,37.1245177100281,32,-1
34,60,Salvador Perez,KCR,C/1B/DH,C,317.31413078618453,280.4991463540764,36.81498443210813,58,24
35,61,Brendan Donovan,SEA,2B,2B,324.91687462074213,288.1534334284106,36.76344119233153,50,15
36,68,Yandy Diaz,TBR,1B/DH,1B,357.5981706168831,330.560623998163,27.037546618720114,23,-13
37,69,Steven Kwan,CLE,OF,OF,330.62810258603,303.969866712413,26.658235873617002,43,6
38,70,Jarren Duran,BOS,OF,OF,329.8114231329717,303.969866712413,25.841556420558675,44,6
39,72,Matt Chapman,SFG,3B,3B,322.9909928676731,297.54977907320745,25.441213794465682,52,13
40,73,Ian Happ,CHC,OF,OF,329.18584453397955,303.969866712413,25.215977821566526,45,5
41,74,Jordan Westburg,BAL,3B,3B,322.4440098072485,297.54977907320745,24.89423073404106,53,12
42,75,Ozzie Albies,ATL,2B,2B,312.29433536653613,288.1534334284106,24.140901938125523,65,23
43,76,Pete Alonso,BAL,1B,1B,354.6830381643583,330.560623998163,24.122414166195313,24,-19
44,77,Jackson Merrill,SDP,OF,OF,326.61125198479914,303.969866712413,22.641385272386117,46,2
45,78,Shea Langeliers,ATH,C,C,302.233512061303,280.4991463540764,21.734365707226573,80,35
46,79,Jurickson Profar,ATL,OF,OF,325.6547463787622,303.969866712413,21.68487966634916,47,1
47,85,Jeremy Pena,HOU,SS,SS,337.453595799992,319.1737385693561,18.279857230635912,37,-10
48,86,Luis Garcia Jr.,WSN,2B,2B,306.0837884938419,288.1534334284106,17.930355065431286,74,26
49,87,Matt Olson,ATL,1B,1B,348.06022254053113,330.560623998163,17.49959854236812,29,-20
50,89,Pete Crow-Armstrong,CHC,OF,OF,321.2187806867772,303.969866712413,17.2489139743642,54,4
51,91,Cal Raleigh,SEA,C/DH,C,297.07095697791505,280.4991463540764,16.571810623838644,93,42
52,92,Jung Hoo Lee,SFG,OF,OF,320.5298787853535,303.969866712413,16.56001207294048,55,3
53,93,Drake Baldwin,ATL,C,C,296.91666809385066,280.4991463540764,16.41752173977426,94,41
54,95,Josh Naylor,SEA,1B/DH,1B,346.0779872922557,330.560623998163,15.517363294092718,30,-24
55,96,Bo Bichette,NYM,SS,SS,334.01821876429364,319.1737385693561,14.844480194937546,39,-16
56,97,Randy Arozarena,SEA,OF,OF,318.79082953170064,303.969866712413,14.820962819287615,56,0
57,98,Freddie Freeman,LAD,1B,1B,344.85346248939413,330.560623998163,14.292838491231123,31,-26
58,100,Corey Seager,TEX,SS,SS,332.89962994797366,319.1737385693561,13.725891378617575,41,-17
59,101,Otto Lopez,MIA,SS/2B,2B,301.7134387828613,319.1737385693561,13.560005354450709,82,23
60,102,Jackson Chourio,MIL,OF,OF,317.5112363247053,303.969866712413,13.541369612292272,57,-3
61,103,Agustin Ramirez,MIA,C/DH,C,292.7199682494044,280.4991463540764,12.220821895328015,97,36
62,104,Ernie Clement,TOR,3B/2B/SS,2B,299.3206033040703,319.1737385693561,11.167169875659681,89,27
63,106,Riley Greene,DET,OF/DH,OF,314.84768653996764,303.969866712413,10.877819827554617,59,-4
64,107,Carlos Correa,HOU,SS/3B,3B,308.38237725425273,319.1737385693561,10.832598181045284,69,5
65,108,Jeff McNeil,ATH,2B/OF,2B,298.78698715844064,288.1534334284106,10.63355373003003,92,27
66,109,Seiya Suzuki,CHC,OF/DH,OF,314.37680869933087,303.969866712413,10.406941986917843,61,-5
68,110,Yainer Diaz,HOU,C/DH,C,290.49698862463924,280.4991463540764,9.997842270562842,101,33
69,111,Kyle Schwarber,PHI,DH,UTIL,340.25028892235207,330.560623998163,9.68966492418906,33,-36
70,112,Nolan Schanuel,LAA,1B,1B,339.8067255980543,330.560623998163,9.24610159989129,34,-36
71,114,Daylen Lile,WSN,OF,OF,312.4590487170906,303.969866712413,8.48918200467756,63,-8
72,115,Tyler Soderstrom,ATH,OF/1B,OF,310.59453937102893,330.560623998163,6.624672658615907,67,-5
73,117,Adley Rutschman,BAL,C,C,285.72324692666615,280.4991463540764,5.224100572589748,109,36
74,118,Zach Neto,LAA,SS,SS,324.0506081531887,319.1737385693561,4.876869583832615,51,-23
75,119,Heliot Ramos,SFG,OF,OF,308.16433754522006,303.969866712413,4.194470832807042,70,-5
76,122,Taylor Ward,BAL,OF,OF,307.0150569422112,303.969866712413,3.045190229798152,72,-4
77,125,Brandon Nimmo,TEX,OF,OF,306.1810162811682,303.969866712413,2.211149568755161,73,-4
78,126,Alec Bohm,PHI,3B,3B,298.9510668909071,297.54977907320745,1.4012878176996537,90,12
79,127,Hunter Goodman,COL,C/DH,C,281.57783754552605,280.4991463540764,1.07869119144965,116,37
80,129,Jakob Marsee,MIA,OF,OF,304.61310787996666,303.969866712413,0.64324116755364,75,-5
81,130,Wyatt Langford,TEX,OF,OF,304.23373279494695,303.969866712413,0.26386608253392296,77,-4
82,131,Roman Anthony,BOS,OF,OF,304.2083051725086,303.969866712413,0.23843846009555136,78,-4
83,133,Rafael Devers,SFG,1B/DH,1B,330.68044669900115,330.560623998163,0.11982270083814228,42,-41
84,134,Jose Altuve,HOU,2B/OF/DH,2B,288.03557585817146,288.1534334284106,-0.11785757023915266,106,22
85,136,Alejandro Kirk,TOR,C,C,279.14432967673866,280.4991463540764,-1.3548166773377375,118,33
86,137,Xavier Edwards,MIA,2B/SS,2B,286.7503590617288,319.1737385693561,-1.4030743666818353,108,22
87,139,Jazz Chisholm Jr.,NYY,2B/3B,2B,285.62078989330394,288.1534334284106,-2.532643535106672,110,23
88,141,Jorge Polanco,NYM,2B/DH,2B,284.9453972099052,288.1534334284106,-3.2080362185054128,112,24
89,142,Jo Adell,LAA,OF,OF,300.6131714334748,303.969866712413,-3.3566952789382185,85,-4
90,144,Kyle Stowers,MIA,OF,OF,300.0128245068975,303.969866712413,-3.9570422055155063,87,-3
91,145,Bryan Reynolds,PIT,OF/DH,OF,299.532201448794,303.969866712413,-4.43766526361901,88,-3
92,146,Willy Adames,SFG,SS,SS,314.50459981781853,319.1737385693561,-4.6691387515375595,60,-32
93,147,Bryson Stott,PHI,2B,2B,283.3784170222318,288.1534334284106,-4.775016406178793,114,21
94,148,Bryce Harper,PHI,1B,1B,325.12900331298994,330.560623998163,-5.431620685173073,49,-45
95,150,Ezequiel Tovar,COL,SS,SS,312.99675172803046,319.1737385693561,-6.176986841325629,62,-33
96,151,Marcus Semien,NYM,2B,2B,281.9188857775332,288.1534334284106,-6.234547650877403,115,19
97,153,Miguel Vargas,CHW,3B/1B,3B,290.43151655607016,297.54977907320745,-7.118262517137282,102,5
98,155,Elly De La Cruz,CIN,SS,SS,311.41710319976914,319.1737385693561,-7.756635369586945,66,-32
99,159,Nolan Arenado,ARI,3B,3B,288.44390221221016,297.54977907320745,-9.105876860997284,104,5
100,160,Michael Harris II,ATL,OF,OF,294.8075880799844,303.969866712413,-9.162278632428638,95,-5
101,161,Caleb Durbin,BOS,3B,3B,287.4783998996013,297.54977907320745,-10.071379173606147,107,6
102,164,Xander Bogaerts,SDP,SS,SS,307.49185633479726,319.1737385693561,-11.681882234558827,71,-31
103,165,James Wood,WSN,OF/DH,OF,291.83472197714366,303.969866712413,-12.135144735269364,100,-3
104,170,CJ Abrams,WSN,SS,SS,304.4680182473929,319.1737385693561,-14.705720321963213,76,-28
105,171,Will Smith,LAD,C,C,265.5533289968118,280.4991463540764,-14.945817357264616,136,31
106,173,Andy Pages,LAD,OF,OF,288.39549351617995,303.969866712413,-15.574373196233068,105,-1
107,175,Brandon Lowe,PIT,2B,2B,271.4101314700958,288.1534334284106,-16.743301958314817,124,17
108,176,Luke Keaschall,MIN,2B,2B,270.5058161567542,288.1534334284106,-17.64761727165643,128,20
109,177,Masyn Winn,STL,SS,SS,301.30052456392093,319.1737385693561,-17.87321400543516,84,-25
110,179,Michael Busch,CHC,1B,1B,312.3334818913757,330.560623998163,-18.227142106787312,64,-46
111,180,Jake Cronenworth,SDP,2B,2B,269.3194829840587,288.1534334284106,-18.8339504443519,129,18
112,181,Dansby Swanson,CHC,SS,SS,300.1442300999667,319.1737385693561,-19.029508469389384,86,-26
113,182,Kazuma Okamoto,TOR,3B,3B,278.4332334680327,297.54977907320745,-19.116545605174736,120,7
114,183,Trea Turner,PHI,SS,SS,298.7971716577605,319.1737385693561,-20.376566911595603,91,-23
115,186,Luis Arraez,SFG,1B/DH,1B,309.38368069921813,330.560623998163,-21.176943298944877,68,-47
116,187,Ceddanne Rafaela,BOS,OF/2B,2B,266.69422312458545,288.1534334284106,-21.45921030382516,135,19
117,190,Gabriel Moreno,ARI,C,C,257.80854104363124,280.4991463540764,-22.690605310445164,149,32
118,191,Kerry Carpenter,DET,OF/DH,OF,279.42464519697506,303.969866712413,-24.54522151543796,117,-1
119,193,Sal Frelick,MIL,OF,OF,278.7758222918944,303.969866712413,-25.194044420518594,119,0
120,196,Munetaka Murakami,CHW,3B,3B,271.36858470333186,297.54977907320745,-26.181194369875584,125,5
121,198,Marcell Ozuna,ATL,DH,UTIL,302.441613926034,330.560623998163,-28.119010072129015,79,-42
122,199,Jonathan Aranda,TBR,1B,1B,301.9499095309853,330.560623998163,-28.61071446717773,81,-41
123,200,Ivan Herrera,STL,DH,UTIL,301.66496132209005,330.560623998163,-28.89566267607296,83,-40
124,201,Addison Barger,TOR,3B/OF,3B,268.1311514885026,297.54977907320745,-29.418627584704836,133,9
125,203,Andres Gimenez,TOR,2B,2B,257.92282178546895,288.1534334284106,-30.230611642941653,147,22
126,204,Jonathan India,KCR,2B/3B/OF/DH,2B,257.87780492294206,288.1534334284106,-30.275628505468546,148,22
127,208,Teoscar Hernandez,LAD,OF,OF,271.20671921248595,303.969866712413,-32.76314749992707,126,-1
128,209,Gavin Sheets,SDP,LF,OF,271.098621336271,303.969866712413,-32.87124537614204,127,-1
129,210,J.P. Crawford,SEA,SS,SS,284.76137443790697,319.1737385693561,-34.412364131449124,113,-16
130,211,Ryan O'Hearn,PIT,1B/OF/DH,OF,269.0990781198079,330.560623998163,-34.870788592605095,130,0
131,215,Colt Keith,DET,2B/3B/DH,2B,252.3580464895209,288.1534334284106,-35.79538693888972,159,28
132,217,Christian Yelich,MIL,DH,UTIL,294.5468542646365,330.560623998163,-36.01376973352649,96,-36
133,218,TJ Friedl,CIN,OF,OF,267.7884394444133,303.969866712413,-36.18142726799971,134,1
134,220,Willson Contreras,BOS,1B,1B,292.5207840397277,330.560623998163,-38.03983995843532,98,-36
135,221,Spencer Torkelson,DET,1B,1B,292.2870011673166,330.560623998163,-38.27362283084642,99,-36
136,222,Adolis Garcia,PHI,OF,OF,265.3631297945627,303.969866712413,-38.6067369178503,137,1
137,223,Ramon Laureano,SDP,RF,OF,264.9658416960562,303.969866712413,-39.00402501635682,138,1
138,226,Sal Stewart,CIN,3B,3B,257.65400068406785,297.54977907320745,-39.89577838913959,150,12
139,227,Ryan Jeffers,MIN,C,C,240.31417567110503,280.4991463540764,-40.18497068297137,171,32
140,229,Jackson Holliday,BAL,2B,2B,247.0997676705459,288.1534334284106,-41.05366575786471,166,26
141,232,Jacob Wilson,ATH,SS,SS,277.53514521776816,319.1737385693561,-41.63859335158793,121,-20
142,233,Paul Goldschmidt,NYY,1B,1B,288.7421363337316,330.560623998163,-41.818487664431416,103,-39
143,234,Lars Nootbaar,STL,LF,OF,262.0271272250015,303.969866712413,-41.94273948741153,141,-2
144,235,Wilyer Abreu,BOS,OF,OF,261.2363011540863,303.969866712413,-42.733565558326745,144,0
145,240,Trent Grisham,NYY,OF,OF,260.08589802822075,303.969866712413,-43.88396868419227,145,0
146,241,Isaac Paredes,HOU,3B,3B,253.61181945261671,297.54977907320745,-43.93795962059073,158,12
147,244,Lawrence Butler,ATH,OF,OF,259.09059661916876,303.969866712413,-44.87927009324426,146,-1
148,245,Josh Bell,MIN,1B,1B,285.37996699622926,330.560623998163,-45.18065700193375,111,-37
149,246,Oneil Cruz,PIT,OF,OF,257.4973052436949,303.969866712413,-46.47256146871814,151,2
150,247,Mike Trout,LAA,OF/DH,OF,257.1918416396356,303.969866712413,-46.77802507277744,152,2
151,248,Byron Buxton,MIN,OF,OF,256.68985892782433,303.969866712413,-47.28000778458869,153,2
152,249,Mickey Moniak,COL,RF,OF,255.75092272984523,303.969866712413,-48.218943982567794,154,2
153,250,Noelvi Marte,CIN,OF/3B,3B,249.31337058830573,297.54977907320745,-48.236408484901716,162,9
154,251,Dylan Crews,WSN,OF,OF,255.5943728882107,303.969866712413,-48.37549382420232,155,1
155,254,Brenton Doyle,COL,OF,OF,254.7790223735175,303.969866712413,-49.190844338895516,156,1
156,257,Eugenio Suarez,CIN,3B,3B,248.13995938727183,297.54977907320745,-49.40981968593562,164,8
157,259,Josh Jung,TEX,3B,3B,247.9307244902373,297.54977907320745,-49.619054582970136,165,8
158,260,Andrew Benintendi,CHW,OF/DH,OF,253.818539132699,303.969866712413,-50.151327579714035,157,-1
159,261,Royce Lewis,MIN,3B,3B,246.7994537138937,297.54977907320745,-50.750325359313734,168,9
160,262,Brooks Lee,MIN,3B,3B,244.95404706853105,297.54977907320745,-52.59573200467639,170,10
161,263,Jac Caglianone,KCR,RF,OF,251.15084734938708,303.969866712413,-52.819019363025944,160,-1
162,266,Nick Kurtz,ATH,1B,1B,276.61129637621605,330.560623998163,-53.94932762194696,122,-40
163,267,Andrew Vaughn,MIL,1B,1B,276.3311051694181,330.560623998163,-54.229518828744915,123,-40
164,268,Luis Robert Jr.,NYM,OF,OF,249.40602428111202,303.969866712413,-54.563842431301,161,-3
165,271,Joey Ortiz,MIL,SS,SS,263.980605175848,319.1737385693561,-55.193133393508106,139,-26
166,272,Daulton Varsho,TOR,OF,OF,248.31737512198146,303.969866712413,-55.652491590431566,163,-3
167,274,Chase Meidroth,CHW,SS,SS,262.3640693223981,319.1737385693561,-56.80966924695798,140,-27
168,276,Colson Montgomery,CHW,SS,SS,261.8533357756824,319.1737385693561,-57.32040279367368,142,-26
169,279,Matt Wallner,MIN,RF,OF,246.27541009768552,303.969866712413,-57.6944566147275,169,0
170,280,Lenyn Sosa,CHW,2B,2B,230.2103313162219,288.1534334284106,-57.94310211218871,176,6
171,283,Dillon Dingler,DET,C,C,221.10279773386853,280.4991463540764,-59.396348620207874,187,16
172,285,Kyle Teel,CHW,C,C,218.95622858862058,280.4991463540764,-61.542917765455826,188,16
173,286,J.T. Realmuto,PHI,C,C,218.90755232165878,280.4991463540764,-61.59159403241762,189,16
174,287,Jake Burger,TEX,1B,1B,268.6416343713746,330.560623998163,-61.9189896267884,131,-43
175,288,Kyle Manzardo,CLE,1B,1B,268.5307043222603,330.560623998163,-62.029919675902704,132,-43
176,290,Max Muncy,LAD,3B,3B,234.7846198138349,297.54977907320745,-62.76515925937255,175,-1
176,668,Max Muncy,LAD,3B,3B,234.7846198138349,297.54977907320745,-62.76515925937255,175,-1
177,293,Francisco Alvarez,NYM,C,C,214.83575351616278,280.4991463540764,-65.66339283791362,197,20
178,295,Tommy Edman,LAD,2B/OF,2B,222.11605874482115,288.1534334284106,-66.03737468358946,186,8
179,296,Willi Castro,COL,LF,OF,236.92897609716118,303.969866712413,-67.04089061525184,172,-7
180,298,Ke'Bryan Hayes,CIN,3B,3B,229.781620815008,297.54977907320745,-67.76815825819943,177,-3
181,299,Brett Baty,NYM,3B,3B,229.65160753636226,297.54977907320745,-67.89817153684518,178,-3
182,301,Wenceel Perez,DET,RF,OF,235.67222659728984,303.969866712413,-68.29764011512319,174,-8
183,303,Christian Walker,HOU,1B,1B,261.455325823443,330.560623998163,-69.10529817472002,143,-40
184,309,Trevor Story,BOS,SS,SS,246.94442598663576,319.1737385693561,-72.22931258272033,167,-17
185,311,Matt McLain,CIN,2B,2B,215.36894428694205,288.1534334284106,-72.78448914146855,194,9
186,316,Patrick Bailey,SFG,C,C,205.56680773160238,280.4991463540764,-74.93233862247402,208,22
187,317,Logan O'Hoppe,LAA,C,C,205.11495191396338,280.4991463540764,-75.38419444011302,209,22
188,318,Brandon Marsh,PHI,CF,OF,227.9928306899418,303.969866712413,-75.97703602247122,179,-9
189,319,Dominic Canzone,SEA,RF,OF,227.08300372136532,303.969866712413,-76.8868629910477,180,-9
190,325,Mike Yastrzemski,ATL,RF,OF,224.0938884604562,303.969866712413,-79.87597825195681,183,-7
191,327,Trevor Larnach,MIN,RF,OF,222.9740564240778,303.969866712413,-80.99581028833524,185,-6
192,330,Mark Vientos,NYM,3B,3B,214.7436250084745,297.54977907320745,-82.80615406473294,198,6
193,335,Chandler Simpson,TBR,OF,OF,218.641184224945,303.969866712413,-85.32868248746803,190,-3
194,337,Jordan Beck,COL,LF,OF,218.4155960612048,303.969866712413,-85.55427065120821,191,-3
195,340,Austin Wells,NYY,C,C,193.56871178158937,280.4991463540764,-86.93043457248703,222,27
196,343,Jonah Heim,TEX,C,C,192.37302359971997,280.4991463540764,-88.12612275435643,223,27
197,345,Cedric Mullins,TBR,OF,OF,215.29637261781235,303.969866712413,-88.67349409460067,195,-2
198,346,Nathan Lukes,TOR,RF,OF,215.0099387507109,303.969866712413,-88.95992796170214,196,-2
199,348,Josh Lowe,LAA,RF,OF,214.17940403201004,303.969866712413,-89.79046268040298,199,0
200,351,Edgar Quero,CHW,C,C,189.7757830794249,280.4991463540764,-90.72336327465149,226,26
201,353,Brady House,WSN,3B,3B,206.1537327669974,297.54977907320745,-91.39604630621005,207,6
202,354,Samuel Basallo,BAL,C,C,189.02504539400667,280.4991463540764,-91.47410096006973,227,25
203,357,Miguel Andujar,SDP,LF,OF,212.27334308889482,303.969866712413,-91.6965236235182,200,-3
204,359,Josh Smith,TEX,SS,SS,226.35284736150618,319.1737385693561,-92.82089120784991,181,-23
205,360,Jordan Walker,STL,RF,OF,210.78531150568963,303.969866712413,-93.18455520672339,201,-4
206,361,Bo Naylor,CLE,C,C,187.12346734366417,280.4991463540764,-93.37567901041223,229,23
207,363,Spencer Horwitz,PIT,1B,1B,236.42479808144662,330.560623998163,-94.13582591671639,173,-34
208,365,Nolan Gorman,STL,2B,2B,193.9637302310242,288.1534334284106,-94.18970319738642,221,13
209,370,Austin Hays,CHW,LF,OF,208.84623476513212,303.969866712413,-95.1236319472809,203,-6
210,374,Christian Moore,LAA,2B,2B,191.77680313420765,288.1534334284106,-96.37663029420295,224,14
211,378,Ryan McMahon,NYY,3B,3B,200.54410280524021,297.54977907320745,-97.00567626796723,213,2
212,379,Colton Cowser,BAL,LF,OF,206.7965159800482,303.969866712413,-97.17335073236481,205,-7
213,380,Jake Meyers,HOU,CF,OF,206.72878031704877,303.969866712413,-97.24108639536425,206,-7
214,384,Zach McKinstry,DET,3B,3B,199.50140347077397,297.54977907320745,-98.04837560243348,214,0
215,388,Parker Meadows,DET,CF,OF,203.9888291235909,303.969866712413,-99.98103758882212,210,-5
216,389,Victor Scott II,STL,CF,OF,203.6426425892604,303.969866712413,-100.32722412315263,211,-5
217,391,Jorge Soler,LAA,RF,OF,203.44507546128997,303.969866712413,-100.52479125112305,212,-5
218,394,Anthony Volpe,NYY,SS,SS,217.92388425969256,319.1737385693561,-101.24985430966353,192,-26
219,396,Jared Triolo,PIT,SS,SS,217.56084692806866,319.1737385693561,-101.61289164128743,193,-26
220,397,Nick Gonzales,PIT,2B,2B,185.95669540588813,288.1534334284106,-102.19673802252248,230,10
221,398,Freddy Fermin,SDP,C,C,178.01358558271227,280.4991463540764,-102.48556077136413,237,16
222,401,Victor Caratini,MIN,C,C,177.19959462771533,280.4991463540764,-103.29955172636107,239,17
223,403,Chase DeLauter,CLE,Unknown,UTIL,225.8360756928332,330.560623998163,-104.72454830532982,182,-41
224,405,Evan Carter,TEX,CF,OF,199.05985965073143,303.969866712413,-104.9100070616816,215,-9
225,407,Carson Kelly,CHC,C,C,175.18918764081272,280.4991463540764,-105.30995871326368,240,15
226,408,Alek Thomas,ARI,CF,OF,198.52293154267846,303.969866712413,-105.44693516973456,216,-10
227,412,Carlos Narvaez,BOS,C,C,174.10984179845718,280.4991463540764,-106.38930455561922,241,14
228,413,Carter Jensen,KCR,C,C,173.97920367164573,280.4991463540764,-106.51994268243067,242,14
229,414,Jesus Sanchez,TOR,Unknown,UTIL,223.76712168871614,330.560623998163,-106.79350230944686,184,-45
230,415,Gavin Lux,TBR,LF,OF,197.07407303872412,303.969866712413,-106.8957936736889,217,-13
231,416,Cole Young,SEA,2B,2B,180.93906209926737,288.1534334284106,-107.21437132914323,234,3
232,418,Harrison Bader,SFG,LF,OF,195.75297514672445,303.969866712413,-108.21689156568857,219,-13
233,420,Brayan Rocchio,CLE,SS,SS,210.48110380691563,319.1737385693561,-108.69263476244046,202,-31
234,421,Moisés Ballesteros,CHC,C,C,171.3636444035325,280.4991463540764,-109.1355019505439,245,11
235,428,Tyler Stephenson,CIN,C,C,169.2977037394087,280.4991463540764,-111.20144261466771,249,14
236,429,Keibert Ruiz,WSN,C,C,168.7901052696941,280.4991463540764,-111.7090410843823,250,14
237,433,Connor Norby,MIA,3B,3B,184.29925518421996,297.54977907320745,-113.25052388898749,231,-6
238,436,Luis Rengifo,MIL,3B,3B,184.03986458900062,297.54977907320745,-113.50991448420683,232,-6
239,438,Dylan Beavers,BAL,RF,OF,189.99113893557828,303.969866712413,-113.97872777683475,225,-14
240,444,Isaac Collins,KCR,LF,OF,187.7809113214385,303.969866712413,-116.18895539097451,228,-12
241,459,Mauricio Dubon,ATL,2B,2B,165.80391054478358,288.1534334284106,-122.34952288362703,255,14
242,460,Kyle Isbel,KCR,CF,OF,181.48845097657917,303.969866712413,-122.48141573583385,233,-9
243,461,JJ Wetherholt,STL,Unknown,UTIL,207.76201114676022,330.560623998163,-122.7986128514028,204,-39
244,467,Brooks Baldwin,CHW,LF,OF,179.32789697516807,303.969866712413,-124.64196973724495,235,-9
245,470,Tyler Freeman,COL,RF,OF,177.9845317067609,303.969866712413,-125.98533500565213,238,-7
246,475,Michael Massey,KCR,2B,2B,159.93876174888766,288.1534334284106,-128.21467167952295,261,15
247,484,Lane Thomas,KCR,CF,OF,173.06417647972862,303.969866712413,-130.9056902326844,243,-4
248,485,Liam Hicks,MIA,C,C,149.17119186271623,280.4991463540764,-131.32795449136017,275,27
249,487,Heriberto Hernandez,MIA,LF,OF,172.479831704599,303.969866712413,-131.49003500781401,244,-5
250,489,Jake McCarthy,COL,CF,OF,171.22228448454777,303.969866712413,-132.74758222786525,246,-4
251,495,Tyler O'Neill,BAL,RF,OF,169.93029869366396,303.969866712413,-134.03956801874907,248,-3
252,496,Yoan Moncada,LAA,3B,3B,163.4646994693503,297.54977907320745,-134.08507960385714,257,5
253,505,Cam Smith,HOU,RF,OF,167.9479367745428,303.969866712413,-136.02192993787023,251,-2
254,506,Joc Pederson,TEX,1B,1B,194.50484836382861,330.560623998163,-136.0557756343344,220,-34
255,508,Austin Martin,MIN,CF,OF,167.5423298766692,303.969866712413,-136.4275368357438,252,-3
256,518,Luisangel Acuna,CHW,2B,2B,149.4552780589111,288.1534334284106,-138.69815536949952,274,18
257,519,Luis Campusano,SDP,C,C,141.7718684058574,280.4991463540764,-138.727277948219,287,30
258,523,Edouard Julien,COL,2B,2B,148.65529476078467,288.1534334284106,-139.49813866762594,276,18
259,525,Kody Clemens,MIN,2B,2B,148.5740761728504,288.1534334284106,-139.5793572555602,277,18
260,528,Michael Conforto,LAD,LF,OF,163.80654151204462,303.969866712413,-140.1633252003684,256,-4
261,530,Nick Fortes,TBR,C,C,139.8311727549581,280.4991463540764,-140.6679735991183,292,31
262,531,Jake Fraley,TBR,RF,OF,163.158501375561,303.969866712413,-140.81136533685202,258,-4
263,532,Tommy Pham,PIT,LF,OF,163.07648072014644,303.969866712413,-140.8933859922666,259,-4
264,539,Davis Schneider,TOR,LF,OF,161.101801928598,303.969866712413,-142.86806478381502,260,-4
265,549,Marcelo Mayer,BOS,3B,3B,150.89679113756543,297.54977907320745,-146.65298793564202,273,8
266,550,Victor Robles,SEA,RF,OF,157.2702707633612,303.969866712413,-146.69959594905183,265,-1
267,551,Owen Caissie,MIA,RF,OF,157.20716580870518,303.969866712413,-146.76270090370784,266,-1
268,553,Danny Jansen,TEX,C,C,133.617499709126,280.4991463540764,-146.8816466449504,300,32
269,555,Miguel Amaya,CHC,C,C,133.29883943721603,280.4991463540764,-147.20030691686037,301,32
270,557,Gabriel Arias,CLE,SS,SS,170.89901873454303,319.1737385693561,-148.27471983481306,247,-23
271,563,Casey Schmitt,SFG,3B,3B,147.41086036171043,297.54977907320745,-150.138918711497,280,9
272,566,Mike Tauchman,CHW,RF,OF,152.81454049752244,303.969866712413,-151.15532621489058,271,-1
273,567,Jacob Young,WSN,CF,OF,152.76297699665548,303.969866712413,-151.20688971575754,272,-1
274,570,Sean Murphy,ATL,C,C,128.809469840592,280.4991463540764,-151.68967651348441,309,35
275,571,Pavin Smith,ARI,1B,1B,178.38250690440873,330.560623998163,-152.17811709375428,236,-39
276,573,Joey Bart,PIT,C,C,127.52767671311479,280.4991463540764,-152.97146964096163,315,39
277,582,Kyle Higashioka,TEX,C,C,125.57594571204824,280.4991463540764,-154.92320064202818,318,41
278,588,George Valera,CLE,RF,OF,147.80888287819005,303.969866712413,-156.16098383422298,278,0
279,591,Jose Trevino,CIN,C,C,123.71015131820592,280.4991463540764,-156.78899503587047,323,44
280,592,Thomas Saggese,STL,2B,2B,130.77852768433542,288.1534334284106,-157.3749057440752,303,23
281,593,Lourdes Gurriel Jr.,ARI,LF,OF,146.57412796339403,303.969866712413,-157.395738749019,281,0
282,600,Pedro Pages,STL,C,C,120.63376993144286,280.4991463540764,-159.86537642263355,330,48
283,603,Graham Pauley,MIA,3B,3B,137.5002909557956,297.54977907320745,-160.04948811741184,293,10
284,604,Ha-seong Kim,ATL,SS,SS,158.97962021872524,319.1737385693561,-160.19411835063084,262,-22
285,606,Jake Mangum,PIT,LF,OF,143.3430726930855,303.969866712413,-160.62679401932752,283,-2
286,607,Nick Castellanos,SDP,RF,OF,143.07542406139075,303.969866712413,-160.89444265102227,284,-2
287,611,Andrew McCutchen,PIT,RF,OF,142.5492573013224,303.969866712413,-161.42060941109062,286,-1
288,612,Javier Sanoja,MIA,2B,2B,126.48081857712381,288.1534334284106,-161.6726148512868,316,28
289,616,Javier Baez,DET,CF,OF,141.51377399285764,303.969866712413,-162.4560927195554,288,-1
290,617,Amed Rosario,NYY,3B,3B,134.97862507853472,297.54977907320745,-162.57115399467273,297,7
291,620,Thairo Estrada,COL,2B,2B,125.17017304715097,288.1534334284106,-162.98326038125964,320,29
292,622,Jesse Winker,,LF,OF,140.87450172668161,303.969866712413,-163.0953649857314,289,-3
293,624,Rhys Hoskins,MIL,1B,1B,167.24819875934168,330.560623998163,-163.31242523882133,253,-40
294,625,Kyle Farmer,COL,2B,2B,123.83773661593648,288.1534334284106,-164.31569681247413,322,28
295,626,C.J. Kayfus,CLE,1B,1B,166.185771043521,330.560623998163,-164.37485295464202,254,-41
296,627,Luis Torrens,NYM,C,C,115.19933049559835,280.4991463540764,-165.29981585847804,335,39
297,629,Matt Shaw,CHC,3B,3B,131.8711435553928,297.54977907320745,-165.67863551781466,302,5
298,630,Adam Frazier,- - -,2B,2B,122.42608014105454,288.1534334284106,-165.72735328735607,326,28
299,635,Tyrone Taylor,NYM,CF,OF,137.06632727441126,303.969866712413,-166.90353943800176,295,-4
300,638,Randal Grichuk,- - -,RF,OF,136.85547579458253,303.969866712413,-167.1143909178305,296,-4
301,641,Harry Ford,WSN,C,C,111.97460748813904,280.4991463540764,-168.52453886593736,341,40
302,645,José Fermín,STL,2B,2B,118.73663090183557,288.1534334284106,-169.41680252657505,331,29
303,647,Garrett Mitchell,MIL,CF,OF,134.05488150060356,303.969866712413,-169.91498521180947,298,-5
304,650,Konnor Griffin,PIT,Unknown,UTIL,158.95232073525776,330.560623998163,-171.60830326290525,263,-41
305,654,Giancarlo Stanton,NYY,DH,UTIL,158.67272598456736,330.560623998163,-171.88789801359565,264,-41
306,660,Bryce Eldridge,SFG,1B,1B,156.8439381348955,330.560623998163,-173.71668586326751,267,-39
307,661,Carlos Santana,ARI,1B,1B,156.79467914073945,330.560623998163,-173.76594485742356,268,-39
308,662,Denzel Clarke,ATH,CF,OF,130.1365740393143,303.969866712413,-173.83329267309873,304,-4
309,663,JJ Bleday,CIN,CF,OF,129.1839659111763,303.969866712413,-174.78590080123672,305,-4
310,664,Jonny DeLuca,TBR,CF,OF,129.06002394046536,303.969866712413,-174.90984277194767,306,-4
311,290,Max Muncy,ATH,3B,3B,122.40407045391885,297.54977907320745,-175.1457086192886,327,16
311,668,Max Muncy,ATH,3B,3B,122.40407045391885,297.54977907320745,-175.1457086192886,327,16
312,669,Matt Vierling,DET,CF,OF,128.7757235732086,303.969866712413,-175.1941431392044,310,-2
313,670,Nathaniel Lowe,CIN,1B,1B,155.09901251071807,330.560623998163,-175.46161148744494,269,-44
314,671,Angel Martinez,CLE,CF,OF,128.2941938632712,303.969866712413,-175.67567284914182,313,-1
315,672,Michael A. Taylor,CHW,RF,OF,128.1235079185109,303.969866712413,-175.8463587939021,314,-1
316,676,Ty France,- - -,1B,1B,153.49520331837115,330.560623998163,-177.06542067979186,270,-46
317,679,Troy Johnston,COL,OF,OF,125.53432679047987,303.969866712413,-178.43553992193316,319,2
318,681,Jose Caballero,NYY,SS,SS,139.87364410791076,319.1737385693561,-179.30009446144533,291,-27
319,682,Henry Davis,PIT,C,C,101.06683641739527,280.4991463540764,-179.43230993668112,354,35
320,684,Christopher Morel,MIA,LF,OF,123.98355511261111,303.969866712413,-179.98631159980192,321,1
321,688,Griffin Conine,MIA,LF,OF,122.66657968765772,303.969866712413,-181.30328702475532,325,4
322,692,Miguel Rojas,LAD,2B,2B,105.16064639390078,288.1534334284106,-182.99278703450983,349,27
323,693,Romy Gonzalez,BOS,1B,1B,147.44712248154116,330.560623998163,-183.11350151662185,279,-44
324,694,Will Benson,CIN,LF,OF,120.75963947554233,303.969866712413,-183.2102272368707,329,5
325,698,Kevin McGonigle,DET,Unknown,UTIL,146.350142560234,330.560623998163,-184.21048143792902,282,-43
326,702,Jose Tena,WSN,3B,3B,111.39844624315755,297.54977907320745,-186.1513328300499,342,16
327,706,Edmundo Sosa,PHI,2B,2B,101.46386322559593,288.1534334284106,-186.68957020281468,353,26
328,709,Starling Marte,NYM,LF,OF,116.49698257313264,303.969866712413,-187.47288413928038,333,5
329,710,Jake Bauers,MIL,1B,1B,142.87731306356437,330.560623998163,-187.68331093459864,285,-44
330,714,Rob Refsnyder,SEA,RF,OF,115.40683811817904,303.969866712413,-188.56302859423397,334,4
331,720,Zach Cole,HOU,CF,OF,113.91658733213988,303.969866712413,-190.05327938027312,336,5
332,723,Travis d'Arnaud,LAA,C,C,90.39285108173463,280.4991463540764,-190.10629527234175,369,37
333,724,Taylor Walls,TBR,SS,SS,129.0239728852558,319.1737385693561,-190.1497656841003,307,-26
334,725,Masataka Yoshida,BOS,LF,OF,113.73746088227466,303.969866712413,-190.23240583013836,338,4
335,726,Carson Williams,TBR,SS,SS,128.89676206829512,319.1737385693561,-190.27697650106097,308,-27
336,727,Rowdy Tellez,- - -,1B,1B,139.9314210575835,330.560623998163,-190.62920294057952,290,-46
337,728,Hunter Feduccia,TBR,C,C,89.77750429047599,280.4991463540764,-190.72164206360043,370,33
338,729,Nasim Nuñez,WSN,SS,SS,128.41334366661167,319.1737385693561,-190.76039490274442,312,-26
339,733,Dane Myers,CIN,CF,OF,111.98943659933211,303.969866712413,-191.9804301130809,340,1
340,735,Justin Crawford,PHI,Unknown,UTIL,137.38571718716253,330.560623998163,-193.17490681100048,294,-46
341,739,Jasson Dominguez,NYY,OF,OF,109.98135384582754,303.969866712413,-193.9885128665855,343,2
342,740,Connor Wong,BOS,C,C,86.06608241432961,280.4991463540764,-194.43306393974677,376,34
343,741,Daniel Schneemann,CLE,2B,2B,93.59172875023833,288.1534334284106,-194.56170467817228,362,19
344,743,Yohel Pozo,STL,C,C,85.21509614135468,280.4991463540764,-195.28405021272172,378,34
345,745,James McCann,ARI,C,C,84.82524591203902,280.4991463540764,-195.6739004420374,380,35
346,746,Blaze Alexander,BAL,SS,SS,123.06423742227071,319.1737385693561,-196.10950114708538,324,-22
347,747,Braxton Fulford,COL,C,C,84.30377271972738,280.4991463540764,-196.19537363434904,382,35
348,749,Vaughn Grissom,LAA,Unknown,UTIL,133.85107005103237,330.560623998163,-196.70955394713064,299,-49
349,750,Luke Raley,SEA,RF,OF,107.1273703089248,303.969866712413,-196.8424964034882,346,-3
350,752,Alex Verdugo,ATL,LF,OF,106.8280410615087,303.969866712413,-197.1418256509043,347,-3
351,753,Adrian Del Castillo,ARI,C,C,83.06492764144552,280.4991463540764,-197.43421871263087,386,35
352,754,Jordan Lawlar,ARI,SS,SS,121.66467860409627,319.1737385693561,-197.50905996525984,328,-24
353,760,Christian Vazquez,MIN,C,C,80.48037861740312,280.4991463540764,-200.01876773667328,393,40
354,761,Ezequiel Duran,TEX,SS,SS,118.51400663186784,319.1737385693561,-200.65973193748823,332,-22
355,762,Oswald Peraza,LAA,3B,3B,96.3496458025843,297.54977907320745,-201.20013327062316,356,1
356,763,Colby Thomas,ATH,RF,OF,102.76383304888742,303.969866712413,-201.2060336635256,351,-5
357,765,Jhostynxon Garcia,PIT,CF,OF,102.26452054104297,303.969866712413,-201.70534617137005,352,-5
358,766,Sung-Mun Song,SDP,Unknown,UTIL,128.757837776096,330.560623998163,-201.802786222067,311,-47
359,768,Ben Williamson,TBR,3B,3B,95.31282449340432,297.54977907320745,-202.23695457980313,357,-2
360,776,David Hamilton,MIL,2B,2B,84.37172350808521,288.1534334284106,-203.7817099203254,381,21
361,778,Andrés Chaparro,WSN,1B,1B,125.69941136370038,330.560623998163,-204.86121263446262,317,-44
362,781,Mitch Garver,SEA,C,C,75.58793851866601,280.4991463540764,-204.91120783541038,404,42
363,785,Jose Iglesias,SDP,2B,2B,82.46103120587544,288.1534334284106,-205.69240222253518,389,26
364,787,Jake Rogers,DET,C,C,74.45814685135588,280.4991463540764,-206.04099950272052,408,44
365,788,Cody Freeman,TEX,3B,3B,91.06522354542459,297.54977907320745,-206.48455552778285,367,2
366,795,Darell Hernaiz,ATH,3B,3B,89.32605273000281,297.54977907320745,-208.22372634320465,372,6
367,798,Drew Gilbert,SFG,CF,OF,95.04254515185178,303.969866712413,-208.92732156056124,358,-9
368,799,Sam Haggerty,TEX,CF,OF,94.38007437139123,303.969866712413,-209.5897923410218,359,-9
369,800,Santiago Espinal,CIN,3B,3B,87.57123986200303,297.54977907320745,-209.9785392112044,374,5
370,801,Blake Perkins,MIL,CF,OF,93.94750707362326,303.969866712413,-210.02235963878977,361,-9
371,802,Alexander Canario,PIT,LF,OF,93.36449741861145,303.969866712413,-210.60536929380157,363,-8
372,804,Robert Hassell III,WSN,CF,OF,93.27613298431014,303.969866712413,-210.69373372810287,364,-8
373,806,Jeremiah Jackson,BAL,2B,2B,76.99093579797984,288.1534334284106,-211.16249763043078,401,28
374,807,Dalton Rushing,LAD,C,C,68.6306995702343,280.4991463540764,-211.8684467838421,414,40
375,808,Nathan Church,STL,LF,OF,92.02659131229701,303.969866712413,-211.94327540011602,366,-9
376,813,Luis Urias,ATH,2B,2B,74.30034879444706,288.1534334284106,-213.85308463396353,409,33
377,814,Gio Urshela,ATH,3B,3B,83.60145636113299,297.54977907320745,-213.94832271207446,383,6
378,815,Kyle Karros,COL,3B,3B,83.33170980180803,297.54977907320745,-214.21806927139943,384,6
379,817,J.C. Escarra,NYY,C,C,65.9044492995269,280.4991463540764,-214.5946970545495,419,40
380,822,Rafael Marchan,PHI,C,C,64.96891709066787,280.4991463540764,-215.53022926340853,421,41
381,823,Jahmai Jones,DET,RF,OF,88.18550672643083,303.969866712413,-215.78435998598218,373,-8
382,825,Tyler Austin,CHC,Unknown,UTIL,113.75295566468608,330.560623998163,-216.80766833347693,337,-45
383,826,Tyler Heineman,TOR,C,C,63.66434026876094,280.4991463540764,-216.83480608531545,424,41
384,827,Dominic Smith,SFG,1B,1B,113.71489686796848,330.560623998163,-216.84572713019452,339,-45
385,829,Oswaldo Cabrera,NYY,3B,3B,79.96183837999864,297.54977907320745,-217.5879406932088,395,10
386,833,Alex Call,LAD,RF,OF,85.18942251773,303.969866712413,-218.780444194683,379,-7
387,842,Leo Rivas,SEA,2B,2B,67.92759555311734,288.1534334284106,-220.22583787529328,415,28
388,845,Jon Berti,CHC,3B,3B,76.87922113640684,297.54977907320745,-220.6705579368006,403,15
389,846,Myles Straw,TOR,CF,OF,83.1324101700511,303.969866712413,-220.8374565423619,385,-4
390,847,Carson Benge,NYM,Unknown,UTIL,109.60356588942066,330.560623998163,-220.95705810874233,344,-46
391,848,Wilmer Flores,SFG,1B,1B,109.55724903883389,330.560623998163,-221.0033749593291,345,-46
392,849,Justyn-Henry Malloy,TBR,RF,OF,82.91773349713255,303.969866712413,-221.0521332152805,387,-5
393,853,Bryce Teodosio,LAA,CF,OF,81.81539110242797,303.969866712413,-222.15447560998507,390,-3
394,854,James Outman,MIN,CF,OF,81.72881151047685,303.969866712413,-222.24105520193618,391,-3
395,855,Chris Taylor,LAA,CF,OF,81.5607362278937,303.969866712413,-222.40913048451932,392,-3
396,857,Austin Wynns,ATH,C,C,57.13355573342773,280.4991463540764,-223.36559062064867,431,35
397,860,Adael Amador,COL,2B,2B,64.44504080866568,288.1534334284106,-223.70839261974493,422,25
398,861,Drew Millas,WSN,C,C,56.781194483438036,280.4991463540764,-223.71795187063836,433,35
399,862,Ramon Urias,- - -,Unknown,UTIL,106.76648356122573,330.560623998163,-223.79414043693728,348,-51
400,863,Tim Tawa,ARI,2B,2B,64.06478005114508,288.1534334284106,-224.08865337726553,423,23
401,865,Max Kepler,PHI,LF,OF,79.3233355838234,303.969866712413,-224.64653112858963,396,-5
402,866,Isiah Kiner-Falefa,BOS,SS,SS,94.20323963815314,319.1737385693561,-224.97049893120294,360,-42
403,869,Hyeseong Kim,LAD,2B,2B,62.406878429520866,288.1534334284106,-225.74655499888974,425,22
404,870,Richie Palacios,TBR,LF,OF,77.96682498387699,303.969866712413,-226.00304172853603,398,-6
405,871,Martin Maldonado,SDP,C,C,54.284225126351785,280.4991463540764,-226.21492122772463,438,33
406,872,Luis Matos,SFG,RF,OF,77.58245920323152,303.969866712413,-226.38740750918151,399,-7
407,875,Enrique Hernandez,LAD,1B,1B,103.64883290818273,330.560623998163,-226.91179108998028,350,-57
408,876,Everson Pereira,CHW,CF,OF,76.93896542049411,303.969866712413,-227.0309012919189,402,-6
409,880,Zack Gelof,ATH,2B,2B,58.98671324615592,288.1534334284106,-229.1667201822547,430,21
410,881,Johnathan Rodríguez,CLE,RF,OF,74.65455674564573,303.969866712413,-229.3153099667673,407,-3
411,883,Elias Diaz,SDP,C,C,50.64641118990924,280.4991463540764,-229.85273516416717,446,35
412,884,Brett Harris,ATH,3B,3B,67.62686682011069,297.54977907320745,-229.92291225309674,416,4
413,886,Jacob Stallings,- - -,C,C,50.30400049464574,280.4991463540764,-230.19514585943065,448,35
414,887,Alan Roden,MIN,LF,OF,72.37682686240724,303.969866712413,-231.59303985000577,410,-4
415,889,Anthony Santander,TOR,OF/DH,OF,72.0161332134176,303.969866712413,-231.9537334989954,411,-4
416,890,Reese McGuire,MIL,C,C,48.49187984354358,280.4991463540764,-232.00726651053282,450,34
417,892,Colt Emerson,SEA,Unknown,UTIL,98.36268263403615,330.560623998163,-232.19794136412685,355,-62
418,894,Austin Hedges,CLE,C,C,47.7577107494399,280.4991463540764,-232.7414356046365,451,33
419,895,Austin Slater,- - -,LF,OF,70.85283457764254,303.969866712413,-233.11703213477048,412,-7
420,899,DJ LeMahieu,NYY,2B,2B,53.204329322233775,288.1534334284106,-234.94910410617683,441,21
421,900,Gary Sanchez,BAL,C,C,45.27095485502594,280.4991463540764,-235.22819149905047,455,34
422,901,Kristian Campbell,BOS,2B,2B,52.85231011899402,288.1534334284106,-235.3011233094166,443,21
423,902,Ildemaro Vargas,ARI,2B,2B,52.6727578402642,288.1534334284106,-235.48067558814643,445,22
424,904,Ronny Mauricio,NYM,3B,3B,61.38646700360912,297.54977907320745,-236.16331206959833,429,5
425,905,Nick Loftin,KCR,LF,OF,67.61429534290185,303.969866712413,-236.35557136951115,417,-8
426,908,Justin Turner,CHC,1B,1B,93.02579044337513,330.560623998163,-237.5348335547879,365,-61
427,910,Michael Helman,TEX,CF,OF,66.01305588362065,303.969866712413,-237.95681082879236,418,-9
428,912,Andy Ibanez,ATH,Unknown,UTIL,90.81633209707876,330.560623998163,-239.74429190108424,368,-60
429,914,Otto Kemp,PHI,1B,1B,89.38563277373258,330.560623998163,-241.1749912244304,371,-58
430,915,Ryan Ritter,COL,SS,SS,77.37768366446828,319.1737385693561,-241.7960549048878,400,-30
431,918,Christian Koss,SFG,2B,2B,45.715581584828854,288.1534334284106,-242.43785184358177,453,22
432,920,Will Wagner,SDP,3B,3B,54.918907644205035,297.54977907320745,-242.6308714290024,435,3
433,924,Blaine Crim,COL,1B,1B,86.27186349925684,330.560623998163,-244.28876049890619,375,-58
434,926,David Fry,CLE,1B,1B,85.97101107382458,330.560623998163,-244.58961292433844,377,-57
435,931,John Rave,KCR,RF,OF,57.10527088605704,303.969866712413,-246.86459582635598,432,-3
436,932,Warming Bernabel,WSN,3B,3B,50.514338360194564,297.54977907320745,-247.0354407130129,447,11
437,933,Riley Adams,WSN,C,C,33.406848445240165,280.4991463540764,-247.09229790883623,470,33
438,936,Dylan Moore,PHI,2B,2B,40.25962814678814,288.1534334284106,-247.89380528162246,463,25
439,937,Ryan Mountcastle,BAL,1B,1B,82.49950034446431,330.560623998163,-248.0611236536987,388,-51
440,938,Joshua Palacios,CHW,RF,OF,55.76038056462505,303.969866712413,-248.20948614778797,434,-6
441,940,Mark Canha,TEX,LF,OF,54.88410272304322,303.969866712413,-249.0857639893698,436,-5
442,943,Nolan Jones,CLE,RF,OF,54.248114732371214,303.969866712413,-249.7217519800418,439,-3
443,944,Triston Casas,BOS,1B,1B,80.22204276249698,330.560623998163,-250.33858123566603,394,-49
444,947,Alejandro Osuna,TEX,LF,OF,53.023324694820296,303.969866712413,-250.94654201759272,442,-2
445,948,Derek Hill,CHW,CF,OF,52.786090689505905,303.969866712413,-251.18377602290713,444,-1
446,951,Abimelec Ortiz,WSN,Unknown,UTIL,79.06315227327829,330.560623998163,-251.49747172488472,397,-49
447,952,Tyler Fitzgerald,SFG,2B,2B,35.23077098851069,288.1534334284106,-252.9226624398999,468,21
448,954,Eli White,ATL,RF,OF,49.25228416015212,303.969866712413,-254.7175825522609,449,1
449,956,Joe Mack,MIA,Unknown,UTIL,75.43051897729498,330.560623998163,-255.13010502086803,405,-44
450,957,Tyler Locklear,ARI,1B,1B,75.07726613500294,330.560623998163,-255.48335786316005,406,-44
451,960,Chas McCormick,CHC,LF,OF,46.50994949945703,303.969866712413,-257.459917212956,452,1
452,961,Kyren Paris,LAA,2B,2B,29.682331964975653,288.1534334284106,-258.47110146343493,475,23
453,962,Johan Rojas,PHI,CF,OF,45.45611690781383,303.969866712413,-258.5137498045992,454,1
454,963,Hunter Renfroe,KCR,RF,OF,45.04033143133656,303.969866712413,-258.9295352810765,456,2
455,964,Nick Martini,COL,RF,OF,44.57862174905797,303.969866712413,-259.39124496335506,457,2
456,965,Brendan Rodgers,BOS,2B,2B,28.44755859135225,288.1534334284106,-259.70587483705833,476,20
457,969,LaMonte Wade Jr.,CHW,1B,1B,69.56463943079966,330.560623998163,-260.99598456736334,413,-44
458,973,Cooper Hummel,- - -,LF,OF,42.3531335982701,303.969866712413,-261.6167331141429,459,1
459,974,Jack Suwinski,PIT,RF,OF,41.48795536729262,303.969866712413,-262.4819113451204,460,1
460,976,Joey Loperfido,HOU,LF,OF,40.94266055363448,303.969866712413,-263.02720615877854,462,2
461,978,Alex Jackson,MIN,C,C,16.058447455812793,280.4991463540764,-264.44069889826363,490,29
462,983,Orlando Arcia,MIN,SS,SS,54.33306908542014,319.1737385693561,-264.8406694839359,437,-25
463,984,Nick Allen,HOU,SS,SS,54.24235020187182,319.1737385693561,-264.93138836748426,440,-23
464,985,Charlie Condon,COL,Unknown,UTIL,65.1006439329586,330.560623998163,-265.4599800652044,420,-44
465,986,Josh Rojas,KCR,3B,3B,31.554602426609904,297.54977907320745,-265.99517664659754,471,6
466,987,Max Schuemann,NYY,3B,3B,31.539375625560428,297.54977907320745,-266.01040344764704,472,6
467,988,Zach Dezenzo,HOU,LF,OF,37.77641543183109,303.969866712413,-266.19345128058194,465,-2
468,990,Paul DeJong,NYY,3B,3B,30.429719967127763,297.54977907320745,-267.1200591060797,474,6
469,991,Ben Rortvedt,NYM,C,C,13.163035798644959,280.4991463540764,-267.33611055543145,495,26
470,992,Willie MacIver,TEX,C,C,13.02735907838395,280.4991463540764,-267.47178727569246,496,26
471,993,Dylan Carlson,CHC,LF,OF,35.29090940892032,303.969866712413,-268.6789573034927,467,-4
472,994,Ryan Waldschmidt,ARI,Unknown,UTIL,61.85299666721997,330.560623998163,-268.70762733094307,426,-46
473,995,Eric Wagaman,MIN,1B,1B,61.7027741330253,330.560623998163,-268.8578498651377,427,-46
474,996,Travis Bazzana,CLE,Unknown,UTIL,61.4935762002225,330.560623998163,-269.0670477979405,428,-46
475,997,Tyler Wade,TEX,2B,2B,19.020860379580576,288.1534334284106,-269.13257304883,486,11
476,1001,Mickey Gasper,BOS,2B,2B,16.972684574574743,288.1534334284106,-271.1807488538359,488,12
477,1007,Miles Mastrobuoni,SEA,3B,3B,23.43717539192938,297.54977907320745,-274.1126036812781,482,5
478,1012,Matt Thaiss,BOS,C,C,5.208405783578077,280.4991463540764,-275.2907405704983,504,26
479,1022,Leody Taveras,BAL,OF,OF,27.930474800264324,303.969866712413,-276.0393919121487,477,-2
480,1027,Brandon Lockridge,MIL,LF,OF,25.817068167603836,303.969866712413,-278.1527985448092,480,0
481,1030,Andruw Monasterio,BOS,SS,SS,39.492499001989636,319.1737385693561,-279.68123956736645,464,-17
482,1031,Kameron Misner,KCR,CF,OF,24.115507890666827,303.969866712413,-279.8543588217462,481,-1
483,1033,Drew Waters,KCR,LF,OF,21.540189020302467,303.969866712413,-282.42967769211054,483,0
484,1036,Trey Sweeney,DET,SS,SS,35.71021205849524,319.1737385693561,-283.46352651086085,466,-18
485,1038,Taylor Trammell,HOU,LF,OF,19.973444747185493,303.969866712413,-283.9964219652275,485,0
486,1040,Yanquiel Fernandez,NYY,RF,OF,18.24348519556162,303.969866712413,-285.7263815168514,487,1
487,1041,Jonah Bride,TEX,3B,3B,11.163901875421262,297.54977907320745,-286.38587719778616,499,12
488,1042,Curtis Mead,CHW,1B,1B,44.0362529245551,330.560623998163,-286.5243710736079,458,-30
489,1043,Kevin Newman,KCR,3B,3B,10.575808465135918,297.54977907320745,-286.9739706080715,500,11
490,1046,Nacho Alvarez Jr.,ATL,SS,SS,30.564370831907173,319.1737385693561,-288.6093677374489,473,-17
491,1048,Nick Sogard,BOS,1B,1B,41.469998240830925,330.560623998163,-289.0906257573321,461,-30
492,1049,Jonatan Clase,TOR,LF,OF,14.34933243000357,303.969866712413,-289.62053428240944,492,0
493,1050,Heston Kjerstad,BAL,LF,OF,14.347568041424145,303.969866712413,-289.62229867098887,493,0
494,1051,Weston Wilson,BAL,LF,OF,14.152222086842151,303.969866712413,-289.8176446255709,494,0
495,1052,Emmanuel Rivera,BAL,3B,3B,6.641304861373258,297.54977907320745,-290.9084742118342,502,7
496,1053,Jhonkensy Noel,BAL,RF,OF,12.145235698971296,303.969866712413,-291.8246310134417,497,1
497,1054,Vinny Capra,BOS,3B,3B,5.273295491503946,297.54977907320745,-292.2764835817035,503,6
498,1056,Christian Encarnacion-Strand,CIN,1B,1B,34.376173900997564,330.560623998163,-296.18445009716544,469,-29
499,1077,Michael Toglia,CIN,1B,1B,27.70428805224717,330.560623998163,-302.8563359459158,478,-21
500,1082,Coby Mayo,BAL,1B,1B,26.51009705694267,330.560623998163,-304.05052694122037,479,-21
501,1088,Abraham Toro,KCR,1B,1B,21.054065134334497,330.560623998163,-309.5065588638285,484,-17
502,1089,Enmanuel Valdez,PIT,1B,1B,16.229877861293588,330.560623998163,-314.33074613686944,489,-13
503,1090,Matt Mervis,WSN,1B,1B,14.526289743242932,330.560623998163,-316.03433425492005,491,-12
504,1091,Donovan Solano,- - -,1B,1B,11.739498952411514,330.560623998163,-318.8211250457515,498,-6
