Overall_PAR_Rank,Name,Team,Position,Type,Projected_Fpoints,PAR,Overall_Raw_Rank,Rank_Change
1,Shohei Ohtani,LAD,DH/SP,Batter,392.5235254239589,392.5235254239589,17,16
2,Tarik Skubal,DET,SP,SP,506.24367495389276,198.0165592311821,1,-1
3,Juan Soto,NYM,OF,Batter,487.3641247893274,183.39425807691435,2,-1
4,Garrett Crochet,BOS,SP,SP,470.5852954610594,162.35817973834872,3,-1
5,Jose Ramirez,CLE,3B/DH,Batter,440.87146065501435,143.3216815818069,5,0
6,Cole Ragans,KCR,SP,SP,445.56010291058993,137.33298718787927,4,-2
7,Aaron Judge,NYY,OF/DH,Batter,431.2569369177197,127.28707020530669,6,-1
8,Paul Skenes,PIT,SP,SP,430.63151948467885,122.40440376196818,7,-1
9,Cristopher Sanchez,PHI,SP,SP,430.59802333755476,122.3709076148441,8,-1
10,Hunter Greene,CIN,SP,SP,425.06298373659945,116.83586801388878,10,0
11,Bobby Witt Jr.,KCR,SS,Batter,429.473760425746,110.30002185638989,9,-2
12,Dylan Cease,TOR,SP,SP,417.8915521190218,109.66443639631115,11,-1
13,Bryan Woo,SEA,SP,SP,407.0585982948831,98.83148257217243,13,0
14,Maikel Garcia,KCR,3B,Batter,391.2853410706488,93.73556199744138,18,4
15,Kyle Tucker,LAD,OF,Batter,392.59894128882786,88.62907457641484,16,1
16,Logan Webb,SFG,SP,SP,396.84142339239156,88.6143076696809,15,-1
17,Ketel Marte,ARI,2B/DH,Batter,375.1267988338031,86.97336540539249,28,11
18,Geraldo Perdomo,ARI,SS,Batter,405.6436427481779,86.46990417882182,14,-4
19,Alex Bregman,CHC,3B,Batter,383.47502342167314,85.9252443484657,23,4
20,Fernando Tatis Jr.,SDP,OF,Batter,384.87459661992085,80.90472990750783,22,2
21,Edwin Diaz,LAD,RP,RP,356.4240872231122,78.76254755236141,39,18
22,Junior Caminero,TBR,3B,Batter,375.5582081386808,78.00842906547336,27,5
23,Vladimir Guerrero Jr.,TOR,1B/DH,Batter,407.83461270356213,77.27398870539912,12,-11
24,Chris Sale,ATL,SP,SP,384.9215801242324,76.69446440152171,21,-3
25,Gleyber Torres,DET,2B,Batter,361.98982428957265,73.83639086116204,32,7
26,Ronald Acuna Jr.,ATL,OF,Batter,377.2090084841198,73.23914177170678,25,-1
27,Ben Rice,NYY,1B/C/DH,Batter,349.880371830189,69.3812254761126,44,17
28,Mookie Betts,LAD,SS,Batter,387.6886109985158,68.51487242915971,19,-9
29,Hunter Brown,HOU,SP,SP,372.41307581816244,64.18596009545178,29,0
30,Francisco Lindor,NYM,SS,Batter,381.0764989308221,61.902760361465994,24,-6
31,Cade Smith,CLE,RP,RP,338.4791358051,60.817596134349174,60,29
32,Mason Miller,SDP,RP,RP,337.06504831206644,59.403508641315625,62,30
33,Julio Rodriguez,SEA,OF,Batter,363.17713357040856,59.207266857995535,31,-2
34,Devin Williams,NYM,RP,RP,335.36315911987225,57.70161944912144,65,31
35,Gunnar Henderson,BAL,SS,Batter,376.0039784069364,56.830239837580336,26,-9
36,George Springer,TOR,OF/DH,Batter,360.5029001865864,56.53303347417335,33,-3
37,Jesus Luzardo,PHI,SP,SP,364.3384862094946,56.111370486783926,30,-7
38,Vinnie Pasquantino,KCR,1B/DH,Batter,385.5854448424278,55.02482084426481,20,-18
39,Cody Bellinger,NYY,OF,Batter,358.69381764334554,54.72395093093252,35,-4
40,Josh Hader,HOU,RP,RP,331.0473174630797,53.385777792328895,71,31
41,William Contreras,MIL,C/DH,Batter,333.37267187290576,52.873525518829354,69,28
42,Reid Detmers,LAA,RP,RP,329.3499554344454,51.68841576369459,76,34
43,Max Fried,NYY,SP,SP,359.2755741501511,51.04845842744044,34,-9
44,Jacob deGrom,TEX,SP,SP,358.5921496791017,50.36503395639102,36,-8
45,Logan Gilbert,SEA,SP,SP,357.0493095942519,48.82219387154123,38,-7
46,Alec Burleson,STL,OF/1B/DH,Batter,352.2665232955504,48.296656583137406,42,-4
47,Framber Valdez,DET,SP,SP,355.7286760012583,47.50156027854763,40,-7
48,Yordan Alvarez,HOU,OF/DH,Batter,350.6827604644759,46.71289375206288,43,-5
49,Nico Hoerner,CHC,2B,Batter,334.27347306850044,46.12003964008983,66,17
50,Corbin Carroll,ARI,OF,Batter,348.2178835742974,44.248016861884366,46,-4
51,Aroldis Chapman,BOS,RP,RP,319.91855307863773,42.257013407886916,94,43
52,Manny Machado,SDP,3B,Batter,339.20171566225184,41.651936589044396,57,5
53,Austin Riley,ATL,3B,Batter,338.9935389759122,41.443759902704755,58,5
54,Sonny Gray,BOS,SP,SP,349.24900721037585,41.02189148766519,45,-9
55,Joe Ryan,MIN,SP,SP,346.83971669892367,38.612600976213,48,-7
56,Zack Wheeler,PHI,SP,SP,346.12188403842447,37.894768315713804,49,-7
57,Kyle Bradish,BAL,SP,SP,345.47046647974446,37.243350757033795,51,-6
58,Brice Turang,MIL,2B,Batter,325.30473893726156,37.15130550885095,83,25
59,Brent Rooker,ATH,OF/DH,Batter,341.0943844224411,37.1245177100281,54,-5
60,Salvador Perez,KCR,C/1B/DH,Batter,317.31413078618453,36.81498443210813,98,38
61,Brendan Donovan,SEA,2B,Batter,324.91687462074213,36.76344119233153,85,24
62,David Bednar,NYY,RP,RP,313.8493103519347,36.187770681183906,103,41
63,Emmet Sheehan,LAD,SP,SP,343.936684942208,35.709569219497325,53,-10
64,Jhoan Duran,PHI,RP,RP,309.7344922367681,32.07295256601731,114,50
65,Nick Pivetta,SDP,SP,SP,338.87155632298163,30.64444060027097,59,-6
66,George Kirby,SEA,SP,SP,335.8871890106017,27.66007328789101,63,-3
67,Ryan Pepiot,TBR,SP,SP,335.78847249576455,27.561356773053888,64,-3
68,Yandy Diaz,TBR,1B/DH,Batter,357.5981706168831,27.037546618720114,37,-31
69,Steven Kwan,CLE,OF,Batter,330.62810258603,26.658235873617002,73,4
70,Jarren Duran,BOS,OF,Batter,329.8114231329717,25.841556420558675,74,4
71,Robbie Ray,SFG,SP,SP,333.71572465614025,25.48860893342959,68,-3
72,Matt Chapman,SFG,3B,Batter,322.9909928676731,25.441213794465682,89,17
73,Ian Happ,CHC,OF,Batter,329.18584453397955,25.215977821566526,77,4
74,Jordan Westburg,BAL,3B,Batter,322.4440098072485,24.89423073404106,90,16
75,Ozzie Albies,ATL,2B,Batter,312.29433536653613,24.140901938125523,108,33
76,Pete Alonso,BAL,1B,Batter,354.6830381643583,24.122414166195313,41,-35
77,Jackson Merrill,SDP,OF,Batter,326.61125198479914,22.641385272386117,80,3
78,Shea Langeliers,ATH,C,Batter,302.233512061303,21.734365707226573,133,55
79,Jurickson Profar,ATL,OF,Batter,325.6547463787622,21.68487966634916,82,3
80,Kevin Gausman,TOR,SP,SP,329.56546321856865,21.338347495857988,75,-5
81,Freddy Peralta,NYM,SP,SP,328.95125429111295,20.72413856840228,78,-3
82,Chase Burns,CIN,SP,SP,328.556629496693,20.32951377398234,79,-3
83,Andres Munoz,SEA,RP,RP,297.71271509615644,20.05117542540563,150,67
84,Daniel Palencia,CHC,RP,RP,296.4732657110345,18.811726040283702,155,71
85,Jeremy Pena,HOU,SS,Batter,337.453595799992,18.279857230635912,61,-24
86,Luis Garcia Jr.,WSN,2B,Batter,306.0837884938419,17.930355065431286,125,39
87,Matt Olson,ATL,1B,Batter,348.06022254053113,17.49959854236812,47,-40
88,Bubba Chandler,PIT,SP,SP,325.6985956341414,17.47147991143072,81,-7
89,Pete Crow-Armstrong,CHC,OF,Batter,321.2187806867772,17.2489139743642,92,3
90,Nathan Eovaldi,TEX,SP,SP,324.9015142686264,16.67439854591572,86,-4
91,Cal Raleigh,SEA,C/DH,Batter,297.07095697791505,16.571810623838644,152,61
92,Jung Hoo Lee,SFG,OF,Batter,320.5298787853535,16.56001207294048,93,1
93,Drake Baldwin,ATL,C,Batter,296.91666809385066,16.41752173977426,153,60
94,Drew Rasmussen,TBR,SP,SP,323.8693463429313,15.64223062022063,88,-6
95,Josh Naylor,SEA,1B/DH,Batter,346.0779872922557,15.517363294092718,50,-45
96,Bo Bichette,NYM,SS,Batter,334.01821876429364,14.844480194937546,67,-29
97,Randy Arozarena,SEA,OF,Batter,318.79082953170064,14.820962819287615,96,-1
98,Freddie Freeman,LAD,1B,Batter,344.85346248939413,14.292838491231123,52,-46
99,Aaron Nola,PHI,SP,SP,322.2905276820974,14.063411959386713,91,-8
100,Corey Seager,TEX,SS,Batter,332.89962994797366,13.725891378617575,70,-30
101,Otto Lopez,MIA,SS/2B,Batter,301.7134387828613,13.560005354450709,135,34
102,Jackson Chourio,MIL,OF,Batter,317.5112363247053,13.541369612292272,97,-5
103,Agustin Ramirez,MIA,C/DH,Batter,292.7199682494044,12.220821895328015,160,57
104,Ernie Clement,TOR,3B/2B/SS,Batter,299.3206033040703,11.167169875659681,146,42
105,Jacob Misiorowski,MIL,SP,SP,319.3633741026467,11.13625837993601,95,-10
106,Riley Greene,DET,OF/DH,Batter,314.84768653996764,10.877819827554617,100,-6
107,Carlos Correa,HOU,SS/3B,Batter,308.38237725425273,10.832598181045284,118,11
108,Jeff McNeil,ATH,2B/OF,Batter,298.78698715844064,10.63355373003003,149,41
109,Seiya Suzuki,CHC,OF/DH,Batter,314.37680869933087,10.406941986917843,102,-7
110,Yainer Diaz,HOU,C/DH,Batter,290.49698862463924,9.997842270562842,164,54
111,Kyle Schwarber,PHI,DH,Batter,340.25028892235207,9.68966492418906,55,-56
112,Nolan Schanuel,LAA,1B,Batter,339.8067255980543,9.24610159989129,56,-56
113,Jack Flaherty,DET,SP,SP,316.8702313828198,8.643115660109117,99,-14
114,Daylen Lile,WSN,OF,Batter,312.4590487170906,8.48918200467756,105,-9
115,Tyler Soderstrom,ATH,OF/1B,Batter,310.59453937102893,6.624672658615907,113,-2
116,Emilio Pagan,CIN,RP,RP,282.95336652680885,5.291826856058037,182,66
117,Adley Rutschman,BAL,C,Batter,285.72324692666615,5.224100572589748,175,58
118,Zach Neto,LAA,SS,Batter,324.0506081531887,4.876869583832615,87,-31
119,Heliot Ramos,SFG,OF,Batter,308.16433754522006,4.194470832807042,119,0
120,Blake Snell,LAD,SP,SP,312.3501611468866,4.123045424175928,106,-14
121,Tanner Bibee,CLE,SP,SP,311.3414611755864,3.114345452875739,110,-11
122,Taylor Ward,BAL,OF,Batter,307.0150569422112,3.045190229798152,122,0
123,Eury Perez,MIA,SP,SP,311.2100605110577,2.9829447883470266,111,-12
124,Trey Yesavage,TOR,SP,SP,310.79449667446045,2.567380951749783,112,-12
125,Brandon Nimmo,TEX,OF,Batter,306.1810162811682,2.211149568755161,124,-1
126,Alec Bohm,PHI,3B,Batter,298.9510668909071,1.4012878176996537,147,21
127,Hunter Goodman,COL,C/DH,Batter,281.57783754552605,1.07869119144965,186,59
128,Cody Ponce,TOR,SP,SP,309.12785498702027,0.9007392643096068,116,-12
129,Jakob Marsee,MIA,OF,Batter,304.61310787996666,0.64324116755364,127,-2
130,Wyatt Langford,TEX,OF,Batter,304.23373279494695,0.26386608253392296,129,-1
131,Roman Anthony,BOS,OF,Batter,304.2083051725086,0.23843846009555136,130,-1
132,Nolan McLean,NYM,SP,SP,308.3863300392647,0.15921431655402785,117,-15
133,Rafael Devers,SFG,1B/DH,Batter,330.68044669900115,0.11982270083814228,72,-61
134,Jose Altuve,HOU,2B/OF/DH,Batter,288.03557585817146,-0.11785757023915266,169,35
135,Kris Bubic,KCR,SP,SP,307.4748656747442,-0.75225004796647,121,-14
136,Alejandro Kirk,TOR,C,Batter,279.14432967673866,-1.3548166773377375,189,53
137,Xavier Edwards,MIA,2B/SS,Batter,286.7503590617288,-1.4030743666818353,172,35
138,Gavin Williams,CLE,SP,SP,306.41203567575604,-1.8150800469546198,123,-15
139,Jazz Chisholm Jr.,NYY,2B/3B,Batter,285.62078989330394,-2.532643535106672,176,37
140,MacKenzie Gore,TEX,SP,SP,305.421541297712,-2.8055744249986674,126,-14
141,Jorge Polanco,NYM,2B/DH,Batter,284.9453972099052,-3.2080362185054128,178,37
142,Jo Adell,LAA,OF,Batter,300.6131714334748,-3.3566952789382185,140,-2
143,Jeff Hoffman,TOR,RP,RP,274.13616989366574,-3.525369777085075,198,55
144,Kyle Stowers,MIA,OF,Batter,300.0128245068975,-3.9570422055155063,142,-2
145,Bryan Reynolds,PIT,OF/DH,Batter,299.532201448794,-4.43766526361901,145,0
146,Willy Adames,SFG,SS,Batter,314.50459981781853,-4.6691387515375595,101,-45
147,Bryson Stott,PHI,2B,Batter,283.3784170222318,-4.775016406178793,180,33
148,Bryce Harper,PHI,1B,Batter,325.12900331298994,-5.431620685173073,84,-64
149,Brandon Woodruff,MIL,SP,SP,302.3346564796273,-5.892459243083351,132,-17
150,Ezequiel Tovar,COL,SS,Batter,312.99675172803046,-6.176986841325629,104,-46
151,Marcus Semien,NYM,2B,Batter,281.9188857775332,-6.234547650877403,185,34
152,Carlos Rodon,NYY,SP,SP,301.35444008664444,-6.872675636066219,137,-15
153,Miguel Vargas,CHW,3B/1B,Batter,290.43151655607016,-7.118262517137282,165,12
154,Luis Castillo,SEA,SP,SP,300.95488233604624,-7.272233386664425,139,-15
155,Elly De La Cruz,CIN,SS,Batter,311.41710319976914,-7.756635369586945,109,-46
156,Ryan Helsley,BAL,RP,RP,269.34046550594474,-8.321074164806078,208,52
157,Ranger Suarez,BOS,SP,SP,299.8725050542922,-8.354610668418445,143,-14
158,Pablo Lopez,MIN,SP,SP,299.6879180996529,-8.53919762305776,144,-14
159,Nolan Arenado,ARI,3B,Batter,288.44390221221016,-9.105876860997284,167,8
160,Michael Harris II,ATL,OF,Batter,294.8075880799844,-9.162278632428638,156,-4
161,Caleb Durbin,BOS,3B,Batter,287.4783998996013,-10.071379173606147,170,9
162,Michael King,SDP,SP,SP,297.380549186901,-10.846566535809643,151,-11
163,Yoshinobu Yamamoto,LAD,SP,SP,296.58167046748974,-11.64544525522092,154,-9
164,Xander Bogaerts,SDP,SS,Batter,307.49185633479726,-11.681882234558827,120,-44
165,James Wood,WSN,OF/DH,Batter,291.83472197714366,-12.135144735269364,163,-2
166,Raisel Iglesias,ATL,RP,RP,265.4044307163001,-12.2571089544507,220,54
167,Ryan Walker,SFG,RP,RP,264.9922470107997,-12.669292659951111,224,57
168,Carlos Estevez,KCR,RP,RP,263.9295799383717,-13.731959732379096,230,62
169,Shane Baz,BAL,SP,SP,293.54118092779356,-14.685934794917102,158,-11
170,CJ Abrams,WSN,SS,Batter,304.4680182473929,-14.705720321963213,128,-42
171,Will Smith,LAD,C,Batter,265.5533289968118,-14.945817357264616,219,48
172,Zac Gallen,ARI,SP,SP,293.1730313355339,-15.054084387176772,159,-13
173,Andy Pages,LAD,OF,Batter,288.39549351617995,-15.574373196233068,168,-5
174,Pete Fairbanks,MIA,RP,RP,261.1212925613611,-16.540247109389725,237,63
175,Brandon Lowe,PIT,2B,Batter,271.4101314700958,-16.743301958314817,202,27
176,Luke Keaschall,MIN,2B,Batter,270.5058161567542,-17.64761727165643,207,31
177,Masyn Winn,STL,SS,Batter,301.30052456392093,-17.87321400543516,138,-39
178,Dennis Santana,PIT,RP,RP,259.7610188953189,-17.900520775431914,239,61
179,Michael Busch,CHC,1B,Batter,312.3334818913757,-18.227142106787312,107,-72
180,Jake Cronenworth,SDP,2B,Batter,269.3194829840587,-18.8339504443519,209,29
181,Dansby Swanson,CHC,SS,Batter,300.1442300999667,-19.029508469389384,141,-40
182,Kazuma Okamoto,TOR,3B,Batter,278.4332334680327,-19.116545605174736,191,9
183,Trea Turner,PHI,SS,Batter,298.7971716577605,-20.376566911595603,148,-35
184,Abner Uribe,MIL,RP,RP,256.50944618152084,-21.15209348922997,251,67
185,Chris Bassitt,BAL,SP,SP,287.05597527303263,-21.171140449678035,171,-14
186,Luis Arraez,SFG,1B/DH,Batter,309.38368069921813,-21.176943298944877,115,-71
187,Ceddanne Rafaela,BOS,OF/2B,Batter,266.69422312458545,-21.45921030382516,218,31
188,Brady Singer,CIN,SP,SP,286.3440889661014,-21.88302675660924,173,-15
189,Shane McClanahan,TBR,SP,SP,285.7818606036806,-22.445255119030037,174,-15
190,Gabriel Moreno,ARI,C,Batter,257.80854104363124,-22.690605310445164,246,56
191,Kerry Carpenter,DET,OF/DH,Batter,279.42464519697506,-24.54522151543796,188,-3
192,Tyler Glasnow,LAD,SP,SP,283.3241829458064,-24.902932776904265,181,-11
193,Sal Frelick,MIL,OF,Batter,278.7758222918944,-25.194044420518594,190,-3
194,Nick Lodolo,CIN,SP,SP,282.7208282657587,-25.506287456951952,183,-11
195,Sandy Alcantara,MIA,SP,SP,282.6843818006597,-25.542733922050957,184,-11
196,Munetaka Murakami,CHW,3B,Batter,271.36858470333186,-26.181194369875584,203,7
197,Matthew Boyd,CHC,SP,SP,280.28807826497103,-27.93903745773963,187,-10
198,Marcell Ozuna,ATL,DH,Batter,302.441613926034,-28.119010072129015,131,-67
199,Jonathan Aranda,TBR,1B,Batter,301.9499095309853,-28.61071446717773,134,-65
200,Ivan Herrera,STL,DH,Batter,301.66496132209005,-28.89566267607296,136,-64
201,Addison Barger,TOR,3B/OF,Batter,268.1311514885026,-29.418627584704836,215,14
202,Jose Soriano,LAA,SP,SP,278.0337607837172,-30.19335493899348,192,-10
203,Andres Gimenez,TOR,2B,Batter,257.92282178546895,-30.230611642941653,244,41
204,Jonathan India,KCR,2B/3B/OF/DH,Batter,257.87780492294206,-30.275628505468546,245,41
205,Seranthony Dominguez,CHW,RP,RP,246.50793721046378,-31.153602460287033,275,70
206,Ryne Nelson,ARI,SP,SP,276.7897004956397,-31.43741522707097,194,-12
207,Joe Musgrove,SDP,SP,SP,276.1322490559736,-32.09486666673706,197,-10
208,Teoscar Hernandez,LAD,OF,Batter,271.20671921248595,-32.76314749992707,204,-4
209,Gavin Sheets,SDP,LF,Batter,271.098621336271,-32.87124537614204,205,-4
210,J.P. Crawford,SEA,SS,Batter,284.76137443790697,-34.412364131449124,179,-31
211,Ryan O'Hearn,PIT,1B/OF/DH,Batter,269.0990781198079,-34.870788592605095,210,-1
212,Kenley Jansen,DET,RP,RP,242.7471325776823,-34.91440709306852,280,68
213,Joey Cantillo,CLE,SP,SP,273.2514794741473,-34.975636248563376,199,-14
214,Mitch Keller,PIT,SP,SP,273.18050868597527,-35.046607036735395,200,-14
215,Colt Keith,DET,2B/3B/DH,Batter,252.3580464895209,-35.79538693888972,260,45
216,Spencer Strider,ATL,SP,SP,272.25871338893586,-35.968402333774804,201,-15
217,Christian Yelich,MIL,DH,Batter,294.5468542646365,-36.01376973352649,157,-60
218,TJ Friedl,CIN,OF,Batter,267.7884394444133,-36.18142726799971,216,-2
219,Yusei Kikuchi,LAA,SP,SP,270.66870617759884,-37.55840954511183,206,-13
220,Willson Contreras,BOS,1B,Batter,292.5207840397277,-38.03983995843532,161,-59
221,Spencer Torkelson,DET,1B,Batter,292.2870011673166,-38.27362283084642,162,-59
222,Adolis Garcia,PHI,OF,Batter,265.3631297945627,-38.6067369178503,222,0
223,Ramon Laureano,SDP,RF,Batter,264.9658416960562,-39.00402501635682,225,2
224,Reynaldo López,ATL,SP,SP,268.7426749869757,-39.48444073573495,211,-13
225,Trevor Rogers,BAL,SP,SP,268.34505129084414,-39.882064431866525,214,-11
226,Sal Stewart,CIN,3B,Batter,257.65400068406785,-39.89577838913959,247,21
227,Ryan Jeffers,MIN,C,Batter,240.31417567110503,-40.18497068297137,281,54
228,Robert Garcia,TEX,RP,RP,236.74876816134588,-40.912771509404934,289,61
229,Jackson Holliday,BAL,2B,Batter,247.0997676705459,-41.05366575786471,272,43
230,Clayton Beeter,WSN,RP,RP,236.48697531645092,-41.17456435429989,290,60
231,Braxton Ashcraft,PIT,SP,SP,266.95005168746604,-41.27706403524462,217,-14
232,Jacob Wilson,ATH,SS,Batter,277.53514521776816,-41.63859335158793,193,-39
233,Paul Goldschmidt,NYY,1B,Batter,288.7421363337316,-41.818487664431416,166,-67
234,Lars Nootbaar,STL,LF,Batter,262.0271272250015,-41.94273948741153,233,-1
235,Wilyer Abreu,BOS,OF,Batter,261.2363011540863,-42.733565558326745,236,1
236,Shohei Ohtani,LAD,SP,SP,265.3745822083786,-42.85253351433204,221,-15
237,Quinn Priester,MIL,SP,SP,265.3127141887387,-42.914401533971954,223,-14
238,Edward Cabrera,CHC,SP,SP,264.63696430568865,-43.590151417022014,226,-12
239,Grant Taylor,CHW,SP,SP,264.42262688535794,-43.80448883735272,227,-12
240,Trent Grisham,NYY,OF,Batter,260.08589802822075,-43.88396868419227,238,-2
241,Isaac Paredes,HOU,3B,Batter,253.61181945261671,-43.93795962059073,257,16
242,David Peterson,NYM,SP,SP,264.1468406012924,-44.08027512141825,228,-14
243,Merrill Kelly,ARI,SP,SP,263.54784903126017,-44.67926669145049,231,-12
244,Lawrence Butler,ATH,OF,Batter,259.09059661916876,-44.87927009324426,242,-2
245,Josh Bell,MIN,1B,Batter,285.37996699622926,-45.18065700193375,177,-68
246,Oneil Cruz,PIT,OF,Batter,257.4973052436949,-46.47256146871814,248,2
247,Mike Trout,LAA,OF/DH,Batter,257.1918416396356,-46.77802507277744,249,2
248,Byron Buxton,MIN,OF,Batter,256.68985892782433,-47.28000778458869,250,2
249,Mickey Moniak,COL,RF,Batter,255.75092272984523,-48.218943982567794,252,3
250,Noelvi Marte,CIN,OF/3B,Batter,249.31337058830573,-48.236408484901716,267,17
251,Dylan Crews,WSN,OF,Batter,255.5943728882107,-48.37549382420232,253,2
252,Brandon Pfaadt,ARI,SP,SP,259.6542827025236,-48.57283302018709,240,-12
253,Sean Manaea,NYM,SP,SP,259.4038571123305,-48.82325861038015,241,-12
254,Brenton Doyle,COL,OF,Batter,254.7790223735175,-49.190844338895516,255,1
255,Edwin Uceta,TBR,RP,RP,228.339005851779,-49.322533818971806,305,50
256,Shane Smith,CHW,SP,SP,258.8604715472342,-49.36664417547644,243,-13
257,Eugenio Suarez,CIN,3B,Batter,248.13995938727183,-49.40981968593562,270,13
258,Victor Vodnik,COL,RP,RP,228.1995927533428,-49.461946917408,306,48
259,Josh Jung,TEX,3B,Batter,247.9307244902373,-49.619054582970136,271,12
260,Andrew Benintendi,CHW,OF/DH,Batter,253.818539132699,-50.151327579714035,256,-4
261,Royce Lewis,MIN,3B,Batter,246.7994537138937,-50.750325359313734,274,13
262,Brooks Lee,MIN,3B,Batter,244.95404706853105,-52.59573200467639,278,16
263,Jac Caglianone,KCR,RF,Batter,251.15084734938708,-52.819019363025944,261,-2
264,Trevor Megill,MIL,RP,RP,224.47965573057806,-53.18188394017275,313,49
265,Jack Leiter,TEX,SP,SP,254.82024228550176,-53.4068734372089,254,-11
266,Nick Kurtz,ATH,1B,Batter,276.61129637621605,-53.94932762194696,195,-71
267,Andrew Vaughn,MIL,1B,Batter,276.3311051694181,-54.229518828744915,196,-71
268,Luis Robert Jr.,NYM,OF,Batter,249.40602428111202,-54.563842431301,266,-2
269,Cameron Schlittler,NYY,SP,SP,253.47145851861302,-54.755657204097645,258,-11
270,Max Meyer,MIA,SP,SP,253.46835212623716,-54.7587635964735,259,-11
271,Joey Ortiz,MIL,SS,Batter,263.980605175848,-55.193133393508106,229,-42
272,Daulton Varsho,TOR,OF,Batter,248.31737512198146,-55.652491590431566,269,-3
273,Taylor Rogers,MIN,RP,RP,221.30936679959285,-56.35217287115796,322,49
274,Chase Meidroth,CHW,SS,Batter,262.3640693223981,-56.80966924695798,232,-42
275,Jeremiah Estrada,SDP,RP,RP,220.3473844920679,-57.31415517868291,324,49
276,Colson Montgomery,CHW,SS,Batter,261.8533357756824,-57.32040279367368,234,-42
277,Chad Patrick,MIL,SP,SP,250.8915626350849,-57.335553087625755,262,-15
278,Andrew Abbott,CIN,SP,SP,250.67031175182038,-57.556803970890286,263,-15
279,Matt Wallner,MIN,RF,Batter,246.27541009768552,-57.6944566147275,276,-3
280,Lenyn Sosa,CHW,2B,Batter,230.2103313162219,-57.94310211218871,298,18
281,Jeffrey Springs,ATH,SP,SP,249.62074250386206,-58.6063732188486,264,-17
282,Luis Severino,ATH,SP,SP,249.61432474896517,-58.61279097374549,265,-17
283,Dillon Dingler,DET,C,Batter,221.10279773386853,-59.396348620207874,323,40
284,Griffin Jax,TBR,SP,SP,248.67651934036618,-59.55059638234448,268,-16
285,Kyle Teel,CHW,C,Batter,218.95622858862058,-61.542917765455826,328,43
286,J.T. Realmuto,PHI,C,Batter,218.90755232165878,-61.59159403241762,329,43
287,Jake Burger,TEX,1B,Batter,268.6416343713746,-61.9189896267884,212,-75
288,Kyle Manzardo,CLE,1B,Batter,268.5307043222603,-62.029919675902704,213,-75
289,Mike Burrows,HOU,SP,SP,245.8310836804135,-62.39603204229715,277,-12
290,Max Muncy,LAD,3B,Batter,234.7846198138349,-62.76515925937255,295,5
291,Cade Cavalli,WSN,SP,SP,244.53255232593725,-63.69456339677342,279,-12
292,Bryan Abreu,HOU,RP,RP,212.4084596015922,-65.25308006915861,349,57
293,Francisco Alvarez,NYM,C,Batter,214.83575351616278,-65.66339283791362,342,49
294,Garrett Cleavinger,TBR,RP,RP,211.98269361776994,-65.67884605298087,351,57
295,Tommy Edman,LAD,2B/OF,Batter,222.11605874482115,-66.03737468358946,320,25
296,Willi Castro,COL,LF,Batter,236.92897609716118,-67.04089061525184,288,-8
297,Riley O'Brien,STL,RP,RP,210.23135102276012,-67.43018864799069,357,60
298,Ke'Bryan Hayes,CIN,3B,Batter,229.781620815008,-67.76815825819943,302,4
299,Brett Baty,NYM,3B,Batter,229.65160753636226,-67.89817153684518,303,4
300,Jacob Lopez,ATH,SP,SP,240.20095859909716,-68.0261571236135,282,-18
301,Wenceel Perez,DET,RF,Batter,235.67222659728984,-68.29764011512319,292,-9
302,Grayson Rodriguez,LAA,SP,SP,239.35106164652598,-68.87605407618469,283,-19
303,Christian Walker,HOU,1B,Batter,261.455325823443,-69.10529817472002,235,-68
304,Clay Holmes,NYM,SP,SP,238.24716048852034,-69.97995523419033,284,-20
305,Michael Wacha,KCR,SP,SP,238.15997254879886,-70.0671431739118,285,-20
306,Seth Lugo,KCR,SP,SP,237.52401238626737,-70.70310333644329,286,-20
307,Gerrit Cole,NYY,SP,SP,237.47656369457303,-70.75055202813763,287,-20
308,Robert Stephenson,LAA,RP,RP,206.6906607569781,-70.97087891377271,367,59
309,Trevor Story,BOS,SS,Batter,246.94442598663576,-72.22931258272033,273,-36
310,Will Warren,NYY,SP,SP,235.55629980679794,-72.67081591591273,293,-17
311,Matt McLain,CIN,2B,Batter,215.36894428694205,-72.78448914146855,339,28
312,Dustin May,STL,SP,SP,235.2544576990974,-72.97265802361326,294,-18
313,Braxton Garrett,MIA,SP,SP,234.73993186575544,-73.48718385695523,296,-17
314,Cole Henry,WSN,RP,RP,204.1157327025789,-73.54580696817192,372,58
315,Casey Mize,DET,SP,SP,234.43665002348482,-73.79046569922585,297,-18
316,Patrick Bailey,SFG,C,Batter,205.56680773160238,-74.93233862247402,370,54
317,Logan O'Hoppe,LAA,C,Batter,205.11495191396338,-75.38419444011302,371,54
318,Brandon Marsh,PHI,CF,Batter,227.9928306899418,-75.97703602247122,307,-11
319,Dominic Canzone,SEA,RF,Batter,227.08300372136532,-76.8868629910477,308,-11
320,JoJo Romero,STL,RP,RP,199.67547063217478,-77.98606903857603,379,59
321,Brad Lord,WSN,SP,SP,230.15144743445705,-78.07566828825361,299,-22
322,Brayan Bello,BOS,SP,SP,230.02500296352656,-78.2021127591841,300,-22
323,Ryan Weathers,NYY,SP,SP,229.92965661447786,-78.2974591082328,301,-22
324,Zebby Matthews,MIN,SP,SP,229.44310185744652,-78.78401386526414,304,-20
325,Mike Yastrzemski,ATL,RF,Batter,224.0938884604562,-79.87597825195681,314,-11
326,Robert Suarez,ATL,RP,RP,197.7535002231358,-79.90803944761501,384,58
327,Trevor Larnach,MIN,RF,Batter,222.9740564240778,-80.99581028833524,318,-9
328,Jameson Taillon,CHC,SP,SP,226.91034898757218,-81.31676673513849,309,-19
329,Tatsuya Imai,HOU,SP,SP,226.29131659435825,-81.93579912835241,311,-18
330,Mark Vientos,NYM,3B,Batter,214.7436250084745,-82.80615406473294,343,13
331,Kevin Ginkel,ARI,RP,RP,194.55333039285762,-83.1082092778932,390,59
332,Garrett Whitlock,BOS,RP,RP,193.70740792505683,-83.95413174569399,393,61
333,Grant Holmes,ATL,SP,SP,223.93729707032807,-84.28981865238259,315,-18
334,Foster Griffin,WSN,SP,SP,223.82928252079887,-84.3978332019118,316,-18
335,Chandler Simpson,TBR,OF,Batter,218.641184224945,-85.32868248746803,330,-5
336,Kyle Freeland,COL,SP,SP,222.8700100977623,-85.35710562494836,319,-17
337,Jordan Beck,COL,LF,Batter,218.4155960612048,-85.55427065120821,331,-6
338,Andrew Kittredge,BAL,RP,RP,192.0051757378639,-85.6563639328869,397,59
339,Shota Imanaga,CHC,SP,SP,221.61742190982602,-86.60969381288464,321,-18
340,Austin Wells,NYY,C,Batter,193.56871178158937,-86.93043457248703,394,54
341,Slade Cecconi,CLE,SP,SP,220.30556086059192,-87.92155486211874,325,-16
342,Logan Henderson,MIL,SP,SP,220.12134774725473,-88.10576797545593,326,-16
343,Jonah Heim,TEX,C,Batter,192.37302359971997,-88.12612275435643,396,53
344,Phil Maton,CHC,RP,RP,189.3937497657504,-88.2677899050004,404,60
345,Cedric Mullins,TBR,OF,Batter,215.29637261781235,-88.67349409460067,340,-5
346,Nathan Lukes,TOR,RF,Batter,215.0099387507109,-88.95992796170214,341,-5
347,Kyle Leahy,STL,SP,SP,219.1298034965273,-89.09731222618336,327,-20
348,Josh Lowe,LAA,RF,Batter,214.17940403201004,-89.79046268040298,344,-4
349,Parker Messick,CLE,SP,SP,218.0544916146822,-90.17262410802846,332,-17
350,Matt Svanson,STL,RP,RP,187.096541294489,-90.56499837626183,409,59
351,Edgar Quero,CHW,C,Batter,189.7757830794249,-90.72336327465149,402,51
352,Steven Matz,TBR,SP,SP,217.36993744016243,-90.85717828254823,335,-17
353,Brady House,WSN,3B,Batter,206.1537327669974,-91.39604630621005,368,15
354,Samuel Basallo,BAL,C,Batter,189.02504539400667,-91.47410096006973,405,51
355,Taj Bradley,MIN,SP,SP,216.71317879476774,-91.51393692794292,336,-19
356,Noah Cameron,KCR,SP,SP,216.66012476727707,-91.5669909554336,337,-19
357,Miguel Andujar,SDP,LF,Batter,212.27334308889482,-91.6965236235182,350,-7
358,Davis Martin,CHW,SP,SP,216.28400980260693,-91.94310592010373,338,-20
359,Josh Smith,TEX,SS,Batter,226.35284736150618,-92.82089120784991,310,-49
360,Jordan Walker,STL,RF,Batter,210.78531150568963,-93.18455520672339,354,-6
361,Bo Naylor,CLE,C,Batter,187.12346734366417,-93.37567901041223,408,47
362,Fernando Cruz,NYY,RP,RP,183.53587191631834,-94.12566775443247,417,55
363,Spencer Horwitz,PIT,1B,Batter,236.42479808144662,-94.13582591671639,291,-72
364,Dylan Lee,ATL,RP,RP,183.47344036059644,-94.18809931015437,418,54
365,Nolan Gorman,STL,2B,Batter,193.9637302310242,-94.18970319738642,392,27
366,Lucas Giolito,BOS,SP,SP,213.7998493260061,-94.42726639670457,345,-21
367,Dean Kremer,BAL,SP,SP,213.79140934249273,-94.43570638021794,346,-21
368,Johan Oviedo,BOS,SP,SP,213.47585234086804,-94.75126338184262,347,-21
369,Bailey Ober,MIN,SP,SP,213.4340933706929,-94.79302235201777,348,-21
370,Austin Hays,CHW,LF,Batter,208.84623476513212,-95.1236319472809,360,-10
371,Tanner Scott,LAD,RP,RP,182.18990852751563,-95.47163114323519,419,48
372,Will Vest,DET,RP,RP,181.89874508134218,-95.76279458940863,420,48
373,Cristian Javier,HOU,SP,SP,211.8643815971409,-96.36273412556977,352,-21
374,Christian Moore,LAA,2B,Batter,191.77680313420765,-96.37663029420295,398,24
375,Zack Littell,- - -,SP,SP,211.7906333645225,-96.43648235818816,353,-22
376,Adrian Morejon,SDP,RP,RP,181.21330143425143,-96.44823823649938,422,46
377,Tony Santillan,CIN,RP,RP,181.09035560621817,-96.57118406453264,423,46
378,Ryan McMahon,NYY,3B,Batter,200.54410280524021,-97.00567626796723,377,-1
379,Colton Cowser,BAL,LF,Batter,206.7965159800482,-97.17335073236481,364,-15
380,Jake Meyers,HOU,CF,Batter,206.72878031704877,-97.24108639536425,365,-15
381,Hogan Harris,ATH,RP,RP,180.1596266055194,-97.5019130652314,426,45
382,Jose Berrios,TOR,SP,SP,210.5842726455821,-97.64284307712856,355,-27
383,Matt Strahm,KCR,RP,RP,179.82444633151735,-97.83709333923346,428,45
384,Zach McKinstry,DET,3B,Batter,199.50140347077397,-98.04837560243348,380,-4
385,Bryce Miller,SEA,SP,SP,210.0060307083035,-98.22108501440715,358,-27
386,Tyler Mahle,SFG,SP,SP,209.6885692359531,-98.53854648675755,359,-27
387,Justin Verlander,DET,SP,SP,208.32699407456954,-99.90012164814112,361,-26
388,Parker Meadows,DET,CF,Batter,203.9888291235909,-99.98103758882212,373,-15
389,Victor Scott II,STL,CF,Batter,203.6426425892604,-100.32722412315263,374,-15
390,Matthew Liberatore,STL,SP,SP,207.83838879193934,-100.38872693077133,362,-28
391,Jorge Soler,LAA,RF,Batter,203.44507546128997,-100.52479125112305,375,-16
392,Erik Sabrowski,CLE,RP,RP,176.8411075877258,-100.82043208302503,436,44
393,Luke Weaver,NYM,RP,RP,176.53382390222956,-101.12771576852126,438,45
394,Anthony Volpe,NYY,SS,Batter,217.92388425969256,-101.24985430966353,333,-61
395,Cade Horton,CHC,SP,SP,206.7091293755909,-101.51798634711977,366,-29
396,Jared Triolo,PIT,SS,Batter,217.56084692806866,-101.61289164128743,334,-62
397,Nick Gonzales,PIT,2B,Batter,185.95669540588813,-102.19673802252248,411,14
398,Freddy Fermin,SDP,C,Batter,178.01358558271227,-102.48556077136413,432,34
399,Landen Roupp,SFG,SP,SP,205.70245897536182,-102.52465674734884,369,-30
400,Gregory Soto,PIT,RP,RP,174.39320183971972,-103.26833783103109,441,41
401,Victor Caratini,MIN,C,Batter,177.19959462771533,-103.29955172636107,435,34
402,Alex Vesia,LAD,RP,RP,173.25857073699163,-104.40296893375918,448,46
403,Chase DeLauter,CLE,Unknown,Batter,225.8360756928332,-104.72454830532982,312,-91
404,Mark Leiter Jr.,ATH,RP,RP,172.90912003933093,-104.75241963141988,451,47
405,Evan Carter,TEX,CF,Batter,199.05985965073143,-104.9100070616816,381,-24
406,Yimi Garcia,TOR,RP,RP,172.6616663507302,-104.99987332002061,452,46
407,Carson Kelly,CHC,C,Batter,175.18918764081272,-105.30995871326368,439,32
408,Alek Thomas,ARI,CF,Batter,198.52293154267846,-105.44693516973456,383,-25
409,Shane Bieber,TOR,SP,SP,202.75767992165984,-105.46943580105082,376,-33
410,Jimmy Herget,COL,RP,RP,172.15809822280443,-105.50344144794639,454,44
411,Calvin Faucher,MIA,RP,RP,171.53349720968856,-106.12804246106225,456,45
412,Carlos Narvaez,BOS,C,Batter,174.10984179845718,-106.38930455561922,443,31
413,Carter Jensen,KCR,C,Batter,173.97920367164573,-106.51994268243067,445,32
414,Jesus Sanchez,TOR,Unknown,Batter,223.76712168871614,-106.79350230944686,317,-97
415,Gavin Lux,TBR,LF,Batter,197.07407303872412,-106.8957936736889,385,-30
416,Cole Young,SEA,2B,Batter,180.93906209926737,-107.21437132914323,424,8
417,Jose A. Ferrer,SEA,RP,RP,170.02291099026058,-107.63862868049023,465,48
418,Harrison Bader,SFG,LF,Batter,195.75297514672445,-108.21689156568857,388,-30
419,Zach Eflin,BAL,SP,SP,199.96467730290735,-108.26243841980332,378,-41
420,Brayan Rocchio,CLE,SS,Batter,210.48110380691563,-108.69263476244046,356,-64
421,Moisés Ballesteros,CHC,C,Batter,171.3636444035325,-109.1355019505439,458,37
422,Mason Montgomery,PIT,RP,RP,168.4309251317538,-109.230614538997,472,50
423,Nick Martinez,TBR,SP,SP,198.87284756923864,-109.35426815347202,382,-41
424,Juan Mejia,COL,RP,RP,168.24053935294125,-109.42100031780956,473,49
425,Jose Alvarado,PHI,RP,RP,166.90049053294132,-110.7610491378095,481,56
426,Bryan Baker,TBR,RP,RP,166.56692996438738,-111.09460970636343,482,56
427,Kodai Senga,NYM,SP,SP,197.0683850404635,-111.15873068224715,386,-41
428,Tyler Stephenson,CIN,C,Batter,169.2977037394087,-111.20144261466771,468,40
429,Keibert Ruiz,WSN,C,Batter,168.7901052696941,-111.7090410843823,470,41
430,Sean Burke,CHW,SP,SP,196.46322581300777,-111.7638899097029,387,-43
431,Tyler Rogers,TOR,RP,RP,165.0035072020697,-112.65803246868111,487,56
432,Hunter Gaddis,CLE,RP,RP,164.48577591965602,-113.17576375109479,489,57
433,Connor Norby,MIA,3B,Batter,184.29925518421996,-113.25052388898749,415,-18
434,Matt Brash,SEA,RP,RP,164.295390289828,-113.36614938092282,490,56
435,Joel Peguero,SFG,RP,RP,164.18224531582257,-113.47929435492824,491,56
436,Luis Rengifo,MIL,3B,Batter,184.03986458900062,-113.50991448420683,416,-20
437,Adrian Houser,SFG,SP,SP,194.68233470484384,-113.54478101786682,389,-48
438,Dylan Beavers,BAL,RF,Batter,189.99113893557828,-113.97872777683475,401,-37
439,Roki Sasaki,LAD,SP,SP,192.91211514527112,-115.31500057743955,395,-44
440,Hunter Harvey,CHC,RP,RP,162.23843396436678,-115.42310570638404,498,58
441,A.J. Minter,NYM,RP,RP,162.0911065296161,-115.57043314113471,499,58
442,Kyle Finnegan,DET,RP,RP,161.52635285548052,-116.13518681527029,501,59
443,Blake Treinen,LAD,RP,RP,161.47915206426813,-116.18238760648268,502,59
444,Isaac Collins,KCR,LF,Batter,187.7809113214385,-116.18895539097451,407,-37
445,Camilo Doval,NYY,RP,RP,161.2524275890708,-116.40911208168001,503,58
446,Caleb Thielbar,CHC,RP,RP,160.9770143407918,-116.684525329959,505,59
447,Simeon Woods Richardson,MIN,SP,SP,191.3135579873227,-116.91355773538797,399,-48
448,Cole Winn,TEX,RP,RP,160.3314031843094,-117.3301364864414,506,58
449,Max Scherzer,TOR,SP,SP,190.73098278751146,-117.4961329351992,400,-49
450,Bryan King,HOU,RP,RP,159.91346008659994,-117.74807958415087,508,58
451,Erik Miller,SFG,RP,RP,159.67910768204487,-117.98243198870594,509,58
452,Andre Pallante,STL,SP,SP,189.61186913466463,-118.61524658804603,403,-49
453,Michael Soroka,ARI,SP,SP,188.95221890408087,-119.2748968186298,406,-47
454,Eduard Bazardo,SEA,RP,RP,158.14520162222385,-119.51633804852696,516,62
455,Justin Sterner,ATH,SP,SP,186.83490023228828,-121.39221549042239,410,-45
456,Graham Ashcraft,CIN,RP,RP,155.77554441181286,-121.88599525893795,523,67
457,Gabe Speier,SEA,RP,RP,155.6419080872695,-122.0196315834813,524,67
458,Aaron Civale,ATH,SP,SP,185.889273571266,-122.33784215144468,412,-46
459,Mauricio Dubon,ATL,2B,Batter,165.80391054478358,-122.34952288362703,484,25
460,Kyle Isbel,KCR,CF,Batter,181.48845097657917,-122.48141573583385,421,-39
461,JJ Wetherholt,STL,Unknown,Batter,207.76201114676022,-122.7986128514028,363,-98
462,Eduardo Rodriguez,ARI,SP,SP,185.3818116202172,-122.84530410249346,413,-49
463,Jared Koenig,MIL,RP,RP,154.04403524536468,-123.61750442538613,529,66
464,Patrick Corbin,TEX,SP,SP,184.57582362047688,-123.65129210223378,414,-50
465,Kody Funderburk,MIN,RP,RP,153.7546097973969,-123.9069298733539,532,67
466,Chris Martin,TEX,RP,RP,153.021761747324,-124.6397779234268,535,69
467,Brooks Baldwin,CHW,LF,Batter,179.32789697516807,-124.64196973724495,429,-38
468,Paul Sewald,ARI,RP,RP,152.93930619167298,-124.72223347907783,536,68
469,Kirby Yates,LAA,RP,RP,152.2021646112977,-125.45937505945312,539,70
470,Tyler Freeman,COL,RF,Batter,177.9845317067609,-125.98533500565213,433,-37
471,Greg Weissert,BOS,RP,RP,151.48759170963092,-126.1739479611199,542,71
472,Ryne Stanek,STL,RP,RP,151.40045537536048,-126.26108429539033,543,71
473,Brooks Raley,NYM,RP,RP,150.71908695401817,-126.94245271673265,545,72
474,Lance McCullers Jr.,HOU,SP,SP,180.67584831163762,-127.55126741107304,425,-49
475,Michael Massey,KCR,2B,Batter,159.93876174888766,-128.21467167952295,507,32
476,Bryce Elder,ATL,SP,SP,179.84075534350083,-128.38636037920983,427,-49
477,Drey Jameson,ARI,RP,RP,148.57424700424843,-129.08729266650238,551,74
478,Orion Kerkering,PHI,RP,RP,148.49562328421166,-129.16591638653915,553,75
479,Kade Strowd,ARI,RP,RP,147.92114888616533,-129.7403907845855,555,76
480,Michael McGreevy,STL,SP,SP,178.07380648627702,-130.15330923643364,431,-49
481,Tyler Kinley,ATL,RP,RP,147.23672037007822,-130.4248193006726,560,79
482,Spencer Schwellenbach,ATL,SP,SP,177.51971500072472,-130.70740072198595,434,-48
483,Lucas Erceg,KCR,RP,RP,146.93249894734151,-130.7290407234093,561,78
484,Lane Thomas,KCR,CF,Batter,173.06417647972862,-130.9056902326844,449,-35
485,Liam Hicks,MIA,C,Batter,149.17119186271623,-131.32795449136017,548,63
486,Luis Morales,ATH,SP,SP,176.77490666506625,-131.4522090576444,437,-49
487,Heriberto Hernandez,MIA,LF,Batter,172.479831704599,-131.49003500781401,453,-34
488,Elvis Alvarado,ATH,RP,RP,145.9502410121089,-131.7112986586419,565,77
489,Jake McCarthy,COL,CF,Batter,171.22228448454777,-132.74758222786525,460,-29
490,Isaac Mattson,PIT,RP,RP,144.61534347780662,-133.0461961929442,570,80
491,PJ Poulin,WSN,RP,RP,144.22917037015577,-133.43236930059504,571,80
492,Ryan Thompson,ARI,RP,RP,144.15265790143872,-133.5088817693121,572,80
493,Michael Lorenzen,COL,SP,SP,174.65554009151774,-133.57157563119293,440,-53
494,Mike Vasil,CHW,SP,SP,174.25315003903847,-133.9739656836722,442,-52
495,Tyler O'Neill,BAL,RF,Batter,169.93029869366396,-134.03956801874907,466,-29
496,Yoan Moncada,LAA,3B,Batter,163.4646994693503,-134.08507960385714,493,-3
497,Shawn Armstrong,CLE,SP,SP,174.00007415237866,-134.227041570332,444,-53
498,Julian Fernández,WSN,RP,RP,143.31673948656749,-134.34480018418333,574,76
499,Chris Paddack,MIA,SP,SP,173.4976129153223,-134.72950280738837,446,-53
500,Chase Dollander,COL,SP,SP,173.4570709679862,-134.77004475472447,447,-53
501,Spencer Bivens,SFG,RP,RP,142.77961027471832,-134.8819293960325,577,76
502,Seth Halvorsen,COL,RP,RP,142.74548598996273,-134.91605368078808,578,76
503,Jared Jones,PIT,SP,SP,172.9392220133868,-135.28789370932387,450,-53
504,Pierce Johnson,CIN,RP,RP,141.9678656955026,-135.6936739752482,580,76
505,Cam Smith,HOU,RF,Batter,167.9479367745428,-136.02192993787023,476,-29
506,Joc Pederson,TEX,1B,Batter,194.50484836382861,-136.0557756343344,391,-115
507,John Schreiber,KCR,RP,RP,141.35754879561495,-136.30399087513587,583,76
508,Austin Martin,MIN,CF,Batter,167.5423298766692,-136.4275368357438,478,-30
509,Richard Fitts,STL,SP,SP,171.5671035538391,-136.66001216887156,455,-54
510,Brad Keller,PHI,SP,SP,171.42514848106288,-136.8019672416478,457,-53
511,Jacob Latz,TEX,SP,SP,171.3007769142025,-136.92633880850818,459,-52
512,Ian Seymour,TBR,SP,SP,170.45490301231712,-137.77221271039355,462,-50
513,Brendon Little,TOR,RP,RP,139.78089403637316,-137.88064563437766,589,76
514,Jordan Leasure,CHW,SP,SP,170.32427036330623,-137.90284535940444,463,-51
515,Jose Quintana,COL,SP,SP,170.21204057189786,-138.0150751508128,464,-51
516,Anthony Bender,MIA,RP,RP,139.1496895729456,-138.51185009780522,592,76
517,Louie Varland,TOR,SP,SP,169.55086720464166,-138.676248518069,467,-50
518,Luisangel Acuna,CHW,2B,Batter,149.4552780589111,-138.69815536949952,547,29
519,Luis Campusano,SDP,C,Batter,141.7718684058574,-138.727277948219,581,62
520,Kumar Rocker,TEX,SP,SP,169.2684169746093,-138.95869874810137,469,-51
521,Jose Butto,SFG,RP,RP,138.65958595094278,-139.00195371980803,595,74
522,Jakob Junis,TEX,RP,RP,138.58773491254985,-139.07380475820096,596,74
523,Edouard Julien,COL,2B,Batter,148.65529476078467,-139.49813866762594,550,27
524,Anthony Kay,CHW,SP,SP,168.67601345413848,-139.55110226857218,471,-53
525,Kody Clemens,MIN,2B,Batter,148.5740761728504,-139.5793572555602,552,27
526,Mick Abel,MIN,SP,SP,168.1555837427901,-140.07153197992056,474,-52
527,Kyle Harrison,MIL,SP,SP,168.07079196663813,-140.15632375607254,475,-52
528,Michael Conforto,LAD,LF,Batter,163.80654151204462,-140.1633252003684,492,-36
529,Steven Okert,HOU,SP,SP,167.5665283094719,-140.66058741323877,477,-52
530,Nick Fortes,TBR,C,Batter,139.8311727549581,-140.6679735991183,588,58
531,Jake Fraley,TBR,RF,Batter,163.158501375561,-140.81136533685202,495,-36
532,Tommy Pham,PIT,LF,Batter,163.07648072014644,-140.8933859922666,496,-36
533,Griffin Canning,SDP,SP,SP,167.06751822278207,-141.1595974999286,480,-53
534,Andrew Nardi,MIA,RP,RP,136.42141086546798,-141.24012880528284,603,69
535,Connor Phillips,CIN,RP,RP,135.75722869848585,-141.90431097226497,605,70
536,Nick Mears,KCR,RP,RP,135.17759372682087,-142.48394594392994,606,70
537,Miles Mikolas,WSN,SP,SP,165.57288486921928,-142.65423085349138,485,-52
538,Luis Gil,NYY,SP,SP,165.4678113562919,-142.75930436641877,486,-52
539,Davis Schneider,TOR,LF,Batter,161.101801928598,-142.86806478381502,504,-35
540,Kutter Crawford,BOS,SP,SP,164.76225115070173,-143.46486457200893,488,-52
541,Mason Englert,TBR,RP,RP,134.16562775775628,-143.49591191299453,612,71
542,Matt Festa,CLE,RP,RP,133.3698214995456,-144.29171817120522,616,74
543,Logan Allen,CLE,SP,SP,163.397042444024,-144.83007327868665,494,-49
544,Yennier Cano,BAL,RP,RP,132.215090815729,-145.4464488550218,620,76
545,Tommy Nance,TOR,RP,RP,132.09794978920706,-145.56358988154375,622,77
546,Aaron Ashby,MIL,SP,SP,162.30068581351145,-145.92642990919921,497,-49
547,Tyler Anderson,LAA,SP,SP,161.9103212139536,-146.31679450875706,500,-47
548,Justin Slaten,BOS,RP,RP,131.218998216095,-146.4425414546558,625,77
549,Marcelo Mayer,BOS,3B,Batter,150.89679113756543,-146.65298793564202,544,-5
550,Victor Robles,SEA,RF,Batter,157.2702707633612,-146.69959594905183,518,-32
551,Owen Caissie,MIA,RF,Batter,157.20716580870518,-146.76270090370784,519,-32
552,Michael Kelly,ATH,RP,RP,130.84562949190038,-146.81591017885043,628,76
553,Danny Jansen,TEX,C,Batter,133.617499709126,-146.8816466449504,615,62
554,Zack Kelly,BOS,RP,RP,130.53572154636942,-147.1258181243814,630,76
555,Miguel Amaya,CHC,C,Batter,133.29883943721603,-147.20030691686037,617,62
556,Ben Joyce,LAA,RP,RP,130.40346688217844,-147.25807278857238,631,75
557,Gabriel Arias,CLE,SS,Batter,170.89901873454303,-148.27471983481306,461,-96
558,Yohan Ramirez,PIT,RP,RP,129.15510520677316,-148.50643446397766,635,77
559,Cole Sands,MIN,SP,SP,159.13291335308475,-149.09420236962592,510,-49
560,Ryan Zeferjahn,LAA,SP,SP,158.89013726137017,-149.3369784613405,513,-47
561,Keegan Akin,BAL,SP,SP,158.72251417869904,-149.50460154401162,514,-47
562,Enyel De Los Santos,HOU,RP,RP,127.8546105256479,-149.8069291451029,648,86
563,Casey Schmitt,SFG,3B,Batter,147.41086036171043,-150.138918711497,559,-4
564,Andrew Alvarez,WSN,SP,SP,157.46461356495286,-150.7625021577578,517,-47
565,A.J. Puk,ARI,RP,RP,126.73694961282015,-150.92459005793066,650,85
566,Mike Tauchman,CHW,RF,Batter,152.81454049752244,-151.15532621489058,537,-29
567,Jacob Young,WSN,CF,Batter,152.76297699665548,-151.20688971575754,538,-29
568,Hunter Barco,PIT,SP,SP,156.86228846698123,-151.36482725572944,520,-48
569,Hoby Milner,CHC,RP,RP,126.14313224291841,-151.51840742783241,654,85
570,Sean Murphy,ATL,C,Batter,128.809469840592,-151.68967651348441,639,69
571,Pavin Smith,ARI,1B,Batter,178.38250690440873,-152.17811709375428,430,-141
572,Luis Garcia,NYM,RP,RP,124.95639282366511,-152.7051468470857,659,87
573,Joey Bart,PIT,C,Batter,127.52767671311479,-152.97146964096163,649,76
574,Tim Hill,NYY,RP,RP,124.59531519765825,-153.06622447309257,661,87
575,Caleb Ferguson,CIN,RP,RP,124.51663135326376,-153.14490831748705,662,87
576,Drew Pomeranz,LAA,SP,SP,154.83010161511484,-153.39701410759582,526,-50
577,Tyler Holton,DET,SP,SP,154.4816992654421,-153.74541645726856,527,-50
578,Tyler Phillips,MIA,SP,SP,154.18815155578224,-154.03896416692842,528,-50
579,Hurston Waldrep,ATL,SP,SP,153.81039485005283,-154.41672087265783,530,-49
580,Taijuan Walker,PHI,SP,SP,153.7766027824309,-154.45051294027976,531,-49
581,Justin Topa,MIN,SP,SP,153.46509702488706,-154.7620186978236,534,-47
582,Kyle Higashioka,TEX,C,Batter,125.57594571204824,-154.92320064202818,656,74
583,Justin Lawrence,PIT,RP,RP,122.60876915712035,-155.05277051363046,670,87
584,Brent Headrick,NYY,RP,RP,122.44214497356528,-155.21939469718552,672,88
585,Jordan Romano,LAA,RP,RP,122.06121707337974,-155.60032259737108,675,90
586,Grant Anderson,MIL,RP,RP,121.67977904557846,-155.98176062517234,676,90
587,Jonathan Cannon,CHW,SP,SP,152.14259169534492,-156.08452402736575,540,-47
588,George Valera,CLE,RF,Batter,147.80888287819005,-156.16098383422298,556,-32
589,Jake Bird,NYY,RP,RP,121.42184879589195,-156.23969087485887,679,90
590,Sean Newcomb,CHW,SP,SP,151.7534301934814,-156.47368552922927,541,-49
591,Jose Trevino,CIN,C,Batter,123.71015131820592,-156.78899503587047,666,75
592,Thomas Saggese,STL,2B,Batter,130.77852768433542,-157.3749057440752,629,37
593,Lourdes Gurriel Jr.,ARI,LF,Batter,146.57412796339403,-157.395738749019,562,-31
594,Jackson Rutledge,WSN,RP,RP,120.06018432407825,-157.60135534667256,685,91
595,Sam Hentges,SFG,RP,RP,119.84753949493557,-157.81400017581524,687,92
596,Jovani Morán,BOS,RP,RP,119.78641385664072,-157.8751258141101,688,92
597,Tim Herrin,CLE,RP,RP,119.66879198997691,-157.9927476807739,689,92
598,Patrick Sandoval,BOS,SP,SP,149.6761076357544,-158.55100808695627,546,-52
599,Hunter Dobbins,STL,SP,SP,148.86744542104168,-159.35967030166898,549,-50
600,Pedro Pages,STL,C,Batter,120.63376993144286,-159.86537642263355,682,82
601,Ryan Feltner,COL,SP,SP,148.3381056314764,-159.88901009123427,554,-47
602,Jason Adam,SDP,RP,RP,117.7469922307975,-159.9145474399533,696,94
603,Graham Pauley,MIA,3B,Batter,137.5002909557956,-160.04948811741184,598,-5
604,Ha-seong Kim,ATL,SS,Batter,158.97962021872524,-160.19411835063084,511,-93
605,David Morgan,SDP,SP,SP,147.754743576497,-160.47237214621367,557,-48
606,Jake Mangum,PIT,LF,Batter,143.3430726930855,-160.62679401932752,573,-33
607,Nick Castellanos,SDP,RF,Batter,143.07542406139075,-160.89444265102227,575,-32
608,Gordon Graceffo,STL,RP,RP,116.6156266982455,-161.0459129725053,699,91
609,Eric Orze,MIN,RP,RP,116.44548450383621,-161.2160551669146,701,92
610,Bennett Sousa,HOU,RP,RP,116.36890270169759,-161.2926369690532,702,92
611,Andrew McCutchen,PIT,RF,Batter,142.5492573013224,-161.42060941109062,579,-32
612,Javier Sanoja,MIA,2B,Batter,126.48081857712381,-161.6726148512868,652,40
613,Luis Medina,ATH,SP,SP,146.32527957253322,-161.90183615017745,564,-49
614,Yuki Matsui,SDP,RP,RP,115.40683263113772,-162.2547070396131,704,90
615,Robert Gasser,MIL,SP,SP,145.82616349842002,-162.40095222429065,566,-49
616,Javier Baez,DET,CF,Batter,141.51377399285764,-162.4560927195554,582,-34
617,Amed Rosario,NYY,3B,Batter,134.97862507853472,-162.57115399467273,608,-9
618,Tanner Banks,PHI,SP,SP,145.58241528069587,-162.6447004420148,567,-51
619,Dietrich Enns,BAL,SP,SP,145.56634122276418,-162.66077449994648,568,-51
620,Thairo Estrada,COL,2B,Batter,125.17017304715097,-162.98326038125964,658,38
621,Justin Steele,CHC,SP,SP,145.20644808908375,-163.0206676336269,569,-52
622,Jesse Winker,,LF,Batter,140.87450172668161,-163.0953649857314,584,-38
623,Cole Sulser,TBR,RP,RP,114.3563689562478,-163.305170714503,709,86
624,Rhys Hoskins,MIL,1B,Batter,167.24819875934168,-163.31242523882133,479,-145
625,Kyle Farmer,COL,2B,Batter,123.83773661593648,-164.31569681247413,665,40
626,C.J. Kayfus,CLE,1B,Batter,166.185771043521,-164.37485295464202,483,-143
627,Luis Torrens,NYM,C,Batter,115.19933049559835,-165.29981585847804,705,78
628,Taylor Clarke,ARI,RP,RP,112.34609911789636,-165.31544055285445,715,87
629,Matt Shaw,CHC,3B,Batter,131.8711435553928,-165.67863551781466,623,-6
630,Adam Frazier,- - -,2B,Batter,122.42608014105454,-165.72735328735607,673,43
631,Andrew Chafin,MIN,RP,RP,111.6283106103109,-166.0332290604399,718,87
632,Connor Brogdon,CLE,RP,RP,111.45203180345277,-166.20950786729804,719,87
633,Jose Fermin,LAA,RP,RP,111.34117215228946,-166.32036751846135,721,88
634,Jacob Webb,CHC,RP,RP,111.14922686308462,-166.5123128076662,723,89
635,Tyrone Taylor,NYM,CF,Batter,137.06632727441126,-166.90353943800176,600,-35
636,Griff McGarry,WSN,RP,RP,110.58099161693568,-167.08054805381514,724,88
637,Carlos Vargas,SEA,RP,RP,110.5702570404154,-167.0912826303354,725,88
638,Randal Grichuk,- - -,RF,Batter,136.85547579458253,-167.1143909178305,601,-37
639,Andrew Painter,PHI,SP,SP,140.85271700867128,-167.3743987140394,585,-54
640,Brock Burke,CIN,SP,SP,139.76489990972107,-168.4622158129896,590,-50
641,Harry Ford,WSN,C,Batter,111.97460748813904,-168.52453886593736,717,76
642,Randy Vasquez,SDP,SP,SP,139.60057290037,-168.62654282234067,591,-51
643,Joel Payamps,ATL,RP,RP,108.6985930155275,-168.9629466552233,732,89
644,Janson Junk,MIA,SP,SP,139.05373465862138,-169.17338106408928,593,-51
645,José Fermín,STL,2B,Batter,118.73663090183557,-169.41680252657505,692,47
646,Drew Anderson,DET,SP,SP,138.72766735025118,-169.49944837245948,594,-52
647,Garrett Mitchell,MIL,CF,Batter,134.05488150060356,-169.91498521180947,613,-34
648,Porter Hodge,CHC,RP,RP,107.68198570920721,-169.97955396154362,733,85
649,Caden Dana,LAA,SP,SP,137.76703229113082,-170.46008343157985,597,-52
650,Konnor Griffin,PIT,Unknown,Batter,158.95232073525776,-171.60830326290525,512,-138
651,Brenan Hanifee,DET,RP,RP,105.9319338555508,-171.72960581520002,739,88
652,Bryan Hudson,NYM,RP,RP,105.91846607546276,-171.74307359528805,740,88
653,Anthony Banda,MIN,SP,SP,136.4325055529048,-171.79461016980588,602,-51
654,Giancarlo Stanton,NYY,DH,Batter,158.67272598456736,-171.88789801359565,515,-139
655,Walker Buehler,- - -,SP,SP,136.1779628998823,-172.04915282282838,604,-51
656,Alek Manoah,LAA,SP,SP,135.136629464167,-173.09048625854368,607,-49
657,Robby Snelling,MIA,SP,SP,134.96389727923994,-173.26321844347072,609,-48
658,Ryan Weiss,HOU,SP,SP,134.8472555616529,-173.37986016105776,610,-48
659,Spencer Arrighetti,HOU,SP,SP,134.62853752911727,-173.5985781935934,611,-48
660,Bryce Eldridge,SFG,1B,Batter,156.8439381348955,-173.71668586326751,521,-139
661,Carlos Santana,ARI,1B,Batter,156.79467914073945,-173.76594485742356,522,-139
662,Denzel Clarke,ATH,CF,Batter,130.1365740393143,-173.83329267309873,632,-30
663,JJ Bleday,CIN,CF,Batter,129.1839659111763,-174.78590080123672,634,-29
664,Jonny DeLuca,TBR,CF,Batter,129.06002394046536,-174.90984277194767,636,-28
665,Will Klein,LAD,RP,RP,102.67430653069326,-174.98723314005755,751,86
666,Josiah Gray,WSN,SP,SP,133.14391492205198,-175.0832008006587,618,-48
667,Aaron Bummer,ATL,SP,SP,133.09350128598436,-175.1336144367263,619,-48
668,Max Muncy,ATH,3B,Batter,122.40407045391885,-175.1457086192886,674,6
669,Matt Vierling,DET,CF,Batter,128.7757235732086,-175.1941431392044,640,-29
670,Nathaniel Lowe,CIN,1B,Batter,155.09901251071807,-175.46161148744494,525,-145
671,Angel Martinez,CLE,CF,Batter,128.2941938632712,-175.67567284914182,644,-27
672,Michael A. Taylor,CHW,RF,Batter,128.1235079185109,-175.8463587939021,647,-25
673,Jake Irvin,WSN,SP,SP,132.20695998251006,-176.0201557402006,621,-52
674,Rhett Lowder,CIN,SP,SP,131.68914654732646,-176.5379691753842,624,-50
675,Jaden Hill,COL,RP,RP,100.69328327182772,-176.96825639892307,758,83
676,Ty France,- - -,1B,Batter,153.49520331837115,-177.06542067979186,533,-143
677,Joe Boyle,TBR,SP,SP,131.0456210316073,-177.18149469110335,626,-51
678,German Marquez,SDP,SP,SP,130.84701548118537,-177.3801002415253,627,-51
679,Troy Johnston,COL,OF,Batter,125.53432679047987,-178.43553992193316,657,-22
680,Paul Blackburn,NYY,SP,SP,129.48574944645748,-178.7413662762532,633,-47
681,Jose Caballero,NYY,SS,Batter,139.87364410791076,-179.30009446144533,587,-94
682,Henry Davis,PIT,C,Batter,101.06683641739527,-179.43230993668112,755,73
683,Tomoyuki Sugano,COL,SP,SP,128.76168253431175,-179.46543318839892,641,-42
684,Christopher Morel,MIA,LF,Batter,123.98355511261111,-179.98631159980192,664,-20
685,Tyler Alexander,TEX,SP,SP,128.21531613788238,-180.01179958482828,645,-40
686,Tyler Wells,BAL,SP,SP,128.1384889956729,-180.08862672703776,646,-40
687,Colin Selby,BAL,RP,RP,96.71546854251496,-180.94607112823587,765,78
688,Griffin Conine,MIA,LF,Batter,122.66657968765772,-181.30328702475532,669,-19
689,Steven Wilson,TBR,RP,RP,96.28689352732121,-181.3746461434296,767,78
690,Brandon Sproat,MIL,SP,SP,126.65264994463084,-181.57446577807983,651,-39
691,Rico Garcia,BAL,SP,SP,126.33756816962129,-181.88954755308936,653,-38
692,Miguel Rojas,LAD,2B,Batter,105.16064639390078,-182.99278703450983,742,50
693,Romy Gonzalez,BOS,1B,Batter,147.44712248154116,-183.11350151662185,558,-135
694,Will Benson,CIN,LF,Batter,120.75963947554233,-183.2102272368707,681,-13
695,Troy Melton,DET,SP,SP,124.88576020378207,-183.3413555189286,660,-35
696,George Soriano,STL,RP,RP,93.88063074742536,-183.78090892332546,775,79
697,Scott Barlow,ATH,SP,SP,124.44066470896156,-183.78645101374912,663,-34
698,Kevin McGonigle,DET,Unknown,Batter,146.350142560234,-184.21048143792902,563,-135
699,Brent Suter,LAA,SP,SP,122.70344235583886,-185.5236733668718,668,-31
700,Carmen Mlodzinski,PIT,SP,SP,122.45272566122563,-185.77439006148504,671,-29
701,John King,MIA,RP,RP,91.75282586829013,-185.90871380246068,785,84
702,Jose Tena,WSN,3B,Batter,111.39844624315755,-186.1513328300499,720,18
703,Wikelman Gonzalez,CHW,RP,RP,91.32380249301067,-186.33773717774014,786,83
704,Justin Wilson,BOS,RP,RP,91.08461791540242,-186.5769217553484,787,83
705,Angel Zerpa,MIL,SP,SP,121.62760747877782,-186.59950824393286,678,-27
706,Edmundo Sosa,PHI,2B,Batter,101.46386322559593,-186.68957020281468,754,48
707,Jonathan Bowlan,PHI,SP,SP,121.03420196428267,-187.192913758428,680,-27
708,Brock Stewart,LAD,RP,RP,90.2893170837338,-187.372222587017,792,84
709,Starling Marte,NYM,LF,Batter,116.49698257313264,-187.47288413928038,700,-9
710,Jake Bauers,MIL,1B,Batter,142.87731306356437,-187.68331093459864,576,-134
711,José Urquidy,PIT,SP,SP,120.38804713971118,-187.8390685829995,683,-28
712,Cody Bradford,TEX,SP,SP,120.25548174664277,-187.9716339760679,684,-28
713,Brant Hurter,DET,SP,SP,119.89263223591736,-188.33448348679332,686,-27
714,Rob Refsnyder,SEA,RF,Batter,115.40683811817904,-188.56302859423397,703,-11
715,Wandy Peralta,SDP,SP,SP,119.48726287361461,-188.73985284909605,690,-25
716,Ryan Pressly,CHC,RP,RP,88.80841237081177,-188.85312729993905,798,82
717,Jack Dreyer,LAD,SP,SP,119.01645445930205,-189.2106612634086,691,-26
718,Mason Fluharty,TOR,RP,RP,87.97712630354799,-189.6844133672028,805,87
719,Dylan Dodd,ATL,RP,RP,87.7818941478444,-189.8796455229064,806,87
720,Zach Cole,HOU,CF,Batter,113.91658733213988,-190.05327938027312,710,-10
721,Colin Rea,CHC,SP,SP,118.16553223554122,-190.06158348716946,694,-27
722,Cade Gibson,MIA,SP,SP,118.12553165969295,-190.1015840630177,695,-27
723,Travis d'Arnaud,LAA,C,Batter,90.39285108173463,-190.10629527234175,791,68
724,Taylor Walls,TBR,SS,Batter,129.0239728852558,-190.1497656841003,637,-87
725,Masataka Yoshida,BOS,LF,Batter,113.73746088227466,-190.23240583013836,712,-13
726,Carson Williams,TBR,SS,Batter,128.89676206829512,-190.27697650106097,638,-88
727,Rowdy Tellez,- - -,1B,Batter,139.9314210575835,-190.62920294057952,586,-141
728,Hunter Feduccia,TBR,C,Batter,89.77750429047599,-190.72164206360043,795,67
729,Nasim Nuñez,WSN,SS,Batter,128.41334366661167,-190.76039490274442,643,-86
730,Brennan Bernardino,COL,SP,SP,117.2788239113006,-190.94829181141006,697,-33
731,Ben Casparius,LAD,SP,SP,116.9030577469732,-191.32405797573745,698,-33
732,Grant Wolfram,BAL,RP,RP,85.94960664044521,-191.7119330303056,814,82
733,Dane Myers,CIN,CF,Batter,111.98943659933211,-191.9804301130809,716,-17
734,Ryan Fernandez,STL,RP,RP,85.25551982107274,-192.40601984967807,815,81
735,Justin Crawford,PHI,Unknown,Batter,137.38571718716253,-193.17490681100048,599,-136
736,Braydon Fisher,TOR,SP,SP,115.00632657214005,-193.22078915057062,706,-30
737,Reese Olson,DET,SP,SP,114.92493281182107,-193.3021829108896,707,-30
738,Huascar Brazoban,NYM,SP,SP,114.88850923355045,-193.3386064891602,708,-30
739,Jasson Dominguez,NYY,OF,Batter,109.98135384582754,-193.9885128665855,728,-11
740,Connor Wong,BOS,C,Batter,86.06608241432961,-194.43306393974677,812,72
741,Daniel Schneemann,CLE,2B,Batter,93.59172875023833,-194.56170467817228,776,35
742,Tommy Kahnle,DET,RP,RP,82.58886849302766,-195.07267117772315,826,84
743,Yohel Pozo,STL,C,Batter,85.21509614135468,-195.28405021272172,816,73
744,Eric Lauer,TOR,SP,SP,112.87973837808988,-195.34737734462078,714,-30
745,James McCann,ARI,C,Batter,84.82524591203902,-195.6739004420374,818,73
746,Blaze Alexander,BAL,SS,Batter,123.06423742227071,-196.10950114708538,667,-79
747,Braxton Fulford,COL,C,Batter,84.30377271972738,-196.19537363434904,820,73
748,Kevin Kelly,TBR,RP,RP,81.37497616704607,-196.28656350370474,834,86
749,Vaughn Grissom,LAA,Unknown,Batter,133.85107005103237,-196.70955394713064,614,-135
750,Luke Raley,SEA,RF,Batter,107.1273703089248,-196.8424964034882,734,-16
751,Marcus Stroman,NYY,SP,SP,111.16391055777969,-197.063205164931,722,-29
752,Alex Verdugo,ATL,LF,Batter,106.8280410615087,-197.1418256509043,735,-17
753,Adrian Del Castillo,ARI,C,Batter,83.06492764144552,-197.43421871263087,824,71
754,Jordan Lawlar,ARI,SS,Batter,121.66467860409627,-197.50905996525984,677,-77
755,Casey Legumina,SEA,SP,SP,110.32767029998682,-197.89944542272383,726,-29
756,Justin Wrobleski,LAD,SP,SP,110.18522245059334,-198.0418932721173,727,-29
757,Zach Agnos,COL,RP,RP,79.56997099814399,-198.09156867260683,839,82
758,Stephen Kolek,KCR,SP,SP,109.91753632424256,-198.3095793984681,729,-29
759,Steven Cruz,KCR,RP,RP,78.88593882716509,-198.77560084358572,843,84
760,Christian Vazquez,MIN,C,Batter,80.48037861740312,-200.01876773667328,835,75
761,Ezequiel Duran,TEX,SS,Batter,118.51400663186784,-200.65973193748823,693,-68
762,Oswald Peraza,LAA,3B,Batter,96.3496458025843,-201.20013327062316,766,4
763,Colby Thomas,ATH,RF,Batter,102.76383304888742,-201.2060336635256,749,-14
764,Erick Fedde,CHW,SP,SP,106.54957467365746,-201.67754104905322,737,-27
765,Jhostynxon Garcia,PIT,CF,Batter,102.26452054104297,-201.70534617137005,753,-12
766,Sung-Mun Song,SDP,Unknown,Batter,128.757837776096,-201.802786222067,642,-124
767,Ryan Yarbrough,NYY,SP,SP,106.03032130879488,-202.19679441391577,738,-29
768,Ben Williamson,TBR,3B,Batter,95.31282449340432,-202.23695457980313,769,1
769,Logan Evans,SEA,SP,SP,105.39899973381223,-202.82811598889845,741,-28
770,Luke Jackson,- - -,RP,RP,74.80658397542025,-202.85495569533055,857,87
771,Andre Granillo,WSN,RP,RP,74.58664161414762,-203.0748980566032,859,88
772,Matt Gage,SFG,SP,SP,104.82514865725179,-203.40196706545888,743,-29
773,Chad Green,TOR,RP,RP,74.23375147552676,-203.42778819522405,863,90
774,Emerson Hancock,SEA,SP,SP,104.6420613650752,-203.58505435763547,744,-30
775,Daniel Lynch IV,KCR,SP,SP,104.4723027933544,-203.75481292935626,745,-30
776,David Hamilton,MIL,2B,Batter,84.37172350808521,-203.7817099203254,819,43
777,Kyle Nicolas,PIT,RP,RP,73.36725904734053,-204.2942806234103,864,87
778,Andrés Chaparro,WSN,1B,Batter,125.69941136370038,-204.86121263446262,655,-123
779,Ian Hamilton,ATL,SP,SP,103.33265575995117,-204.8944599627595,747,-32
780,Tyler Ferguson,ATH,RP,RP,72.75447351366591,-204.9070661570849,865,85
781,Mitch Garver,SEA,C,Batter,75.58793851866601,-204.91120783541038,853,72
782,Jordan Hicks,CHW,SP,SP,102.82279601192556,-205.4043197107851,748,-34
783,J.T. Ginn,ATH,SP,SP,102.70810707406297,-205.51900864864768,750,-33
784,Brandon Eisert,CHW,SP,SP,102.63597735287681,-205.59113836983386,752,-32
785,Jose Iglesias,SDP,2B,Batter,82.46103120587544,-205.69240222253518,828,43
786,Chase Shugart,PHI,RP,RP,71.71557245247924,-205.94596721827156,869,83
787,Jake Rogers,DET,C,Batter,74.45814685135588,-206.04099950272052,860,73
788,Cody Freeman,TEX,3B,Batter,91.06522354542459,-206.48455552778285,788,0
789,Hayden Birdsong,SFG,SP,SP,100.88999628038172,-207.33711944232894,756,-33
790,Andrew Saalfrank,ARI,RP,RP,70.3138379179022,-207.3477017528486,873,83
791,A.J. Blubaugh,HOU,SP,SP,100.86362145346752,-207.36349426924315,757,-34
792,Luis Mey,CIN,RP,RP,69.96259528670909,-207.69894438404174,874,82
793,Daysbel Hernandez,ATL,RP,RP,69.91280921254457,-207.74873045820624,875,82
794,Connor Prielipp,MIN,SP,SP,100.27138218337227,-207.95573353933838,759,-35
795,Darell Hernaiz,ATH,3B,Batter,89.32605273000281,-208.22372634320465,797,2
796,Connelly Early,BOS,SP,SP,99.57488207720668,-208.652233645504,760,-36
797,Bailey Falter,KCR,SP,SP,99.56262117200585,-208.66449455070483,761,-36
798,Drew Gilbert,SFG,CF,Batter,95.04254515185178,-208.92732156056124,771,-27
799,Sam Haggerty,TEX,CF,Batter,94.38007437139123,-209.5897923410218,772,-27
800,Santiago Espinal,CIN,3B,Batter,87.57123986200303,-209.9785392112044,808,8
801,Blake Perkins,MIL,CF,Batter,93.94750707362326,-210.02235963878977,774,-27
802,Alexander Canario,PIT,LF,Batter,93.36449741861145,-210.60536929380157,777,-25
803,Ryan Bergert,KCR,SP,SP,97.53806426814904,-210.68905145456162,763,-40
804,Robert Hassell III,WSN,CF,Batter,93.27613298431014,-210.69373372810287,778,-26
805,Lake Bachar,MIA,SP,SP,97.38716468967598,-210.83995103303468,764,-41
806,Jeremiah Jackson,BAL,2B,Batter,76.99093579797984,-211.16249763043078,849,43
807,Dalton Rushing,LAD,C,Batter,68.6306995702343,-211.8684467838421,877,70
808,Nathan Church,STL,LF,Batter,92.02659131229701,-211.94327540011602,784,-24
809,Danny Coulombe,- - -,SP,SP,95.78498800845972,-212.44212771425094,768,-41
810,Colin Holderman,CLE,RP,RP,65.1954696640563,-212.4660700066945,886,76
811,Joey Lucchesi,SFG,RP,RP,65.02960078806542,-212.6319388826854,888,77
812,Payton Tolle,BOS,SP,SP,95.25374169343672,-212.97337402927394,770,-42
813,Luis Urias,ATH,2B,Batter,74.30034879444706,-213.85308463396353,861,48
814,Gio Urshela,ATH,3B,Batter,83.60145636113299,-213.94832271207446,821,7
815,Kyle Karros,COL,3B,Batter,83.33170980180803,-214.21806927139943,822,7
816,Chris Murphy,CHW,RP,RP,63.442236553884506,-214.2193031168663,893,77
817,J.C. Escarra,NYY,C,Batter,65.9044492995269,-214.5946970545495,883,66
818,Trevor McDonald,SFG,SP,SP,93.2295618489938,-214.99755387371687,779,-39
819,Antonio Senzatela,COL,SP,SP,93.07894227875187,-215.1481734439588,780,-39
820,Rob Zastryzny,MIL,SP,SP,93.06037677190974,-215.16673895080092,781,-39
821,Jonathan Loaisiga,ARI,RP,RP,62.32984306476919,-215.33169660598162,896,75
822,Rafael Marchan,PHI,C,Batter,64.96891709066787,-215.53022926340853,889,67
823,Jahmai Jones,DET,RF,Batter,88.18550672643083,-215.78435998598218,804,-19
824,Keider Montero,DET,SP,SP,92.31651357611653,-215.91060214659413,783,-41
825,Tyler Austin,CHC,Unknown,Batter,113.75295566468608,-216.80766833347693,711,-114
826,Tyler Heineman,TOR,C,Batter,63.66434026876094,-216.83480608531545,892,66
827,Dominic Smith,SFG,1B,Batter,113.71489686796848,-216.84572713019452,713,-114
828,Alek Jacob,SDP,RP,RP,60.60970296447336,-217.05183670627747,903,75
829,Oswaldo Cabrera,NYY,3B,Batter,79.96183837999864,-217.5879406932088,837,8
830,Tobias Myers,NYM,SP,SP,90.56504817194417,-217.6620675507665,790,-40
831,Mitchell Parker,WSN,SP,SP,90.198945500152,-218.02817022255866,793,-38
832,Javier Assad,CHC,SP,SP,89.78317099914777,-218.44394472356288,794,-38
833,Alex Call,LAD,RF,Batter,85.18942251773,-218.780444194683,817,-16
834,Max Lazar,PHI,RP,RP,58.59812409036829,-219.06341558038253,907,73
835,Chris Roycroft,STL,RP,RP,58.5843687932244,-219.0771708775264,908,73
836,Juan Morillo,ARI,RP,RP,58.312825792273166,-219.34871387847764,909,73
837,Ben Brown,CHC,SP,SP,88.76050686773316,-219.4666088549775,799,-38
838,Travis Adams,MIN,SP,SP,88.74195081031769,-219.48516491239297,800,-38
839,JP Sears,SDP,SP,SP,88.63059884569869,-219.596516877012,801,-38
840,Yoendrys Gomez,TBR,SP,SP,88.54257467871324,-219.68454104399743,802,-38
841,Jon Gray,,SP,SP,88.44983557755427,-219.7772801451564,803,-38
842,Leo Rivas,SEA,2B,Batter,67.92759555311734,-220.22583787529328,879,37
843,JT Brubaker,SFG,SP,SP,87.70933729943667,-220.517778423274,807,-36
844,Yerry De Los Santos,NYY,RP,RP,57.13204597957228,-220.52949369117852,913,69
845,Jon Berti,CHC,3B,Batter,76.87922113640684,-220.6705579368006,851,6
846,Myles Straw,TOR,CF,Batter,83.1324101700511,-220.8374565423619,823,-23
847,Carson Benge,NYM,Unknown,Batter,109.60356588942066,-220.95705810874233,730,-117
848,Wilmer Flores,SFG,1B,Batter,109.55724903883389,-221.0033749593291,731,-117
849,Justyn-Henry Malloy,TBR,RF,Batter,82.91773349713255,-221.0521332152805,825,-24
850,Trent Thornton,CHC,RP,RP,56.5349676649685,-221.12657200578232,917,67
851,Charlie Morton,- - -,SP,SP,86.54506086786887,-221.6820548548418,809,-42
852,DL Hall,MIL,SP,SP,86.23890172504152,-221.98821399766916,811,-41
853,Bryce Teodosio,LAA,CF,Batter,81.81539110242797,-222.15447560998507,830,-23
854,James Outman,MIN,CF,Batter,81.72881151047685,-222.24105520193618,831,-23
855,Chris Taylor,LAA,CF,Batter,81.5607362278937,-222.40913048451932,833,-22
856,Dan Altavilla,MIN,RP,RP,54.695658709377746,-222.96588096137307,921,65
857,Austin Wynns,ATH,C,Batter,57.13355573342773,-223.36559062064867,912,55
858,Chase Lee,TOR,RP,RP,54.08485158237718,-223.57668808837363,926,68
859,Orlando Ribalta,WSN,RP,RP,54.03707277884078,-223.62446689191003,927,68
860,Adael Amador,COL,2B,Batter,64.44504080866568,-223.70839261974493,890,30
861,Drew Millas,WSN,C,Batter,56.781194483438036,-223.71795187063836,916,55
862,Ramon Urias,- - -,Unknown,Batter,106.76648356122573,-223.79414043693728,736,-126
863,Tim Tawa,ARI,2B,Batter,64.06478005114508,-224.08865337726553,891,28
864,Sam Bachman,LAA,RP,RP,53.34546399423862,-224.31607567651218,928,64
865,Max Kepler,PHI,LF,Batter,79.3233355838234,-224.64653112858963,841,-24
866,Isiah Kiner-Falefa,BOS,SS,Batter,94.20323963815314,-224.97049893120294,773,-93
867,Michael Tonkin,MIN,RP,RP,52.605864543083,-225.05567512766783,934,67
868,Angel Chivilli,NYY,RP,RP,52.41390551559257,-225.24763415515824,935,67
869,Hyeseong Kim,LAD,2B,Batter,62.406878429520866,-225.74655499888974,895,26
870,Richie Palacios,TBR,LF,Batter,77.96682498387699,-226.00304172853603,846,-24
871,Martin Maldonado,SDP,C,Batter,54.284225126351785,-226.21492122772463,923,52
872,Luis Matos,SFG,RF,Batter,77.58245920323152,-226.38740750918151,847,-25
873,Ryan Gusto,MIA,SP,SP,81.82365425364948,-226.4034614690612,829,-44
874,Beau Brieske,DET,SP,SP,81.6449560352884,-226.58215968742226,832,-42
875,Enrique Hernandez,LAD,1B,Batter,103.64883290818273,-226.91179108998028,746,-129
876,Everson Pereira,CHW,CF,Batter,76.93896542049411,-227.0309012919189,850,-26
877,Jorge Lopez,WSN,RP,RP,50.03527144355207,-227.62626822719875,939,62
878,Paxton Schultz,WSN,SP,SP,79.59417616119406,-228.6329395615166,838,-40
879,Bowden Francis,TOR,SP,SP,79.39689985128003,-228.83021587143065,840,-39
880,Zack Gelof,ATH,2B,Batter,58.98671324615592,-229.1667201822547,905,25
881,Johnathan Rodríguez,CLE,RF,Batter,74.65455674564573,-229.3153099667673,858,-23
882,David Festa,MIN,SP,SP,78.85577456246888,-229.3713411602418,844,-38
883,Elias Diaz,SDP,C,Batter,50.64641118990924,-229.85273516416717,936,53
884,Brett Harris,ATH,3B,Batter,67.62686682011069,-229.92291225309674,880,-4
885,Tanner Gordon,COL,SP,SP,78.27094217459089,-229.95617354811978,845,-40
886,Jacob Stallings,- - -,C,Batter,50.30400049464574,-230.19514585943065,938,52
887,Alan Roden,MIN,LF,Batter,72.37682686240724,-231.59303985000577,866,-21
888,Rafael Montero,NYY,RP,RP,45.842498401485905,-231.81904126926491,949,61
889,Anthony Santander,TOR,OF/DH,Batter,72.0161332134176,-231.9537334989954,868,-21
890,Reese McGuire,MIL,C,Batter,48.49187984354358,-232.00726651053282,941,51
891,Kaleb Ort,LAA,RP,RP,45.642000373767125,-232.01953929698368,951,60
892,Colt Emerson,SEA,Unknown,Batter,98.36268263403615,-232.19794136412685,762,-130
893,Jason Alexander,HOU,SP,SP,75.65423835838213,-232.57287736432852,852,-41
894,Austin Hedges,CLE,C,Batter,47.7577107494399,-232.7414356046365,943,49
895,Austin Slater,- - -,LF,Batter,70.85283457764254,-233.11703213477048,872,-23
896,Joey Wentz,ATL,SP,SP,75.03103428977654,-233.19608143293414,856,-40
897,Ryan Brasier,TEX,SP,SP,74.25360577860039,-233.97350994411028,862,-35
898,Cionel Perez,WSN,RP,RP,42.949689736427814,-234.711849934323,962,64
899,DJ LeMahieu,NYY,2B,Batter,53.204329322233775,-234.94910410617683,929,30
900,Gary Sanchez,BAL,C,Batter,45.27095485502594,-235.22819149905047,954,54
901,Kristian Campbell,BOS,2B,Batter,52.85231011899402,-235.3011233094166,931,30
902,Ildemaro Vargas,ARI,2B,Batter,52.6727578402642,-235.48067558814643,933,31
903,Corbin Burnes,ARI,SP,SP,72.24244508246427,-235.9846706402464,867,-36
904,Ronny Mauricio,NYM,3B,Batter,61.38646700360912,-236.16331206959833,901,-3
905,Nick Loftin,KCR,LF,Batter,67.61429534290185,-236.35557136951115,881,-24
906,Jackson Perkins,ATH,SP,SP,71.39466434846557,-236.8324513742451,870,-36
907,Jose Urena,- - -,SP,SP,71.10238677463653,-237.12472894807414,871,-36
908,Justin Turner,CHC,1B,Batter,93.02579044337513,-237.5348335547879,782,-126
909,Hector Neris,KCR,RP,RP,39.94851427926576,-237.71302539148505,969,60
910,Michael Helman,TEX,CF,Batter,66.01305588362065,-237.95681082879236,882,-28
911,Dane Dunning,SEA,RP,RP,38.357737106618075,-239.30380256413275,971,60
912,Andy Ibanez,ATH,Unknown,Batter,90.81633209707876,-239.74429190108424,789,-123
913,Jalen Beeks,ARI,SP,SP,68.23926551194522,-239.98785021076543,878,-35
914,Otto Kemp,PHI,1B,Batter,89.38563277373258,-241.1749912244304,796,-118
915,Ryan Ritter,COL,SS,Batter,77.37768366446828,-241.7960549048878,848,-67
916,Zach Brzykcy,WSN,RP,RP,35.45866808590949,-242.20287158484132,979,63
917,Lyon Richardson,CIN,RP,RP,35.297443472740724,-242.3640961980101,980,63
918,Christian Koss,SFG,2B,Batter,45.715581584828854,-242.43785184358177,950,32
919,Kai-Wei Teng,HOU,SP,SP,65.60292160716281,-242.62419411554785,884,-35
920,Will Wagner,SDP,3B,Batter,54.918907644205035,-242.6308714290024,919,-1
921,Felix Bautista,BAL,RP,RP,34.926781033726236,-242.73475863702458,983,62
922,Tristan Beck,SFG,SP,SP,65.42350994070857,-242.80360578200208,885,-37
923,Jorge Alcala,TOR,RP,RP,34.55522120014512,-243.1063184706057,984,61
924,Blaine Crim,COL,1B,Batter,86.27186349925684,-244.28876049890619,810,-114
925,Ryan Borucki,CHW,RP,RP,33.30254085506375,-244.35899881568707,987,62
926,David Fry,CLE,1B,Batter,85.97101107382458,-244.58961292433844,813,-113
927,Carlos Hernandez,CLE,RP,RP,32.56259304463123,-245.09894662611958,988,61
928,Mason Barnett,ATH,SP,SP,62.96012470742097,-245.2669910152897,894,-34
929,Pierson Ohl,COL,SP,SP,61.904582841834,-246.32253288087668,897,-32
930,Genesis Cabrera,PHI,RP,RP,31.177098649408748,-246.48444102134206,992,62
931,John Rave,KCR,RF,Batter,57.10527088605704,-246.86459582635598,914,-17
932,Warming Bernabel,WSN,3B,Batter,50.514338360194564,-247.0354407130129,937,5
933,Riley Adams,WSN,C,Batter,33.406848445240165,-247.09229790883623,986,53
934,Clarke Schmidt,NYY,SP,SP,61.04207634814475,-247.18503937456592,902,-32
935,Yariel Rodriguez,TOR,SP,SP,60.414234472305935,-247.81288125040473,904,-31
936,Dylan Moore,PHI,2B,Batter,40.25962814678814,-247.89380528162246,968,32
937,Ryan Mountcastle,BAL,1B,Batter,82.49950034446431,-248.0611236536987,827,-110
938,Joshua Palacios,CHW,RF,Batter,55.76038056462505,-248.20948614778797,918,-20
939,Kyle Backhus,PHI,RP,RP,28.91813895972419,-248.74340071102662,999,60
940,Mark Canha,TEX,LF,Batter,54.88410272304322,-249.0857639893698,920,-20
941,Manuel Rodriguez,TBR,RP,RP,28.51769538396809,-249.14384428678272,1001,60
942,Colton Gordon,HOU,SP,SP,58.665446301562184,-249.56166942114848,906,-36
943,Nolan Jones,CLE,RF,Batter,54.248114732371214,-249.7217519800418,924,-19
944,Triston Casas,BOS,1B,Batter,80.22204276249698,-250.33858123566603,836,-108
945,Sawyer Gipson-Long,DET,SP,SP,57.86162980943606,-250.3654859132746,910,-35
946,Carlos Carrasco,- - -,SP,SP,57.39378564616842,-250.83333007654224,911,-35
947,Alejandro Osuna,TEX,LF,Batter,53.023324694820296,-250.94654201759272,930,-17
948,Derek Hill,CHW,CF,Batter,52.786090689505905,-251.18377602290713,932,-16
949,Gunnar Hoglund,ATH,SP,SP,56.933960004945895,-251.29315571776476,915,-34
950,Josh Simpson,MIA,RP,RP,26.35142051707687,-251.31011915367395,1007,57
951,Abimelec Ortiz,WSN,Unknown,Batter,79.06315227327829,-251.49747172488472,842,-109
952,Tyler Fitzgerald,SFG,2B,Batter,35.23077098851069,-252.9226624398999,982,30
953,Hunter Strickland,LAA,RP,RP,23.09872296326339,-254.56281670748743,1014,61
954,Eli White,ATL,RF,Batter,49.25228416015212,-254.7175825522609,940,-14
955,Konnor Pilkington,DET,RP,RP,22.91153705016174,-254.75000262058907,1015,60
956,Joe Mack,MIA,Unknown,Batter,75.43051897729498,-255.13010502086803,854,-102
957,Tyler Locklear,ARI,1B,Batter,75.07726613500294,-255.48335786316005,855,-102
958,Collin Snider,CHC,RP,RP,21.612894827804638,-256.04864484294615,1017,59
959,John Brebbia,COL,RP,RP,20.850778614412,-256.81076105633883,1021,62
960,Chas McCormick,CHC,LF,Batter,46.50994949945703,-257.459917212956,948,-12
961,Kyren Paris,LAA,2B,Batter,29.682331964975653,-258.47110146343493,998,37
962,Johan Rojas,PHI,CF,Batter,45.45611690781383,-258.5137498045992,952,-10
963,Hunter Renfroe,KCR,RF,Batter,45.04033143133656,-258.9295352810765,955,-8
964,Nick Martini,COL,RF,Batter,44.57862174905797,-259.39124496335506,956,-8
965,Brendan Rodgers,BOS,2B,Batter,28.44755859135225,-259.70587483705833,1002,37
966,Hayden Wesneski,HOU,SP,SP,48.06054924381881,-260.16656647889187,942,-24
967,Justin Hagenman,NYM,SP,SP,47.58323992453447,-260.64387579817617,944,-23
968,Kyle Hart,SDP,SP,SP,47.440784790695034,-260.78633093201563,945,-23
969,LaMonte Wade Jr.,CHW,1B,Batter,69.56463943079966,-260.99598456736334,876,-93
970,Cam Booser,TBR,RP,RP,16.27059440758917,-261.39094526316165,1028,58
971,Brandon Young,BAL,SP,SP,46.729694818361715,-261.4974209043489,946,-25
972,Cade Povich,BAL,SP,SP,46.683246347398544,-261.5438693753121,947,-25
973,Cooper Hummel,- - -,LF,Batter,42.3531335982701,-261.6167331141429,963,-10
974,Jack Suwinski,PIT,RF,Batter,41.48795536729262,-262.4819113451204,964,-10
975,Martin Perez,ATL,SP,SP,45.305036410545895,-262.9220793121648,953,-22
976,Joey Loperfido,HOU,LF,Batter,40.94266055363448,-263.02720615877854,967,-9
977,Brandon Waddell,NYM,SP,SP,43.969289133338634,-264.25782658937203,958,-19
978,Alex Jackson,MIN,C,Batter,16.058447455812793,-264.44069889826363,1030,52
979,Carson Whisenhunt,SFG,SP,SP,43.75481071525522,-264.4723050074555,959,-20
980,Trevor Williams,WSN,SP,SP,43.61056845419061,-264.61654726852004,960,-20
981,Tyler Gilbert,CHW,SP,SP,43.5876524656056,-264.63946325710504,961,-20
982,Matt Bowman,MIN,RP,RP,12.866973816646928,-264.7945658541039,1038,56
983,Orlando Arcia,MIN,SS,Batter,54.33306908542014,-264.8406694839359,922,-61
984,Nick Allen,HOU,SS,Batter,54.24235020187182,-264.93138836748426,925,-59
985,Charlie Condon,COL,Unknown,Batter,65.1006439329586,-265.4599800652044,887,-98
986,Josh Rojas,KCR,3B,Batter,31.554602426609904,-265.99517664659754,990,4
987,Max Schuemann,NYY,3B,Batter,31.539375625560428,-266.01040344764704,991,4
988,Zach Dezenzo,HOU,LF,Batter,37.77641543183109,-266.19345128058194,972,-16
989,Adam Mazur,MIA,SP,SP,41.35543629944206,-266.8716794232686,966,-23
990,Paul DeJong,NYY,3B,Batter,30.429719967127763,-267.1200591060797,995,5
991,Ben Rortvedt,NYM,C,Batter,13.163035798644959,-267.33611055543145,1036,45
992,Willie MacIver,TEX,C,Batter,13.02735907838395,-267.47178727569246,1037,45
993,Dylan Carlson,CHC,LF,Batter,35.29090940892032,-268.6789573034927,981,-12
994,Ryan Waldschmidt,ARI,Unknown,Batter,61.85299666721997,-268.70762733094307,898,-96
995,Eric Wagaman,MIN,1B,Batter,61.7027741330253,-268.8578498651377,899,-96
996,Travis Bazzana,CLE,Unknown,Batter,61.4935762002225,-269.0670477979405,900,-96
997,Tyler Wade,TEX,2B,Batter,19.020860379580576,-269.13257304883,1025,28
998,Landon Knack,LAD,SP,SP,37.56894693057242,-270.6581687921382,973,-25
999,Mitch Farris,LAA,SP,SP,37.448544495221924,-270.7785712274887,974,-25
1000,Lou Trivino,PHI,SP,SP,37.25284753583266,-270.974268186878,975,-25
1001,Mickey Gasper,BOS,2B,Batter,16.972684574574743,-271.1807488538359,1027,26
1002,Bryse Wilson,PHI,SP,SP,36.87794465438772,-271.34917106832296,976,-26
1003,Scott Blewett,STL,SP,SP,36.162528565214075,-272.0645871574966,977,-26
1004,Bryce Jarvis,ARI,RP,RP,4.351150112629561,-273.31038955812124,1068,64
1005,Carson Fulmer,LAA,RP,RP,3.7704063829275287,-273.89113328782327,1073,68
1006,Jake Woodford,TBR,RP,RP,3.6050424502497713,-274.05649722050106,1074,68
1007,Miles Mastrobuoni,SEA,3B,Batter,23.43717539192938,-274.1126036812781,1013,6
1008,Randy Rodriguez,SFG,RP,RP,2.879896627520712,-274.7816430432301,1075,67
1009,Ronny Henriquez,MIA,RP,RP,2.787055468889499,-274.8744842018613,1076,67
1010,Max Kranick,NYM,RP,RP,2.6631685867888577,-274.99837108396196,1077,67
1011,Shawn Dubin,ARI,RP,RP,2.528013711954227,-275.1335259587966,1078,67
1012,Matt Thaiss,BOS,C,Batter,5.208405783578077,-275.2907405704983,1065,53
1013,Shelby Miller,CHC,RP,RP,2.0238193326695417,-275.6377203380813,1081,68
1014,Nic Enright,TOR,RP,RP,1.9990725011015444,-275.6624671696493,1082,68
1015,John Curtiss,ARI,RP,RP,1.9786834462571605,-275.68285622449366,1083,68
1016,Carson Palmquist,COL,SP,SP,32.50852443211216,-275.7185912905985,989,-27
1017,Emmanuel Clase,CLE,RP,RP,1.9038963073025903,-275.7576433634482,1084,67
1018,Chris Stratton,- - -,RP,RP,1.8554230194853445,-275.8061166512655,1086,68
1019,Eduardo Salazar,WSN,RP,RP,1.7835494400113852,-275.87799023073944,1087,68
1020,Jose Castillo,- - -,RP,RP,1.7187841889709146,-275.9427554817799,1088,68
1021,Tayler Scott,ATL,RP,RP,1.6784675881665958,-275.9830720825842,1089,68
1022,Leody Taveras,BAL,OF,Batter,27.930474800264324,-276.0393919121487,1003,-19
1023,Sam Long,KCR,RP,RP,1.5751459678183575,-276.08639370293247,1090,67
1024,Ian Gibaut,CIN,RP,RP,1.1880261103064387,-276.47351356044436,1091,67
1025,Jack Kochanowicz,LAA,SP,SP,30.83418267363772,-277.39293304907295,993,-32
1026,Grant Holman,ARI,SP,SP,30.14975961526105,-278.0773561074496,996,-30
1027,Brandon Lockridge,MIL,LF,Batter,25.817068167603836,-278.1527985448092,1008,-19
1028,Ronel Blanco,HOU,SP,SP,29.684498655433668,-278.542617067277,997,-31
1029,Carson Seymour,SFG,SP,SP,28.58817337428944,-279.6389423484212,1000,-29
1030,Andruw Monasterio,BOS,SS,Batter,39.492499001989636,-279.68123956736645,970,-60
1031,Kameron Misner,KCR,CF,Batter,24.115507890666827,-279.8543588217462,1012,-19
1032,Austin Gomber,TEX,SP,SP,27.792442221817403,-280.43467350089327,1004,-28
1033,Drew Waters,KCR,LF,Batter,21.540189020302467,-282.42967769211054,1018,-15
1034,McCade Brown,COL,SP,SP,25.719202077363892,-282.5079136453468,1009,-25
1035,Mitch Spence,KCR,SP,SP,25.690025462662785,-282.5370902600479,1010,-25
1036,Trey Sweeney,DET,SS,Batter,35.71021205849524,-283.46352651086085,978,-58
1037,Osvaldo Bido,NYY,SP,SP,24.62872195462417,-283.5983937680865,1011,-26
1038,Taylor Trammell,HOU,LF,Batter,19.973444747185493,-283.9964219652275,1022,-16
1039,Joe Ross,ARI,SP,SP,22.79787543829542,-285.42924028441524,1016,-23
1040,Yanquiel Fernandez,NYY,RF,Batter,18.24348519556162,-285.7263815168514,1026,-14
1041,Jonah Bride,TEX,3B,Batter,11.163901875421262,-286.38587719778616,1041,0
1042,Curtis Mead,CHW,1B,Batter,44.0362529245551,-286.5243710736079,957,-85
1043,Kevin Newman,KCR,3B,Batter,10.575808465135918,-286.9739706080715,1042,-1
1044,Ryan Rolison,CHC,SP,SP,21.24235578727697,-286.9847599354337,1019,-25
1045,Bradley Blalock,MIA,SP,SP,19.638264863509818,-288.5888508592009,1023,-22
1046,Nacho Alvarez Jr.,ATL,SS,Batter,30.564370831907173,-288.6093677374489,994,-52
1047,Kolby Allard,CLE,SP,SP,19.36912958647767,-288.85798613623297,1024,-23
1048,Nick Sogard,BOS,1B,Batter,41.469998240830925,-289.0906257573321,965,-83
1049,Jonatan Clase,TOR,LF,Batter,14.34933243000357,-289.62053428240944,1032,-17
1050,Heston Kjerstad,BAL,LF,Batter,14.347568041424145,-289.62229867098887,1033,-17
1051,Weston Wilson,BAL,LF,Batter,14.152222086842151,-289.8176446255709,1034,-17
1052,Emmanuel Rivera,BAL,3B,Batter,6.641304861373258,-290.9084742118342,1054,2
1053,Jhonkensy Noel,BAL,RF,Batter,12.145235698971296,-291.8246310134417,1039,-14
1054,Vinny Capra,BOS,3B,Batter,5.273295491503946,-292.2764835817035,1064,10
1055,Shinnosuke Ogasawara,WSN,SP,SP,13.473539862122879,-294.7535758605878,1035,-20
1056,Christian Encarnacion-Strand,CIN,1B,Batter,34.376173900997564,-296.18445009716544,985,-71
1057,AJ Smith-Shawver,ATL,SP,SP,10.35583012292502,-297.87128559978566,1043,-14
1058,Valente Bellozo,COL,SP,SP,10.233648630559886,-297.99346709215075,1044,-14
1059,Tylor Megill,NYM,SP,SP,9.257760222416607,-298.96935550029406,1045,-14
1060,Cal Quantrill,TEX,SP,SP,8.690864577087003,-299.5362511456237,1046,-14
1061,Yu Darvish,SDP,SP,SP,8.68665702209688,-299.5404587006138,1047,-14
1062,Brandon Walter,HOU,SP,SP,8.464154938349443,-299.7629607843612,1048,-14
1063,Luis L. Ortiz,CLE,SP,SP,8.245692301642515,-299.98142342106814,1049,-14
1064,Nestor Cortes,- - -,SP,SP,7.498620763506365,-300.7284949592043,1050,-14
1065,Tony Gonsolin,LAD,SP,SP,7.264938811131588,-300.9621769115791,1051,-14
1066,Clayton Kershaw,LAD,SP,SP,7.015451899341613,-301.21166382336907,1052,-14
1067,Jackson Jobe,DET,SP,SP,6.678085444859634,-301.54903027785105,1053,-14
1068,Ben Lively,CLE,SP,SP,6.635730934000608,-301.59138478871006,1055,-13
1069,Tanner Houck,BOS,SP,SP,6.567112235880013,-301.66000348683065,1056,-13
1070,Frankie Montas,NYM,SP,SP,6.534847299571596,-301.69226842313907,1057,-13
1071,Andrew Heaney,- - -,SP,SP,6.240985493043163,-301.9861302296675,1058,-13
1072,Anthony DeSclafani,ARI,SP,SP,6.182295635141974,-302.04482008756867,1059,-13
1073,Kyle Hendricks,LAA,SP,SP,5.997362045368187,-302.2297536773425,1060,-13
1074,Caleb Boushley,TEX,SP,SP,5.793708845621086,-302.43340687708957,1061,-13
1075,Matt Sauer,LAD,SP,SP,5.587164843129416,-302.63995087958125,1062,-13
1076,Connor Gillispie,MIA,SP,SP,5.534762614519574,-302.69235310819107,1063,-13
1077,Michael Toglia,CIN,1B,Batter,27.70428805224717,-302.8563359459158,1005,-72
1078,Nabil Crismatt,TEX,SP,SP,5.136391838804247,-303.09072388390643,1066,-12
1079,Anthony Molina,ATL,SP,SP,4.378769772833389,-303.8483459498773,1067,-12
1080,Thomas Hatch,ARI,SP,SP,4.328576392885762,-303.8985393298249,1069,-11
1081,Chris Flexen,CHC,SP,SP,4.239068102226872,-303.98804762048377,1070,-11
1082,Coby Mayo,BAL,1B,Batter,26.51009705694267,-304.05052694122037,1006,-76
1083,Anthony Veneziano,- - -,SP,SP,4.042658550037961,-304.1844571726727,1071,-12
1084,Easton Lucas,TOR,SP,SP,3.907792857577099,-304.3193228651336,1072,-12
1085,Austin Cox,ATL,SP,SP,2.476087714510189,-305.7510280082005,1079,-6
1086,Reed Garrett,NYM,SP,SP,2.0770634901266196,-306.150052232584,1080,-6
1087,Sean Reynolds,SDP,SP,SP,1.8683457416967924,-306.3587699810139,1085,-2
1088,Abraham Toro,KCR,1B,Batter,21.054065134334497,-309.5065588638285,1020,-68
1089,Enmanuel Valdez,PIT,1B,Batter,16.229877861293588,-314.33074613686944,1029,-60
1090,Matt Mervis,WSN,1B,Batter,14.526289743242932,-316.03433425492005,1031,-59
1091,Donovan Solano,- - -,1B,Batter,11.739498952411514,-318.8211250457515,1040,-51
