Overall_PAR_Rank,Name,Team,Position,Type,Projected_Fpoints,PAR,Overall_Raw_Rank,Rank_Change
1,Shohei Ohtani,LAD,DH/SP,Batter,470.7851430131132,470.7851430131132,5,4
2,Juan Soto,NYM,OF,Batter,518.9670399864713,221.72460759842846,2,0
3,Tarik Skubal,DET,SP,SP,528.7463340759277,215.44155409336088,1,-2
4,Aaron Judge,NYY,OF/DH,Batter,495.3059224705269,198.06349008248412,4,0
5,Spencer Steer,CIN,SP,Batter,191.38794566724272,191.38794566724272,384,379
6,Garrett Crochet,BOS,SP,SP,500.18843626976013,186.88365628719328,3,-3
7,Jose Ramirez,CLE,3B/DH,Batter,462.16611855822015,171.0063551575222,6,-1
8,Bobby Witt Jr.,KCR,SS,Batter,454.14520516005985,135.70589545085454,7,-1
9,Hunter Greene,CIN,SP,SP,448.0817482471466,134.77696826457975,8,-1
10,Paul Skenes,PIT,SP,SP,438.2446780204773,124.93989803791044,9,-1
11,Cole Ragans,KCR,SP,SP,435.93080472946167,122.62602474689481,10,-1
12,Dylan Cease,TOR,SP,SP,431.8912196159363,118.58643963336942,11,-1
13,Kyle Tucker,LAD,OF,Batter,413.2574121170677,116.0149797290249,14,1
14,Ketel Marte,ARI,2B/DH,Batter,395.1789986732753,109.03718069419125,18,4
15,Bryan Woo,SEA,SP,SP,414.21199798583984,100.90721800327299,13,-2
16,Fernando Tatis Jr.,SDP,OF,Batter,395.38118595417103,98.13875356612823,17,1
17,Jacob deGrom,TEX,SP,SP,409.590961933136,96.28618195056913,15,-2
18,Vladimir Guerrero Jr.,TOR,1B/DH,Batter,418.2797477695272,89.28406256962069,12,-6
19,Cristopher Sanchez,PHI,SP,SP,401.3373532295227,88.03257324695585,16,-3
20,Maikel Garcia,KCR,3B,Batter,376.37321128558494,85.21344788488699,24,4
21,Corbin Carroll,ARI,OF,Batter,374.53215532000564,77.28972293196284,26,5
22,Chris Sale,ATL,SP,SP,388.6525049209595,75.34772493839262,19,-3
23,Logan Gilbert,SEA,SP,SP,382.0238287448883,68.71904876232145,23,0
24,Cal Raleigh,SEA,C/DH,Batter,342.41796787231465,67.64167406682839,57,33
25,Alex Bregman,CHC,3B,Batter,358.13893837623255,66.97917497553459,37,12
26,Gunnar Henderson,BAL,SS,Batter,384.8284585486944,66.38914883948911,20,-6
27,Mookie Betts,LAD,SS,Batter,383.34030783928256,64.90099813007726,22,-5
28,Yordan Alvarez,HOU,OF/DH,Batter,359.9349703504675,62.692537962424694,34,6
29,Ronald Acuna Jr.,ATL,OF,Batter,359.6033277735813,62.36089538553853,35,6
30,William Contreras,MIL,C/DH,Batter,334.9288449751583,60.15255116967205,70,40
31,Jesus Luzardo,PHI,SP,SP,373.3243350982666,60.019555115699745,28,-3
32,Nico Hoerner,CHC,2B,Batter,346.11045014165205,59.968632162567985,48,16
33,Junior Caminero,TBR,3B,Batter,349.9557549456302,58.795991544932235,47,14
34,Geraldo Perdomo,ARI,SS,Batter,376.10139160876315,57.66208189955785,25,-9
35,Sonny Gray,BOS,SP,SP,369.8830232620239,56.57824327945707,29,-6
36,Francisco Lindor,NYM,SS,Batter,374.47434541846167,56.03503570925636,27,-9
37,Hunter Brown,HOU,SP,SP,369.0141398906708,55.70935990810392,30,-7
38,Vinnie Pasquantino,KCR,1B/DH,Batter,384.54677294846636,55.55108774855984,21,-17
39,Max Fried,NYY,SP,SP,368.82273387908936,55.5179538965225,31,-8
40,Julio Rodriguez,SEA,OF,Batter,351.65457099629856,54.41213860825576,45,5
41,Gleyber Torres,DET,2B,Batter,339.0785733907872,52.93675541170313,65,24
42,Logan Webb,SFG,SP,SP,366.06432127952576,52.7595412969589,32,-10
43,Joe Ryan,MIN,SP,SP,362.76224851608276,49.45746853351591,33,-10
44,George Springer,TOR,OF/DH,Batter,344.6936395845383,47.45120719649549,49,5
45,Alec Burleson,STL,OF/1B/DH,Batter,344.53313800397166,47.29070561592886,50,5
46,Brent Rooker,ATH,OF/DH,Batter,343.9607995327243,46.71836714468151,53,7
47,Edwin Diaz,LAD,RP,RP,359.5653929710388,46.26061298847196,36,-11
48,Ben Rice,NYY,1B/C/DH,Batter,320.5459236691242,45.76962986363793,89,41
49,Manny Machado,SDP,3B,Batter,336.49802418848356,45.3382607877856,68,19
50,Zack Wheeler,PHI,SP,SP,357.95690155029297,44.65212156772611,38,-12
51,Jackson Merrill,SDP,OF,Batter,341.4663345896861,44.223902201643284,60,9
52,Steven Kwan,CLE,OF,Batter,340.2546242921044,43.01219190406158,63,11
53,Jurickson Profar,ATL,OF,Batter,339.3593975550947,42.11696516705189,64,11
54,Drew Rasmussen,TBR,SP,SP,354.83418130874634,41.52940132617948,41,-13
55,Brice Turang,MIL,2B,Batter,327.00702564335984,40.86520766427577,82,27
56,Mason Miller,SDP,RP,RP,353.7283043861389,40.42352440357206,43,-13
57,Salvador Perez,KCR,C/1B/DH,Batter,313.71896320669117,38.94266940120491,106,49
58,Kyle Bradish,BAL,SP,SP,350.04939699172974,36.74461700916288,46,-12
59,Emmet Sheehan,LAD,SP,SP,344.4331169128418,31.12833693027494,51,-8
60,Nick Pivetta,SDP,SP,SP,344.10837745666504,30.803597474098183,52,-8
61,Blake Snell,LAD,SP,SP,342.5884323120117,29.283652329444863,56,-5
62,Robbie Ray,SFG,SP,SP,341.93003487586975,28.625254893302895,58,-4
63,George Kirby,SEA,SP,SP,341.56734025478363,28.262560272216774,59,-4
64,Cody Bellinger,NYY,OF,Batter,325.4487891965183,28.206356808475505,83,19
65,Brandon Woodruff,MIL,SP,SP,341.39970326423645,28.094923281669594,61,-4
66,Kyle Schwarber,PHI,DH,Batter,357.05612153761194,28.060436337705426,39,-27
67,Brendan Donovan,SEA,2B,Batter,313.67814202430685,27.536324045222784,107,40
68,Josh Naylor,SEA,1B/DH,Batter,355.85053781415735,26.85485261425083,40,-28
69,Corey Seager,TEX,SS,Batter,343.905678911229,25.466369202023714,54,-15
70,Framber Valdez,DET,SP,SP,338.7680469751358,25.463266992568947,66,-4
71,Pete Alonso,BAL,1B,Batter,354.2206974621114,25.22501226220487,42,-29
72,Randy Arozarena,SEA,OF,Batter,322.066931164644,24.824498776601217,87,15
73,Drake Baldwin,ATL,C,Batter,299.3553434764121,24.579049670925826,137,64
74,Ozzie Albies,ATL,2B,Batter,310.28341153942637,24.1415935603423,113,39
75,Yandy Diaz,TBR,1B/DH,Batter,352.44857300676176,23.452887806855244,44,-31
76,Eury Perez,MIA,SP,SP,335.44996905326843,22.145189070701576,69,-7
77,Nathan Eovaldi,TEX,SP,SP,334.3062152862549,21.001435303688027,71,-6
78,Alec Bohm,PHI,3B,Batter,312.077410285731,20.917646885033037,110,32
79,Jung Hoo Lee,SFG,OF,Batter,317.7773873183844,20.5349549303416,94,15
80,Jack Flaherty,DET,SP,SP,333.6614999771118,20.35671999454496,72,-8
81,Jackson Chourio,MIL,OF,Batter,317.42651623419556,20.18408384615276,96,15
82,Cade Smith,CLE,RP,RP,332.95607805252075,19.651298069953896,73,-9
83,Adley Rutschman,BAL,C,Batter,293.03527738094846,18.258983575462196,156,73
84,Pete Crow-Armstrong,CHC,OF,Batter,315.4471493738711,18.204716985828327,103,19
85,Shea Langeliers,ATH,C,Batter,292.743341221191,17.967047415704712,158,73
86,Devin Williams,NYM,RP,RP,331.02117919921875,17.716399216651894,74,-12
87,Marcus Semien,NYM,2B,Batter,303.5879975939809,17.446179614896835,129,42
88,Matt Chapman,SFG,3B,Batter,308.4695661357591,17.30980273506117,117,29
89,Sandy Alcantara,MIA,SP,SP,330.261372089386,16.95659210681913,75,-14
90,Ian Happ,CHC,OF,Batter,313.8774352681103,16.635002880067475,104,14
91,Ernie Clement,TOR,3B/2B/SS,Batter,302.5993797041099,16.457561725025812,132,41
92,Jo Adell,LAA,OF,Batter,313.6773063010645,16.434873913021704,108,16
93,Freddy Peralta,NYM,SP,SP,329.3478524684906,16.043072485923744,76,-17
94,Josh Hader,HOU,RP,RP,328.16977167129517,14.86499168872831,78,-16
95,Aroldis Chapman,BOS,RP,RP,327.8364133834839,14.53163340091703,80,-15
96,Matt Olson,ATL,1B,Batter,342.9658318528551,13.970146652948586,55,-41
97,Ryan Pepiot,TBR,SP,SP,327.1666650772095,13.861885094642616,81,-16
98,Otto Lopez,MIA,SS/2B,Batter,298.974486427116,12.832668448031939,138,40
99,Roman Anthony,BOS,OF,Batter,309.6141412274418,12.371708839398991,114,15
100,Freddie Freeman,LAD,1B,Batter,341.0973489438712,12.101663743964707,62,-38
101,Taylor Ward,BAL,OF,Batter,308.70885575980293,11.46642337176013,115,14
102,Shane Baz,BAL,SP,SP,323.8208808898926,10.516100907325722,84,-18
103,Wyatt Langford,TEX,OF,Batter,307.3919354934558,10.149503105412975,120,17
104,Bryson Stott,PHI,2B,Batter,295.964919483927,9.823101504842953,147,43
105,Bo Bichette,NYM,SS,Batter,328.02762355462585,9.588313845420544,79,-26
106,Jose Herrera,TEX,RP,Batter,9.263045921575559,9.263045921575559,958,852
107,Rafael Devers,SFG,1B/DH,Batter,337.64568058136075,8.649995381454232,67,-40
108,Jarren Duran,BOS,OF,Batter,305.3429902884419,8.10055790039911,125,17
109,Hunter Goodman,COL,C/DH,Batter,282.253868340075,7.477574534588712,184,75
110,Carlos Correa,HOU,SS/3B,Batter,298.630956500664,7.471193099966058,139,29
111,David Bednar,NYY,RP,RP,319.9366888999939,6.63190891742704,90,-21
112,Brandon Nimmo,TEX,OF,Batter,303.8017971125111,6.55936472446831,128,16
113,Reid Detmers,LAA,RP,RP,319.4946479797363,6.189867997169472,91,-22
114,Jhoan Duran,PHI,RP,RP,319.3642635345459,6.059483551979042,92,-22
115,Daylen Lile,WSN,OF,Batter,302.84973320815885,5.607300820116052,131,16
116,Trea Turner,PHI,SS,Batter,323.77652043700755,5.337210727802244,85,-31
117,Yoshinobu Yamamoto,LAD,SP,SP,318.53604388237,5.231263899803139,93,-24
118,Jeremy Pena,HOU,SS,Batter,323.65996340596797,5.2206536967626676,86,-32
119,Spencer Strider,ATL,SP,SP,317.44617199897766,4.141392016410805,95,-24
120,Gavin Williams,CLE,SP,SP,317.29197120666504,3.987191224098183,98,-22
121,Luis Garcia Jr.,WSN,2B,Batter,289.91663988004854,3.7748219009644686,167,46
122,Xavier Edwards,MIA,2B/SS,Batter,289.37937730143364,3.2375593223495684,168,46
123,Aaron Nola,PHI,SP,SP,316.0919919013977,2.787211918830849,99,-24
124,Yainer Diaz,HOU,C/DH,Batter,277.3675054184611,2.5912116129748597,191,67
125,Kevin Gausman,TOR,SP,SP,315.85836029052734,2.5535803079604875,100,-25
126,Riley Greene,DET,OF/DH,Batter,299.4333122119105,2.1908798238677036,136,10
127,Austin Riley,ATL,3B,Batter,293.10871726424693,1.9489538635489794,155,28
128,Miguel Vargas,CHW,3B/1B,Batter,292.4824930966752,1.322729695977273,159,31
129,Alejandro Kirk,TOR,C,Batter,276.01229711111665,1.2360033056303905,193,64
130,Nolan Arenado,ARI,3B,Batter,291.98072018604773,0.8209567853497788,160,30
131,Jordan Westburg,BAL,3B,Batter,291.8272155849512,0.6674521842532499,162,31
132,Jose Soriano,LAA,SP,SP,313.76985931396484,0.4650793313979875,105,-27
133,Luis Arraez,SFG,1B/DH,Batter,329.056144867233,0.06045966732648367,77,-56
134,Heliot Ramos,SFG,OF,Batter,296.28655156975407,-0.9558808182887333,143,9
135,Tyler Glasnow,LAD,SP,SP,312.2787046432495,-1.0260753393173445,109,-26
136,Elly De La Cruz,CIN,SS,Batter,317.3249264037329,-1.1143833054724155,97,-39
137,Agustin Ramirez,MIA,C/DH,Batter,273.34534779034954,-1.4309460151367261,198,61
138,Jeff McNeil,ATH,2B/OF,Batter,283.46196327622215,-2.679854702861917,183,45
139,Willy Adames,SFG,SS,Batter,315.6634658853111,-2.7758438238942063,102,-37
140,James Wood,WSN,OF/DH,Batter,293.9177052428982,-3.3247271451446068,150,10
141,Seiya Suzuki,CHC,OF/DH,Batter,293.7248597074925,-3.517572680550302,152,11
142,Jose Altuve,HOU,2B/OF/DH,Batter,281.98401462743504,-4.157803351649022,185,43
143,Jakob Marsee,MIA,OF,Batter,292.84277774668317,-4.399654641359632,157,14
144,Caleb Durbin,BOS,3B,Batter,286.39967087156873,-4.760092529129224,176,32
145,Zac Gallen,ARI,SP,SP,308.52498376369476,-4.779796218872093,116,-29
146,Michael Harris II,ATL,OF,Batter,291.7271321379489,-5.515300250093901,163,17
147,MacKenzie Gore,TEX,SP,SP,307.7291896343231,-5.575590348243736,119,-28
148,Daniel Palencia,CHC,RP,RP,307.0017080307007,-6.303071951866173,121,-27
149,Luis Castillo,SEA,SP,SP,306.7455234527588,-6.559256529808067,122,-27
150,Zach Neto,LAA,SS,Batter,311.7716724140071,-6.667637295198176,111,-39
151,Jazz Chisholm Jr.,NYY,2B/3B,Batter,279.3815526277877,-6.760265351296368,187,36
152,Nolan Schanuel,LAA,1B,Batter,321.3896488738066,-7.606036326099911,88,-64
153,Andres Munoz,SEA,RP,RP,305.63697814941406,-7.667801833152794,124,-29
154,Tyler Soderstrom,ATH,OF/1B,Batter,288.6865770824931,-8.555855305549699,170,16
155,Pablo Lopez,MIN,SP,SP,304.4523355960846,-8.852444386482262,126,-29
156,Tanner Bibee,CLE,SP,SP,304.19111144542694,-9.113668537139915,127,-29
157,Will Smith,LAD,C,Batter,264.9024503674291,-9.873843438057179,218,61
158,Masyn Winn,STL,SS,Batter,308.3667587446619,-10.072550964543382,118,-40
159,Michael King,SDP,SP,SP,302.4365804195404,-10.868199563026451,133,-26
160,Bryan Reynolds,PIT,OF/DH,Batter,286.12575064566664,-11.116681742376159,177,17
161,Andy Pages,LAD,OF,Batter,285.7650444007111,-11.477387987331724,179,18
162,Ranger Suarez,BOS,SP,SP,301.49692964553833,-11.807850337028526,134,-28
163,Bryce Harper,PHI,1B,Batter,315.7896027332612,-13.206082466645341,101,-62
164,Kris Bubic,KCR,SP,SP,299.51483595371246,-13.789944028854393,135,-29
165,Chase Burns,CIN,SP,SP,297.9853458404541,-15.319434142112755,140,-25
166,Nolan McLean,NYM,SP,SP,296.42361438274384,-16.88116559982302,142,-24
167,Luis Severino,ATH,SP,SP,296.0789850950241,-17.225794887542747,145,-22
168,Brandon Pfaadt,ARI,SP,SP,296.01938557624817,-17.285394406318687,146,-22
169,Luke Keaschall,MIN,2B,Batter,268.79035908045756,-17.351458898626504,208,39
170,Jonathan Aranda,TBR,1B,Batter,311.0377155252941,-17.9579696746124,112,-58
171,Bubba Chandler,PIT,SP,SP,294.672908782959,-18.631871199607872,148,-23
172,Shohei Ohtani,LAD,SP,SP,293.94717383384705,-19.35760614871981,149,-23
173,Emilio Pagan,CIN,RP,RP,293.5665616989136,-19.738218283653282,153,-20
174,Jorge Polanco,NYM,2B/DH,Batter,266.338801814121,-19.803016164963083,212,38
175,Mitch Keller,PIT,SP,SP,293.4240173101425,-19.88076267242434,154,-21
176,Ezequiel Tovar,COL,SS,Batter,297.9826390675815,-20.456670641623816,141,-35
177,Jacob Misiorowski,MIL,SP,SP,291.8659111261368,-21.438868856430076,161,-16
178,TJ Friedl,CIN,OF,Batter,275.416409065677,-21.826023322365813,194,16
179,Ivan Herrera,STL,DH,Batter,306.24426492067494,-22.75142027923158,123,-56
180,Yusei Kikuchi,LAA,SP,SP,290.1546632051468,-23.150116777420067,166,-14
181,Ryne Nelson,ARI,SP,SP,288.21119689941406,-25.093583083152794,171,-10
182,Jeff Hoffman,TOR,RP,RP,288.10179924964905,-25.20298073291781,172,-10
183,Jake Cronenworth,SDP,2B,Batter,260.7180883347228,-25.423729644361288,228,45
184,Marcell Ozuna,ATL,DH,Batter,303.2090503442341,-25.786634855672446,130,-54
185,Gabriel Moreno,ARI,C,Batter,248.69123142498796,-26.0850623804983,253,68
186,Lars Nootbaar,STL,LF,Batter,271.00593566485315,-26.236496723189646,202,16
187,Andres Gimenez,TOR,2B,Batter,259.8180760850277,-26.323741894056354,231,44
188,Carlos Rodon,NYY,SP,SP,286.80753695964813,-26.497243022918724,174,-14
189,Jonathan India,KCR,2B/3B/OF/DH,Batter,259.33490705872515,-26.806910920358916,232,43
190,Ceddanne Rafaela,BOS,OF/2B,Batter,259.2400135110822,-26.901804468001842,233,43
191,CJ Abrams,WSN,SS,Batter,290.84977722079975,-27.589532488405553,165,-26
192,Matthew Boyd,CHC,SP,SP,285.01787090301514,-28.28690907955172,180,-12
193,Joey Cantillo,CLE,SP,SP,284.34955883026123,-28.955221152305626,182,-11
194,Jacob Wilson,ATH,SS,Batter,288.9089859025905,-29.53032380661483,169,-25
195,Brooks Lee,MIN,3B,Batter,261.554076928457,-29.60568647224096,225,30
196,Oneil Cruz,PIT,OF,Batter,265.8040859911789,-31.438346396863892,214,18
197,Sal Frelick,MIL,OF,Batter,265.5327431199159,-31.70968926812691,215,18
198,Xander Bogaerts,SDP,SS,Batter,286.56499805309585,-31.874311656109455,175,-23
199,Max Meyer,MIA,SP,SP,281.0393215417862,-32.26545844078066,186,-13
200,J.P. Crawford,SEA,SS,Batter,285.881097683186,-32.558212026019305,178,-22
201,Spencer Torkelson,DET,1B,Batter,296.1425354624905,-32.853149737416004,144,-57
202,Andrew Benintendi,CHW,OF/DH,Batter,263.9176376200111,-33.32479476803172,220,18
203,Brandon Lowe,PIT,2B,Batter,252.45067323542472,-33.69114474365935,247,44
204,Ryan Helsley,BAL,RP,RP,279.31028747558594,-33.99449250698092,188,-16
205,Dansby Swanson,CHC,SS,Batter,284.3495938385919,-34.08971587061342,181,-24
206,Wilyer Abreu,BOS,OF,Batter,262.90780012406003,-34.33463226398277,223,17
207,Isaac Paredes,HOU,3B,Batter,256.66071689012455,-34.49904651057341,237,30
208,Byron Buxton,MIN,OF,Batter,262.6461816754465,-34.596250712596316,224,16
209,Nick Lodolo,CIN,SP,SP,278.4013968706131,-34.90338311195376,189,-20
210,Edward Cabrera,CHC,SP,SP,278.3909294605255,-34.91385052204134,190,-20
211,Christian Yelich,MIL,DH,Batter,293.78251150592484,-35.21317369398167,151,-60
212,Andrew Abbott,CIN,SP,SP,276.96315813064575,-36.341621851921104,192,-20
213,Kyle Stowers,MIA,OF,Batter,260.4909208727844,-36.751511515258414,229,16
214,Daulton Varsho,TOR,OF,Batter,260.0383937927413,-37.20403859530148,230,16
215,Michael Busch,CHC,1B,Batter,291.13851255274824,-37.85717264715828,164,-51
216,Merrill Kelly,ARI,SP,SP,275.21193623542786,-38.092843747139,195,-21
217,Noelvi Marte,CIN,OF/3B,Batter,252.059708283712,-39.10005511698594,249,32
218,Brady Singer,CIN,SP,SP,273.94548058509827,-39.35929939746859,196,-22
219,Abner Uribe,MIL,RP,RP,273.66192626953125,-39.642853713035606,197,-22
220,Dylan Crews,WSN,OF,Batter,257.19325448742416,-40.049177900618645,235,15
221,Raisel Iglesias,ATL,RP,RP,273.0917534828186,-40.21302649974825,199,-22
222,Ryan O'Hearn,PIT,1B/OF/DH,Batter,256.70221856921756,-40.54021381882524,236,14
223,Colt Keith,DET,2B/3B/DH,Batter,244.48153136257386,-41.660286616510206,264,41
224,Josh Bell,MIN,1B,Batter,287.2438007969287,-41.751884402977794,173,-51
225,Mike Trout,LAA,OF/DH,Batter,255.1536349594674,-42.08879742857539,241,16
226,Chris Bassitt,BAL,SP,SP,271.20044124126434,-42.10433874130251,201,-25
227,Carlos Estevez,KCR,RP,RP,269.88560473918915,-43.41917524337771,203,-24
228,Pete Fairbanks,MIA,RP,RP,269.5745153427124,-43.730264639854454,204,-24
229,Kerry Carpenter,DET,OF/DH,Batter,253.20976746389516,-44.03266492414764,244,15
230,Lawrence Butler,ATH,OF,Batter,253.1094316092627,-44.13300077878009,245,15
231,Dennis Santana,PIT,RP,RP,269.1564497947693,-44.14833018779757,207,-24
232,Cade Cavalli,WSN,SP,SP,268.7573127746582,-44.54746720790865,209,-23
233,Eugenio Suarez,CIN,3B,Batter,246.60133494266975,-44.5584284580282,262,29
234,Ryan Walker,SFG,RP,RP,267.8231316804886,-45.48164830207827,210,-24
235,Clay Holmes,NYM,SP,SP,267.48757219314575,-45.817207789421104,211,-24
236,Trent Grisham,NYY,OF,Batter,251.21732923373287,-46.02510315430993,250,14
237,Jackson Holliday,BAL,2B,Batter,239.79385695314355,-46.34796102594052,279,42
238,Ryan Jeffers,MIN,C,Batter,228.40127228322243,-46.375021522263836,300,62
239,Shane Smith,CHW,SP,SP,266.20761692523956,-47.09716305732729,213,-26
240,Jac Caglianone,KCR,RF,Batter,250.06291771581058,-47.179514672232216,251,11
241,Dustin May,STL,SP,SP,265.25544571876526,-48.0493342638016,216,-25
242,Braxton Ashcraft,PIT,SP,SP,264.3104792833328,-48.99430069923403,219,-23
243,Gavin Sheets,SDP,LF,Batter,247.53073150544168,-49.71170088260112,257,14
244,Shota Imanaga,CHC,SP,SP,263.3871713876724,-49.91760859489443,221,-23
245,Quinn Priester,MIL,SP,SP,263.30710434913635,-49.997675633430504,222,-23
246,Brenton Doyle,COL,OF,Batter,247.08832821927612,-50.15410416876668,259,13
247,Addison Barger,TOR,3B/OF,Batter,240.73325777163137,-50.42650562906658,275,28
248,Jeffrey Springs,ATH,SP,SP,261.49876499176025,-51.8060149908066,226,-22
249,Mickey Moniak,COL,RF,Batter,244.22523425466701,-53.017198133375786,266,17
250,Chase Meidroth,CHW,SS,Batter,265.10666197247286,-53.33264773673244,217,-33
251,Ramon Laureano,SDP,RF,Batter,242.41342179037372,-54.82901059766908,272,21
252,Teoscar Hernandez,LAD,OF,Batter,241.84659044704452,-55.39584194099828,274,22
253,Sean Manaea,NYM,SP,SP,257.5706932544708,-55.73408672809603,234,-19
254,Francisco Alvarez,NYM,C,Batter,218.39313067379305,-56.38316313169321,322,68
255,Willson Contreras,BOS,1B,Batter,272.3624114102424,-56.633273789664145,200,-55
256,Josh Jung,TEX,3B,Batter,234.3357760705731,-56.82398733012485,289,33
257,Bryce Miller,SEA,SP,SP,256.30701875686646,-56.9977612257004,238,-19
258,Griffin Jax,TBR,SP,SP,255.7524185180664,-57.55236146450045,239,-19
259,Adolis Garcia,PHI,OF,Batter,239.26473179257354,-57.97770059546926,280,21
260,Trevor Rogers,BAL,SP,SP,254.9886293411255,-58.31615064144137,242,-18
261,Ryan Weathers,NYY,SP,SP,254.51277232170105,-58.792007660865806,243,-18
262,Andrew Vaughn,MIL,1B,Batter,269.4779666206214,-59.517718579285145,205,-57
263,Paul Goldschmidt,NYY,1B,Batter,269.47576212689364,-59.519923073012876,206,-57
264,Luis Robert Jr.,NYM,OF,Batter,237.15009885672328,-60.092333531319525,283,19
265,Matt McLain,CIN,2B,Batter,225.76312972498167,-60.3786882541024,306,41
266,Tommy Edman,LAD,2B/OF,Batter,225.48108632651477,-60.6607316525693,307,41
267,Tyler Mahle,SFG,SP,SP,252.55924558639526,-60.74553439617159,246,-21
268,Jacob Lopez,ATH,SP,SP,249.8569324016571,-63.44784758090975,252,-16
269,Max Muncy,LAD,3B,Batter,226.43456370319512,-64.72519969750283,304,35
270,Will Warren,NYY,SP,SP,248.57135009765625,-64.7334298849106,254,-16
271,Seranthony Dominguez,CHW,RP,RP,248.20085191726685,-65.10392806530001,255,-16
272,J.T. Realmuto,PHI,C,Batter,209.44398755847052,-65.33230624701574,346,74
273,Joey Ortiz,MIL,SS,Batter,252.42121871104337,-66.01809099816194,248,-25
274,Edwin Uceta,TBR,RP,RP,247.12027645111084,-66.18450353145602,258,-16
275,Taj Bradley,MIN,SP,SP,246.9877952337265,-66.31698474884035,260,-15
276,Kyle Teel,CHW,C,Batter,208.20763840469124,-66.56865540079502,349,73
277,Chandler Simpson,TBR,OF,Batter,230.29681848789826,-66.94561390014454,296,19
278,Jake Burger,TEX,1B,Batter,261.46840689485424,-67.52727830505228,227,-51
279,Nathan Lukes,TOR,RF,Batter,229.4035035162184,-67.83892887182441,299,20
280,Casey Mize,DET,SP,SP,245.19807124137878,-68.10670874118807,263,-17
281,Mike Burrows,HOU,SP,SP,244.4082932472229,-68.89648673534396,265,-16
282,Royce Lewis,MIN,3B,Batter,222.1038965755784,-69.05586682511955,313,31
283,Grant Taylor,CHW,SP,SP,243.85703659057617,-69.44774339199068,267,-16
284,Slade Cecconi,CLE,SP,SP,243.82260131835938,-69.48217866420748,268,-16
285,Chad Patrick,MIL,SP,SP,243.69231939315796,-69.6124605894089,269,-16
286,Dillon Dingler,DET,C,Batter,204.96806776570313,-69.80822603978314,357,71
287,Victor Vodnik,COL,RP,RP,243.35707092285156,-69.9477090597153,270,-17
288,Jameson Taillon,CHC,SP,SP,242.36977529525757,-70.93500468730929,273,-15
289,Colson Montgomery,CHW,SS,Batter,246.9170212868343,-71.52228842237099,261,-28
290,Logan O'Hoppe,LAA,C,Batter,202.12672875689262,-72.64956504859364,362,72
291,Robert Garcia,TEX,RP,RP,240.6018295288086,-72.70295045375826,276,-15
292,Clayton Beeter,WSN,RP,RP,240.28185296058655,-73.02292702198031,277,-15
293,Cameron Schlittler,NYY,SP,SP,240.1377763748169,-73.16700360774996,278,-15
294,Kyle Manzardo,CLE,1B,Batter,255.68744500747295,-73.30824019243357,240,-54
295,Willi Castro,COL,LF,Batter,223.64885433491617,-73.59357805312663,311,16
296,Brayan Bello,BOS,SP,SP,239.06770706176758,-74.23707292079928,281,-15
297,Jake Meyers,HOU,CF,Batter,221.95696113197255,-75.28547125607025,314,17
298,Lenyn Sosa,CHW,2B,Batter,210.53253914530916,-75.60927883377491,343,45
299,David Peterson,NYM,SP,SP,237.62911069393158,-75.67566928863528,282,-17
300,Matt Wallner,MIN,RF,Batter,221.55048500216523,-75.69194738587757,316,16
301,Brandon Marsh,PHI,CF,Batter,221.09294873257457,-76.14948365546823,318,17
302,Trevor Megill,MIL,RP,RP,237.04952478408813,-76.25525519847872,284,-18
303,Colton Cowser,BAL,LF,Batter,220.90250851501293,-76.33992387302987,319,16
304,Lucas Giolito,BOS,SP,SP,236.45893514156342,-76.84584484100344,285,-19
305,Brett Baty,NYM,3B,Batter,213.68175530341227,-77.47800809728568,333,28
306,Bo Naylor,CLE,C,Batter,197.14750887960352,-77.62878492588274,370,64
307,Michael Wacha,KCR,SP,SP,235.55853605270386,-77.746243929863,286,-21
308,Austin Wells,NYY,C,Batter,196.77541257515458,-78.00088123033169,371,63
309,Wenceel Perez,DET,RF,Batter,218.77465456525374,-78.46777782278906,321,12
310,Jack Leiter,TEX,SP,SP,234.80499958992004,-78.49978039264681,287,-23
311,Seth Lugo,KCR,SP,SP,234.7646951675415,-78.54008481502535,288,-23
312,Kyle Leahy,STL,SP,SP,234.01312518119812,-79.29165480136874,290,-22
313,Mike Yastrzemski,ATL,RF,Batter,217.61809484937916,-79.62433753866364,325,12
314,Brad Lord,WSN,SP,SP,233.31583213806152,-79.98894784450533,291,-23
315,Kenley Jansen,DET,RP,RP,232.63808298110962,-80.66669700145724,292,-23
316,Zebby Matthews,MIN,SP,SP,232.10229969024658,-81.20248029232027,293,-23
317,Christian Walker,HOU,1B,Batter,247.70342659117412,-81.2922586087324,256,-61
318,Grant Holmes,ATL,SP,SP,231.74046325683594,-81.56431672573092,294,-24
319,Ke'Bryan Hayes,CIN,3B,Batter,209.47615135054724,-81.68361205015071,345,26
320,Patrick Bailey,SFG,C,Batter,192.81141720761923,-81.96487659786703,380,60
321,Samuel Basallo,BAL,C,Batter,192.7665223907725,-82.00977141471375,381,60
322,Steven Matz,TBR,SP,SP,229.95168018341064,-83.35309979915621,297,-25
323,Logan Henderson,MIL,SP,SP,229.47904706001282,-83.82573292255404,298,-25
324,Dominic Canzone,SEA,RF,Batter,213.21822516334166,-84.02420722470114,335,11
325,Brady House,WSN,3B,Batter,205.9351976222515,-85.22456577844645,354,29
326,Justin Verlander,DET,SP,SP,227.63857913017273,-85.66620085239413,301,-25
327,Noah Cameron,KCR,SP,SP,227.53835678100586,-85.766423201561,302,-25
328,Nick Kurtz,ATH,1B,Batter,243.098645879492,-85.8970393204145,271,-57
329,Victor Scott II,STL,CF,Batter,211.28104627675643,-85.96138611128637,340,11
330,Jordan Beck,COL,LF,Batter,210.93052514235555,-86.31190724568725,341,11
331,Cedric Mullins,TBR,OF,Batter,210.8951092931819,-86.34732309486091,342,11
332,Trevor Story,BOS,SS,Batter,231.64569057957053,-86.79361912963478,295,-37
333,Cristian Javier,HOU,SP,SP,226.47611117362976,-86.8286688089371,303,-30
334,Michael McGreevy,STL,SP,SP,225.99608945846558,-87.30869052410128,305,-29
335,Edgar Quero,CHW,C,Batter,187.02586193302943,-87.75043187245683,396,61
336,Johan Oviedo,BOS,SP,SP,224.5682954788208,-88.73648450374606,309,-27
337,Miguel Andujar,SDP,LF,Batter,208.0881752381307,-89.1542571499121,350,13
338,Mark Vientos,NYM,3B,Batter,201.27869002314742,-89.88107337755054,363,25
339,Adrian Houser,SFG,SP,SP,223.022616147995,-90.28216383457186,312,-27
340,Nolan Gorman,STL,2B,Batter,195.53004575558228,-90.61177222350179,374,34
341,Parker Messick,CLE,SP,SP,221.8638640642166,-91.44091591835024,315,-26
342,Freddy Fermin,SDP,C,Batter,183.28714497695432,-91.48914882853194,406,64
343,Jorge Soler,LAA,RF,Batter,205.34537176853974,-91.89706061950307,355,12
344,Davis Martin,CHW,SP,SP,221.2957592010498,-92.00902078151705,317,-27
345,Josh Lowe,LAA,RF,Batter,204.74514463020003,-92.49728775784277,358,13
346,Alek Thomas,ARI,CF,Batter,204.31745072066238,-92.92498166738042,359,13
347,Josh Smith,TEX,SS,Batter,225.39100580462696,-93.04830390457835,308,-39
348,Parker Meadows,DET,CF,Batter,203.83465690959721,-93.40777547844559,360,12
349,Jonah Heim,TEX,C,Batter,180.66630653454078,-94.10998727094548,418,69
350,Zack Littell,- - -,SP,SP,218.83259439468384,-94.47218558788302,320,-30
351,Matthew Liberatore,STL,SP,SP,218.17883348464966,-95.1259464979172,323,-28
352,Shane Bieber,TOR,SP,SP,217.96396255493164,-95.34081742763522,324,-28
353,Garrett Cleavinger,TBR,RP,RP,217.40509748458862,-95.89968249797823,326,-27
354,Taylor Rogers,MIN,RP,RP,216.89783012866974,-96.40694985389712,327,-27
355,Jeremiah Estrada,SDP,RP,RP,216.51663827896118,-96.78814170360567,328,-27
356,Ryan McMahon,NYY,3B,Batter,194.01979094969226,-97.13997245100569,376,20
357,Dean Kremer,BAL,SP,SP,216.03233921527863,-97.27244076728823,329,-28
358,Nick Martinez,TBR,SP,SP,215.89334774017334,-97.41143224239352,330,-28
359,Austin Hays,CHW,LF,Batter,199.6317643049469,-97.6106680830959,365,6
360,Andre Pallante,STL,SP,SP,215.37189483642578,-97.93288514614107,331,-29
361,Carson Kelly,CHC,C,Batter,176.4909721935295,-98.28532161195676,427,66
362,Robert Suarez,ATL,RP,RP,214.29459595680237,-99.01018402576449,332,-30
363,Harrison Bader,SFG,LF,Batter,198.21197718268633,-99.03045520535647,367,4
364,Evan Carter,TEX,CF,Batter,198.056103295783,-99.1863290922598,369,5
365,Bailey Ober,MIN,SP,SP,213.53155505657196,-99.7732249259949,334,-31
366,Cade Horton,CHC,SP,SP,213.1986927986145,-100.10608718395235,336,-30
367,Nick Gonzales,PIT,2B,Batter,185.77154176614332,-100.37027621294075,399,32
368,Victor Caratini,MIN,C,Batter,173.99567976184375,-100.78061404364252,433,65
369,Kodai Senga,NYM,SP,SP,212.51350104808807,-100.79127893447878,338,-31
370,Connor Norby,MIA,3B,Batter,189.66961450440627,-101.49014889629169,391,21
371,Jordan Walker,STL,RF,Batter,195.23114405139168,-102.01128833665112,375,4
372,Bryan Abreu,HOU,RP,RP,210.52536010742188,-102.77941987514498,344,-28
373,Keibert Ruiz,WSN,C,Batter,171.54739622635458,-103.22889757913168,444,71
374,Carlos Narvaez,BOS,C,Batter,171.0776588647404,-103.69863494074585,445,71
375,Kyle Freeland,COL,SP,SP,208.59041047096252,-104.71436951160433,347,-28
376,Max Scherzer,TOR,SP,SP,208.53082883358002,-104.77395114898684,348,-28
377,Spencer Horwitz,PIT,1B,Batter,223.83309149630162,-105.1625937036049,310,-67
378,Jared Triolo,PIT,SS,Batter,213.0797361915175,-105.3595735176878,337,-41
379,Sean Burke,CHW,SP,SP,207.10231161117554,-106.20246837139132,351,-28
380,Riley O'Brien,STL,RP,RP,206.43837070465088,-106.86640927791598,353,-27
381,Zach McKinstry,DET,3B,Batter,184.03036310783347,-107.12940029286449,404,23
382,Trevor Larnach,MIN,RF,Batter,189.45329300615077,-107.78913938189203,392,10
383,Kevin Ginkel,ARI,RP,RP,205.14924144744873,-108.15553853511813,356,-27
384,Luis Rengifo,MIL,3B,Batter,182.3329993158007,-108.82676408489726,408,24
385,Kyle Isbel,KCR,CF,Batter,187.8565834842642,-109.3858489037786,393,8
386,Cole Young,SEA,2B,Batter,176.1152775115364,-110.02654046754768,430,44
387,Jose Berrios,TOR,SP,SP,202.44829654693604,-110.85648343563082,361,-26
388,Anthony Volpe,NYY,SS,Batter,207.05356888454725,-111.38574082465806,352,-36
389,Brooks Baldwin,CHW,LF,Batter,185.78545591573578,-111.45697647230702,397,8
390,Tyler Freeman,COL,RF,Batter,185.64527010527965,-111.59716228276315,401,11
391,JoJo Romero,STL,RP,RP,200.1005859375,-113.20419404506686,364,-27
392,Tyler Stephenson,CIN,C,Batter,160.8917479554061,-113.88454585008017,478,86
393,Dylan Beavers,BAL,RF,Batter,183.22531405239,-114.01711833565281,407,14
394,Mauricio Dubon,ATL,2B,Batter,172.0777879997886,-114.06402997929547,438,44
395,Landen Roupp,SFG,SP,SP,199.03426456451416,-114.2705154180527,366,-29
396,Isaac Collins,KCR,LF,Batter,182.18954036402064,-115.05289202402216,409,13
397,Michael Soroka,ARI,SP,SP,198.0747528076172,-115.23002717494967,368,-29
398,Tyler O'Neill,BAL,RF,Batter,181.87768847199058,-115.36474391605222,410,12
399,Christian Moore,LAA,2B,Batter,170.3974005681362,-115.74441741094788,448,49
400,Cole Henry,WSN,RP,RP,196.25035095214844,-117.05442903041842,372,-28
401,Jesus Sanchez,TOR,Unknown,Batter,211.53941403231332,-117.4562711675932,339,-62
402,Aaron Civale,ATH,SP,SP,193.53347885608673,-119.77130112648013,377,-25
403,Zach Eflin,BAL,SP,SP,193.50957870483398,-119.79520127773287,378,-25
404,Michael Massey,KCR,2B,Batter,164.63812020293264,-121.50369777615143,469,65
405,Simeon Woods Richardson,MIN,SP,SP,191.79098308086395,-121.5137969017029,382,-23
406,Michael Lorenzen,COL,SP,SP,191.70275139808655,-121.60202858448031,383,-23
407,Garrett Whitlock,BOS,RP,RP,191.31909084320068,-121.98568913936617,385,-22
408,Brayan Rocchio,CLE,SS,Batter,195.83060290679785,-122.60870680240745,373,-35
409,Adrian Morejon,SDP,RP,RP,190.52788639068604,-122.77689359188082,386,-23
410,Luke Weaver,NYM,RP,RP,190.50897598266602,-122.79580399990084,387,-23
411,Andrew Kittredge,BAL,RP,RP,190.47501349449158,-122.82976648807528,388,-23
412,Luis Morales,ATH,SP,SP,190.36458384990692,-122.94019613265993,389,-23
413,Tony Santillan,CIN,RP,RP,189.90943956375122,-123.39534041881564,390,-23
414,Tanner Scott,LAD,RP,RP,187.57653760910034,-125.72824237346651,394,-20
415,Roki Sasaki,LAD,SP,SP,187.27247619628906,-126.0323037862778,395,-20
416,Hogan Harris,ATH,RP,RP,185.78253507614136,-127.5222449064255,398,-18
417,Chris Paddack,MIA,SP,SP,185.73585605621338,-127.56892392635348,400,-17
418,Phil Maton,CHC,RP,RP,185.24733901023865,-128.0574409723282,402,-16
419,Eduardo Rodriguez,ARI,SP,SP,183.81091916561127,-129.4938608169556,405,-14
420,Gavin Lux,TBR,LF,Batter,166.54523336344297,-130.69719902459983,463,43
421,Cam Smith,HOU,RF,Batter,165.89055065468406,-131.35188173335874,466,45
422,Jose Alvarado,PHI,RP,RP,181.72837829589844,-131.57640168666842,411,-11
423,Liam Hicks,MIA,C,Batter,143.11808981692855,-131.65820398855772,540,117
424,Will Vest,DET,RP,RP,181.640887260437,-131.66389272212984,412,-12
425,Jose A. Ferrer,SEA,RP,RP,181.6387960910797,-131.66598389148714,413,-12
426,Dylan Lee,ATL,RP,RP,181.47130036354065,-131.8334796190262,414,-12
427,Chase Dollander,COL,SP,SP,181.17308735847473,-132.13169262409212,415,-12
428,Luis Gil,NYY,SP,SP,181.15795040130615,-132.1468295812607,416,-12
429,Matt Svanson,STL,RP,RP,180.9658796787262,-132.33890030384066,417,-12
430,Fernando Cruz,NYY,RP,RP,180.47824144363403,-132.82653853893282,419,-11
431,Yoan Moncada,LAA,3B,Batter,158.28746278964047,-132.87230061105748,488,57
432,Yimi Garcia,TOR,RP,RP,180.0096263885498,-133.29515359401705,420,-12
433,Austin Martin,MIN,CF,Batter,162.3045974012521,-134.9378349867907,475,42
434,Mark Leiter Jr.,ATH,RP,RP,177.6327133178711,-135.67206666469576,421,-13
435,Alex Vesia,LAD,RP,RP,177.60594201087952,-135.69883797168734,422,-13
436,Randy Vasquez,SDP,SP,SP,177.37697112560272,-135.92780885696413,423,-13
437,Joc Pederson,TEX,1B,Batter,192.88243016967817,-136.11325503022834,379,-58
438,Brad Keller,PHI,SP,SP,177.17514038085938,-136.12963960170748,424,-14
439,Matt Brash,SEA,RP,RP,176.85955142974854,-136.44522855281832,425,-14
440,Heriberto Hernandez,MIA,LF,Batter,160.6879916929519,-136.5544406950909,479,39
441,Davis Schneider,TOR,LF,Batter,160.6366391238053,-136.6057932642375,480,39
442,Bryan Baker,TBR,RP,RP,176.4921531677246,-136.81262681484225,426,-16
443,Justin Sterner,ATH,SP,SP,176.33226883411407,-136.97251114845278,428,-15
444,Matt Strahm,KCR,RP,RP,176.15917873382568,-137.14560124874117,429,-15
445,Jake McCarthy,COL,CF,Batter,160.02229304905546,-137.22013933898734,482,37
446,Jordan Leasure,CHW,SP,SP,175.52931213378906,-137.7754678487778,431,-15
447,Calvin Faucher,MIA,RP,RP,174.18849182128906,-139.1162881612778,432,-15
448,Andrew Alvarez,WSN,SP,SP,173.5467586517334,-139.75802133083346,434,-14
449,Luisangel Acuna,CHW,2B,Batter,146.0661346891755,-140.07568328990857,527,78
450,Kumar Rocker,TEX,SP,SP,173.0689821243286,-140.23579785823824,435,-15
451,Bryan King,HOU,RP,RP,172.235675573349,-141.06910440921786,437,-14
452,Louie Varland,TOR,SP,SP,171.99044919013977,-141.31433079242709,439,-13
453,Mike Vasil,CHW,SP,SP,171.93512296676636,-141.3696570158005,440,-13
454,Jimmy Herget,COL,RP,RP,171.9044361114502,-141.40034387111666,441,-13
455,Patrick Corbin,TEX,SP,SP,171.82770764827728,-141.47707233428957,442,-13
456,Gregory Soto,PIT,RP,RP,170.59582912921906,-142.7089508533478,446,-10
457,Mick Abel,MIN,SP,SP,170.45530724525452,-142.84947273731234,447,-10
458,Lane Thomas,KCR,CF,Batter,154.03338191140628,-143.20905047663652,492,34
459,Hunter Gaddis,CLE,RP,RP,169.8686535358429,-143.43612644672396,450,-9
460,Shawn Armstrong,CLE,SP,SP,169.46397733688354,-143.8408026456833,451,-9
461,Jared Koenig,MIL,RP,RP,169.28197932243347,-144.02280066013338,452,-9
462,Lance McCullers Jr.,HOU,SP,SP,168.99063849449158,-144.31414148807528,453,-9
463,Ian Seymour,TBR,SP,SP,168.93082475662231,-144.37395522594454,454,-9
464,Keegan Akin,BAL,SP,SP,168.84708285331726,-144.4576971292496,455,-9
465,Kyle Harrison,MIL,SP,SP,168.68080472946167,-144.6239752531052,456,-9
466,Logan Allen,CLE,SP,SP,168.6296670436859,-144.67511293888094,457,-9
467,Kody Clemens,MIN,2B,Batter,141.46172884680465,-144.68008913227942,546,79
468,Pavin Smith,ARI,1B,Batter,184.04788255257296,-144.94780264733356,403,-65
469,Danny Jansen,TEX,C,Batter,129.81160170507326,-144.964692100413,582,113
470,Miguel Amaya,CHC,C,Batter,129.75210441657683,-145.02418938890943,583,113
471,Tyler Rogers,TOR,RP,RP,168.15486907958984,-145.149910902977,458,-13
472,Orion Kerkering,PHI,RP,RP,167.94285821914673,-145.36192176342013,459,-13
473,Erik Miller,SFG,RP,RP,167.82473802566528,-145.48004195690157,460,-13
474,Jacob Latz,TEX,SP,SP,167.57785892486572,-145.72692105770113,461,-13
475,Michael Conforto,LAD,LF,Batter,151.38086325880013,-145.86156912924267,502,27
476,Aaron Ashby,MIL,SP,SP,166.7247314453125,-146.58004853725436,462,-14
477,Bryce Elder,ATL,SP,SP,166.53609383106232,-146.76868615150454,464,-13
478,Eduard Bazardo,SEA,RP,RP,166.06584215164185,-147.238937830925,465,-13
479,Spencer Schwellenbach,ATL,SP,SP,165.76784443855286,-147.536935544014,467,-12
480,Cole Sands,MIN,SP,SP,165.72130012512207,-147.5834798574448,468,-12
481,Jose Trevino,CIN,C,Batter,127.14354342040633,-147.63275038507993,589,108
482,Jake Fraley,TBR,RF,Batter,148.95912931383015,-148.28330307421265,512,30
483,Jacob Young,WSN,CF,Batter,148.8504372174782,-148.3919951705646,513,30
484,Joey Bart,PIT,C,Batter,126.0314970739231,-148.74479673156316,596,112
485,Victor Robles,SEA,RF,Batter,148.1409753950804,-149.1014569929624,517,32
486,Kirby Yates,LAA,RP,RP,163.92882537841797,-149.3759546041489,470,-16
487,Kyle Finnegan,DET,RP,RP,163.8136749267578,-149.49110505580904,471,-16
488,Tommy Pham,PIT,LF,Batter,147.68763104079392,-149.55480134724888,519,31
489,Nick Fortes,TBR,C,Batter,125.03579795493276,-149.7404958505535,598,109
490,Marcelo Mayer,BOS,3B,Batter,141.2021497562084,-149.95761364448956,547,57
491,Juan Mejia,COL,RP,RP,162.8590064048767,-150.44577357769015,472,-19
492,Edouard Julien,COL,2B,Batter,135.52950865009132,-150.61230932899275,563,71
493,Blake Treinen,LAD,RP,RP,162.53169107437134,-150.77308890819552,473,-20
494,Ryan Feltner,COL,SP,SP,162.3587144613266,-150.94606552124026,474,-20
495,Jose Quintana,COL,SP,SP,161.20545029640198,-152.09932968616488,477,-18
496,Lourdes Gurriel Jr.,ARI,LF,Batter,145.08949829436295,-152.15293409367985,529,33
497,Griffin Canning,SDP,SP,SP,160.26880264282227,-153.0359773397446,481,-16
498,Sean Murphy,ATL,C,Batter,121.48328384505082,-153.29300996043543,610,112
499,Caleb Thielbar,CHC,RP,RP,159.43047332763672,-153.87430665493014,483,-16
500,Pedro Pages,STL,C,Batter,120.80288994105945,-153.9734038644268,612,112
501,Joel Peguero,SFG,RP,RP,159.18141174316406,-154.1233682394028,484,-17
502,Jonathan Cannon,CHW,SP,SP,158.77053594589233,-154.53424403667452,485,-17
503,Mike Tauchman,CHW,RF,Batter,142.61814843085853,-154.62428395718428,542,39
504,Miles Mikolas,WSN,SP,SP,158.45168673992157,-154.8530932426453,486,-18
505,Drew Pomeranz,LAA,SP,SP,158.3306918144226,-154.97408816814425,487,-18
506,Andrew McCutchen,PIT,RF,Batter,142.20063041074383,-155.04180197729897,543,37
507,German Marquez,SDP,SP,SP,157.86114740371704,-155.44363257884982,489,-18
508,Gabriel Arias,CLE,SS,Batter,162.23186488342265,-156.20744482578266,476,-32
509,Tyler Anderson,LAA,SP,SP,156.85129237174988,-156.45348761081698,490,-19
510,Steven Okert,HOU,SP,SP,156.82930755615234,-156.4754724264145,491,-19
511,Rhys Hoskins,MIL,1B,Batter,172.32516685637881,-156.6705183435277,436,-75
512,Casey Schmitt,SFG,3B,Batter,134.17042436411614,-156.9893390365818,567,55
513,C.J. Kayfus,CLE,1B,Batter,171.79817921648635,-157.19750598342017,443,-70
514,Jake Mangum,PIT,LF,Batter,139.7335771670831,-157.5088552209597,553,39
515,Kyle Higashioka,TEX,C,Batter,117.09323601231608,-157.68305779317018,632,117
516,Javier Sanoja,MIA,2B,Batter,127.6967982478127,-158.44501973127137,586,70
517,Giancarlo Stanton,NYY,DH,Batter,170.1111998186554,-158.88448538125112,449,-68
518,Joe Boyle,TBR,SP,SP,153.91298151016235,-159.3917984724045,493,-25
519,Randal Grichuk,- - -,RF,Batter,137.67349129590988,-159.56894109213292,558,39
520,Thairo Estrada,COL,2B,Batter,126.35224136200645,-159.7895766170776,594,74
521,Graham Ashcraft,CIN,RP,RP,153.1946268081665,-160.11015317440035,494,-27
522,Luis Torrens,NYM,C,Batter,114.44703784584262,-160.32925595964366,643,121
523,Chris Martin,TEX,RP,RP,152.82535219192505,-160.4794277906418,495,-28
524,Kody Funderburk,MIN,RP,RP,152.73117911815643,-160.57360086441042,496,-28
525,Justin Topa,MIN,SP,SP,152.66719150543213,-160.63758847713473,497,-28
526,Kyle Farmer,COL,2B,Batter,125.44571807515388,-160.6960999039302,597,71
527,Lucas Erceg,KCR,RP,RP,152.59655737876892,-160.70822260379794,498,-29
528,Camilo Doval,NYY,RP,RP,152.40000915527344,-160.90477082729342,499,-29
529,Ryne Stanek,STL,RP,RP,152.3990306854248,-160.90574929714205,500,-29
530,Erik Sabrowski,CLE,RP,RP,152.02824354171753,-161.27653644084933,501,-29
531,Amed Rosario,NYY,3B,Batter,129.8584382769283,-161.30132512376966,581,50
532,Cole Winn,TEX,RP,RP,151.19461679458618,-162.11016318798067,503,-29
533,Greg Weissert,BOS,RP,RP,151.14261424541473,-162.16216573715212,504,-29
534,Tyler Holton,DET,SP,SP,151.10351657867432,-162.20126340389254,505,-29
535,Hurston Waldrep,ATL,SP,SP,151.09008944034576,-162.2146905422211,506,-29
536,Thomas Saggese,STL,2B,Batter,123.67178851543419,-162.4700294636499,603,67
537,Mason Montgomery,PIT,RP,RP,150.51501846313477,-162.7897615194321,507,-30
538,Gabe Speier,SEA,RP,RP,150.08058166503906,-163.2241983175278,508,-30
539,Denzel Clarke,ATH,CF,Batter,133.2176747684994,-164.0247576195434,569,30
540,JJ Bleday,CIN,CF,Batter,133.1696790400188,-164.072753348024,570,30
541,Tyrone Taylor,NYM,CF,Batter,133.12780017107542,-164.11463221696738,571,30
542,Ryan Zeferjahn,LAA,SP,SP,149.14564561843872,-164.15913436412814,510,-32
543,Dietrich Enns,BAL,SP,SP,149.05066061019897,-164.25411937236788,511,-32
544,Javier Baez,DET,CF,Batter,132.76660545863334,-164.47582692940946,574,30
545,Justin Slaten,BOS,RP,RP,148.4067268371582,-164.89805314540865,515,-30
546,Nick Castellanos,SDP,RF,Batter,132.27608277178774,-164.96634961625506,577,31
547,Richard Fitts,STL,SP,SP,148.26389718055725,-165.0408828020096,516,-31
548,Tyler Kinley,ATL,RP,RP,147.22539234161377,-166.0793876409531,521,-27
549,Spencer Arrighetti,HOU,SP,SP,146.91814827919006,-166.3866317033768,522,-27
550,Taijuan Walker,PHI,SP,SP,146.82217049598694,-166.48260948657992,523,-27
551,Tyler Phillips,MIA,SP,SP,146.359534740448,-166.94524524211886,525,-26
552,Tyler Wells,BAL,SP,SP,146.2077659368515,-167.09701404571535,526,-26
553,Spencer Bivens,SFG,RP,RP,145.42776107788086,-167.877018904686,528,-25
554,Adam Frazier,- - -,2B,Batter,118.20803992699634,-167.93377805208775,623,69
555,Pierce Johnson,CIN,RP,RP,144.96625399589539,-168.33852598667147,530,-25
556,Isaac Mattson,PIT,RP,RP,144.61593627929688,-168.68884370326998,531,-25
557,Ha-seong Kim,ATL,SS,Batter,149.65024723234038,-168.78906247686493,509,-48
558,PJ Poulin,WSN,RP,RP,144.43329513072968,-168.87148485183718,532,-26
559,Matt Shaw,CHC,3B,Batter,122.1662644093933,-168.99349899130465,609,50
560,Sean Newcomb,CHW,SP,SP,143.9518631696701,-169.35291681289675,534,-26
561,Jose Butto,SFG,RP,RP,143.9202163219452,-169.38456366062167,535,-26
562,Hunter Dobbins,STL,SP,SP,143.90359497070312,-169.40118501186373,536,-26
563,Brooks Raley,NYM,RP,RP,143.6871838569641,-169.61759612560274,537,-26
564,Kade Strowd,ARI,RP,RP,143.54358291625977,-169.7611970663071,538,-26
565,Connor Phillips,CIN,RP,RP,143.41860961914062,-169.88617036342623,539,-26
566,Christopher Morel,MIA,LF,Batter,126.9751821407922,-170.26725024725062,592,26
567,Anthony Bender,MIA,RP,RP,143.01358830928802,-170.29119167327883,541,-26
568,Graham Pauley,MIA,3B,Batter,120.7130909505146,-170.44667245018337,614,46
569,Janson Junk,MIA,SP,SP,142.008291721344,-171.29648826122286,544,-25
570,John Schreiber,KCR,RP,RP,141.82537841796875,-171.4794015645981,545,-25
571,Max Muncy,ATH,3B,Batter,119.07519169140083,-172.0845717092971,622,51
572,Brock Burke,CIN,SP,SP,141.16681480407715,-172.1379651784897,548,-24
573,Elvis Alvarado,ATH,RP,RP,141.08226490020752,-172.22251508235934,549,-24
574,Caden Dana,LAA,SP,SP,140.81751108169556,-172.4872689008713,550,-24
575,Tomoyuki Sugano,COL,SP,SP,140.79468441009521,-172.51009557247164,551,-24
576,Jake Irvin,WSN,SP,SP,139.7667647600174,-173.53801522254946,552,-24
577,Matt Vierling,DET,CF,Batter,123.50448269280828,-173.73794969523453,604,27
578,Justin Steele,CHC,SP,SP,138.5539195537567,-174.75086042881014,556,-22
579,Walker Buehler,- - -,SP,SP,137.8375699520111,-175.46721003055575,557,-22
580,Ryan Thompson,ARI,RP,RP,137.16434478759766,-176.1404351949692,559,-21
581,Henry Davis,PIT,C,Batter,98.4500170504603,-176.32627675502596,693,112
582,Angel Martinez,CLE,CF,Batter,120.6851841054706,-176.5572482825722,616,34
583,Tanner Banks,PHI,SP,SP,136.07463264465332,-177.23014733791354,560,-23
584,David Morgan,SDP,SP,SP,135.97060656547546,-177.3341734170914,561,-23
585,Rico Garcia,BAL,SP,SP,135.69256782531738,-177.61221215724947,562,-23
586,Seth Halvorsen,COL,RP,RP,134.86001873016357,-178.44476125240328,564,-22
587,Nick Mears,KCR,RP,RP,134.64975500106812,-178.65502498149874,565,-22
588,Yohan Ramirez,PIT,RP,RP,134.35640335083008,-178.94837663173678,566,-22
589,Jose Caballero,NYY,SS,Batter,139.14512269601636,-179.29418701318895,555,-34
590,Yennier Cano,BAL,RP,RP,133.08851051330566,-180.2162694692612,572,-18
591,Anthony Banda,MIN,SP,SP,133.03209447860718,-180.27268550395968,573,-18
592,Rowdy Tellez,- - -,1B,Batter,148.70685641333066,-180.28882878657586,514,-78
593,Troy Johnston,COL,OF,Batter,116.77100237844736,-180.47143000959545,635,42
594,Jordan Romano,LAA,RP,RP,132.75054705142975,-180.5542329311371,575,-19
595,Michael Kelly,ATH,RP,RP,132.73115825653076,-180.5736217260361,576,-19
596,Carlos Santana,ARI,1B,Batter,147.96895857163642,-181.0267266282701,518,-78
597,Ty France,- - -,1B,Batter,147.55801535072555,-181.43766984918096,520,-77
598,Zack Kelly,BOS,RP,RP,131.30013275146484,-182.004647231102,578,-20
599,Nathaniel Lowe,CIN,1B,Batter,146.48250731290227,-182.51317788700425,524,-75
600,Mason Englert,TBR,RP,RP,129.99786520004272,-183.30691478252413,579,-21
601,Matt Festa,CLE,RP,RP,129.96264791488647,-183.34213206768038,580,-21
602,Jakob Junis,TEX,RP,RP,129.68379306793213,-183.62098691463473,584,-18
603,Hunter Feduccia,TBR,C,Batter,91.04344735767688,-183.73284644780938,715,112
604,Angel Zerpa,MIL,SP,SP,129.13668727874756,-184.1680927038193,585,-19
605,Rob Refsnyder,SEA,RF,Batter,112.84796033420322,-184.3944720538396,649,44
606,Romy Gonzalez,BOS,1B,Batter,144.32756349715737,-184.66812170274915,533,-73
607,Michael A. Taylor,CHW,RF,Batter,112.34030133348877,-184.90213105455405,650,43
608,Carson Williams,TBR,SS,Batter,133.401112832015,-185.0381968771903,568,-40
609,Miguel Rojas,LAD,2B,Batter,101.05459371366221,-185.08722426542187,685,76
610,Masataka Yoshida,BOS,LF,Batter,111.57969231286133,-185.6627400751815,651,41
611,Luis Garcia,NYM,RP,RP,127.26153600215912,-186.04324398040774,587,-24
612,Caleb Ferguson,CIN,RP,RP,127.22682452201843,-186.07795546054842,588,-24
613,Will Benson,CIN,LF,Batter,111.05810596019637,-186.18432642784643,653,40
614,Tommy Nance,TOR,RP,RP,127.08006978034973,-186.22471020221712,590,-24
615,Carmen Mlodzinski,PIT,SP,SP,127.06083703041077,-186.2439429521561,591,-24
616,Enyel De Los Santos,HOU,RP,RP,126.80514478683472,-186.49963519573214,593,-23
617,Braxton Fulford,COL,C,Batter,87.88958798751364,-186.88670581797263,724,107
618,Paul Blackburn,NYY,SP,SP,126.32275998592377,-186.9820199966431,595,-23
619,Jose Tena,WSN,3B,Batter,103.29530288573598,-187.864460514962,679,60
620,Colin Rea,CHC,SP,SP,125.03227531909943,-188.27250466346743,599,-21
621,Brendon Little,TOR,RP,RP,124.74711680412292,-188.55766317844393,600,-21
622,Jonathan Bowlan,PHI,SP,SP,124.69127464294434,-188.61350533962252,601,-21
623,Aaron Bummer,ATL,SP,SP,124.32211494445801,-188.98266503810885,602,-21
624,Jake Bauers,MIL,1B,Batter,139.62027221246487,-189.37541298744165,554,-70
625,Jasson Dominguez,NYY,OF,Batter,107.16859315831837,-190.07383922972443,666,41
626,Christian Vazquez,MIN,C,Batter,84.660004517784,-190.11628928770227,735,109
627,Starling Marte,NYM,LF,Batter,107.0269614264507,-190.2154709615921,667,40
628,Grant Anderson,MIL,RP,RP,122.90939140319824,-190.3953885793686,605,-23
629,Emerson Hancock,SEA,SP,SP,122.83888709545135,-190.4658928871155,606,-23
630,Edmundo Sosa,PHI,2B,Batter,95.48429368612769,-190.6575242929564,700,70
631,Erick Fedde,CHW,SP,SP,122.59854769706726,-190.7062322854996,607,-24
632,Huascar Brazoban,NYM,SP,SP,122.2132682800293,-191.09151170253756,608,-24
633,Oswald Peraza,LAA,3B,Batter,100.00459502742362,-191.15516837327434,692,59
634,Adrian Del Castillo,ARI,C,Batter,83.61610262755752,-191.16019117792874,742,108
635,Connor Wong,BOS,C,Batter,83.47634224722324,-191.29995155826302,744,109
636,Troy Melton,DET,SP,SP,120.92287254333496,-192.3819074392319,611,-25
637,Jackson Rutledge,WSN,RP,RP,120.72688615322113,-192.57789382934573,613,-24
638,Scott Barlow,ATH,SP,SP,120.70201659202576,-192.6027633905411,615,-23
639,Tim Hill,NYY,RP,RP,120.28468370437622,-193.02009627819064,617,-22
640,Brandon Sproat,MIL,SP,SP,120.21643781661987,-193.08834216594698,618,-22
641,Tyler Alexander,TEX,SP,SP,120.08721661567688,-193.21756336688998,619,-22
642,Brant Hurter,DET,SP,SP,119.99088752269745,-193.3138924598694,620,-22
643,Alex Verdugo,ATL,LF,Batter,103.04142483348363,-194.20100755455917,681,38
644,James McCann,ARI,C,Batter,79.72908430319936,-195.0472095022869,756,112
645,Cole Sulser,TBR,RP,RP,118.19727063179016,-195.1075093507767,624,-21
646,Jacob Webb,CHC,RP,RP,118.10268211364746,-195.2020978689194,625,-21
647,Hayden Birdsong,SFG,SP,SP,117.79068970680237,-195.5140902757645,626,-21
648,Ben Casparius,LAD,SP,SP,117.7606258392334,-195.54415414333346,627,-21
649,Cade Gibson,MIA,SP,SP,117.68370294570923,-195.62107703685763,628,-21
650,Yohel Pozo,STL,C,Batter,78.95580107874103,-195.82049272674521,760,110
651,Reese Olson,DET,SP,SP,117.21727845668794,-196.0875015258789,629,-22
652,Taylor Clarke,ARI,RP,RP,117.21415424346924,-196.09062573909762,630,-22
653,Hoby Milner,CHC,RP,RP,117.20402765274048,-196.10075232982638,631,-22
654,Brent Suter,LAA,SP,SP,116.9904556274414,-196.31432435512545,633,-21
655,Jake Bird,NYY,RP,RP,116.79302942752838,-196.51175055503847,634,-21
656,Dane Myers,CIN,CF,Batter,100.68357520994864,-196.55885717809417,689,33
657,Wandy Peralta,SDP,SP,SP,116.25160896778107,-197.0531710147858,636,-21
658,Travis d'Arnaud,LAA,C,Batter,77.56770373723904,-197.20859006824722,766,108
659,Cody Freeman,TEX,3B,Batter,93.77685500042529,-197.38290840027267,706,47
660,Brent Headrick,NYY,RP,RP,115.61417531967163,-197.69060466289523,638,-22
661,Jason Adam,SDP,RP,RP,115.40452027320862,-197.90025970935824,639,-22
662,Tim Herrin,CLE,RP,RP,115.19797086715698,-198.10680911540987,640,-22
663,Joel Payamps,ATL,RP,RP,115.12389528751373,-198.18088469505312,641,-22
664,Santiago Espinal,CIN,3B,Batter,92.96858812914084,-198.1911752715571,707,43
665,Gordon Graceffo,STL,RP,RP,115.10628628730774,-198.19849369525912,642,-23
666,Eric Orze,MIN,RP,RP,114.40617275238037,-198.89860723018649,644,-22
667,Jack Dreyer,LAD,SP,SP,114.14161849021912,-199.16316149234774,645,-22
668,Jordan Hicks,CHW,SP,SP,114.02391338348389,-199.28086659908297,646,-22
669,Brennan Bernardino,COL,SP,SP,113.78863835334778,-199.51614162921908,647,-22
670,Braydon Fisher,TOR,SP,SP,113.48847770690918,-199.81630227565768,648,-22
671,Colby Thomas,ATH,RF,Batter,96.95754953776478,-200.28488285027802,697,26
672,Daniel Schneemann,CLE,2B,Batter,85.50266673165204,-200.63915124743204,731,59
673,David Hamilton,MIL,2B,Batter,85.45697997707587,-200.68483800200818,732,59
674,Mitch Garver,SEA,C,Batter,73.59022693551879,-201.18606686996748,777,103
675,Brenan Hanifee,DET,RP,RP,111.46700620651245,-201.8377737760544,652,-23
676,Jake Rogers,DET,C,Batter,72.71631820908048,-202.05997559640576,780,104
677,Ben Williamson,TBR,3B,Batter,88.96334880517338,-202.19641459552457,719,42
678,Taylor Walls,TBR,SS,Batter,116.143183624621,-202.2961260845843,637,-41
679,Sam Haggerty,TEX,CF,Batter,94.45219671256514,-202.79023567547767,702,23
680,Stephen Kolek,KCR,SP,SP,110.36817741394043,-202.93660256862643,655,-25
681,Carlos Vargas,SEA,RP,RP,110.31621932983398,-202.98856065273287,656,-25
682,Casey Legumina,SEA,SP,SP,110.0526385307312,-203.25214145183566,657,-25
683,Drew Gilbert,SFG,CF,Batter,93.85786111440441,-203.3845712736384,705,22
684,Mitchell Parker,WSN,SP,SP,109.43569707870483,-203.86908290386202,658,-26
685,Yuki Matsui,SDP,RP,RP,108.98116946220398,-204.32361052036288,659,-26
686,Darell Hernaiz,ATH,3B,Batter,86.80888052365032,-204.35088287704764,728,42
687,Bennett Sousa,HOU,RP,RP,108.36029410362244,-204.94448587894442,660,-27
688,Luke Raley,SEA,RF,Batter,92.23471834600265,-205.00771404204016,710,22
689,Connor Brogdon,CLE,RP,RP,108.00865888595581,-205.29612109661105,663,-26
690,Justin Wrobleski,LAD,SP,SP,107.61027526855469,-205.69450471401217,664,-26
691,Logan Evans,SEA,SP,SP,107.48892182111739,-205.81585816144946,665,-26
692,Jose Iglesias,SDP,2B,Batter,79.92578849132953,-206.21602948775455,755,63
693,Luis Urias,ATH,2B,Batter,79.54004613294974,-206.60177184613434,757,64
694,Blake Perkins,MIL,CF,Batter,90.58854260797172,-206.6538897800711,717,23
695,Ryan Yarbrough,NYY,SP,SP,105.90558516979218,-207.39919481277468,668,-27
696,J.T. Ginn,ATH,SP,SP,105.80097937583923,-207.50380060672762,669,-27
697,Ezequiel Duran,TEX,SS,Batter,110.62405576306988,-207.81525394613544,654,-43
698,Porter Hodge,CHC,RP,RP,105.47806572914124,-207.82671425342562,670,-28
699,Antonio Senzatela,COL,SP,SP,105.23199367523193,-208.07278630733492,671,-28
700,Daniel Lynch IV,KCR,SP,SP,105.0501891374588,-208.25459084510805,672,-28
701,Robert Hassell III,WSN,CF,Batter,88.79938319346176,-208.44304919458102,721,20
702,Brock Stewart,LAD,RP,RP,104.83607482910156,-208.4687051534653,673,-29
703,Ian Hamilton,ATL,SP,SP,104.56469988822937,-208.7400800943375,674,-29
704,Rafael Marchan,PHI,C,Batter,65.90310772357334,-208.87318608191293,797,93
705,Alexander Canario,PIT,LF,Batter,88.19643696018426,-209.04599542785854,723,18
706,Dominic Smith,SFG,1B,Batter,119.76666225528581,-209.2290229446207,621,-85
707,Marcus Stroman,NYY,SP,SP,104.06373846530914,-209.2410415172577,675,-32
708,Eric Lauer,TOR,SP,SP,103.94130969047546,-209.3634702920914,677,-31
709,Brandon Eisert,CHW,SP,SP,103.56786704063416,-209.7369129419327,678,-31
710,Jose Fermin,LAA,RP,RP,103.0799207687378,-210.22485921382906,680,-30
711,Bryce Teodosio,LAA,CF,Batter,86.61388562401245,-210.62854676403035,729,18
712,Kyle Karros,COL,3B,Batter,80.50423106955647,-210.6555323311415,752,40
713,Ryan Bergert,KCR,SP,SP,102.30425083637238,-211.00052914619448,682,-31
714,Ryan Pressly,CHC,RP,RP,102.22801307439805,-211.0767669081688,683,-31
715,Dalton Rushing,LAD,C,Batter,63.15486611203025,-211.621427693456,809,94
716,Yoendrys Gomez,TBR,SP,SP,101.37761306762695,-211.9271669149399,684,-32
717,Jeremiah Jackson,BAL,2B,Batter,73.84283719407085,-212.2989807850132,776,59
718,Jaden Hill,COL,RP,RP,100.78737688064575,-212.5174031019211,687,-31
719,Matt Gage,SFG,SP,SP,100.74475193023682,-212.56002805233004,688,-31
720,Jahmai Jones,DET,RF,Batter,84.62546684362982,-212.61696554441298,736,16
721,Beau Brieske,DET,SP,SP,100.56355357170105,-212.7412264108658,690,-31
722,Gio Urshela,ATH,3B,Batter,78.04469344744396,-213.115069953254,763,41
723,Steven Wilson,TBR,RP,RP,100.0614800453186,-213.24329993724825,691,-32
724,Tyler Heineman,TOR,C,Batter,61.453594213444894,-213.32269959204137,813,89
725,Alex Call,LAD,RF,Batter,83.16473208898529,-214.0777002990575,745,20
726,Blaze Alexander,BAL,SS,Batter,104.0543899079545,-214.38491980125082,676,-50
727,Jon Berti,CHC,3B,Batter,76.33016531169315,-214.8295980890048,771,44
728,Tobias Myers,NYM,SP,SP,98.37607097625732,-214.92870900630953,694,-34
729,Andrew Chafin,MIN,RP,RP,98.37087368965149,-214.93390629291537,695,-34
730,Oswaldo Cabrera,NYY,3B,Batter,74.4345987930212,-216.72516460767676,774,44
731,George Soriano,STL,RP,RP,96.48941111564636,-216.8153688669205,698,-33
732,Keider Montero,DET,SP,SP,95.59347009658813,-217.71130988597872,699,-33
733,Travis Adams,MIN,SP,SP,95.27725541591644,-218.0275245666504,701,-32
734,Bailey Falter,KCR,SP,SP,94.42483806610107,-218.87994191646578,703,-31
735,A.J. Blubaugh,HOU,SP,SP,94.10666239261627,-219.19811758995058,704,-31
736,Chris Taylor,LAA,CF,Batter,77.92202908135816,-219.32040330668463,764,28
737,Max Kepler,PHI,LF,Batter,77.2921870769185,-219.95024531112432,768,31
738,Justin Wilson,BOS,RP,RP,92.92029023170471,-220.38448975086214,708,-30
739,Enrique Hernandez,LAD,1B,Batter,108.33321903293923,-220.6624661669673,661,-78
740,Adael Amador,COL,2B,Batter,65.46266589179602,-220.67915208728806,800,60
741,JP Sears,SDP,SP,SP,92.59576261043549,-220.70901737213137,709,-32
742,Luis Matos,SFG,RF,Batter,76.39445493104176,-220.84797745700104,770,28
743,Wilmer Flores,SFG,1B,Batter,108.12260140135122,-220.87308379855529,662,-81
744,Justyn-Henry Malloy,TBR,RF,Batter,76.14302231522161,-221.09941007282117,772,28
745,Isiah Kiner-Falefa,BOS,SS,Batter,97.26787273896207,-221.17143697024324,696,-49
746,Rob Zastryzny,MIL,SP,SP,92.11050033569336,-221.1942796468735,711,-35
747,Wikelman Gonzalez,CHW,RP,RP,92.04770469665527,-221.25707528591158,712,-35
748,Ben Brown,CHC,SP,SP,92.0472662448883,-221.25751373767855,713,-35
749,Leo Rivas,SEA,2B,Batter,64.65043432064468,-221.4913836584394,804,55
750,Danny Coulombe,- - -,SP,SP,90.9358081817627,-222.36897180080416,716,-34
751,Lake Bachar,MIA,SP,SP,90.38014793395996,-222.9246320486069,718,-33
752,Hyeseong Kim,LAD,2B,Batter,62.602376814189455,-223.5394411648946,810,58
753,James Outman,MIN,CF,Batter,73.56452672541317,-223.67790566262963,778,25
754,Austin Wynns,ATH,C,Batter,50.66492927176795,-224.1113645337183,838,84
755,Myles Straw,TOR,CF,Batter,71.92065237713913,-225.32178001090367,783,28
756,Alan Roden,MIN,LF,Batter,71.55666150344618,-225.68577088459662,784,28
757,Javier Assad,CHC,SP,SP,87.29727971553802,-226.00750026702883,725,-32
758,Ryan Gusto,MIA,SP,SP,87.27319633960724,-226.03158364295962,726,-32
759,Reese McGuire,MIL,C,Batter,48.683212218317394,-226.09308158716885,847,88
760,Charlie Morton,- - -,SP,SP,86.95420455932617,-226.35057542324068,727,-33
761,Tim Tawa,ARI,2B,Batter,59.69243506557841,-226.44938291350564,818,57
762,Elias Diaz,SDP,C,Batter,47.86290340466188,-226.91339040082437,852,90
763,Joey Wentz,ATL,SP,SP,86.33554553985596,-226.9692344427109,730,-33
764,Anthony Santander,TOR,OF/DH,Batter,69.87585428587919,-227.3665781021636,787,23
765,JT Brubaker,SFG,SP,SP,85.39847612380981,-227.90630385875704,733,-32
766,Tanner Gordon,COL,SP,SP,85.30072271823883,-228.00405726432803,734,-32
767,Ramon Urias,- - -,Unknown,Batter,100.97960172869627,-228.01608347121027,686,-81
768,John King,MIA,RP,RP,84.4068021774292,-228.89797780513766,737,-31
769,Jacob Stallings,- - -,C,Batter,45.864086414633775,-228.91220739085247,859,90
770,DL Hall,MIL,SP,SP,84.25222826004028,-229.05255172252657,738,-32
771,Bowden Francis,TOR,SP,SP,84.18961334228516,-229.1151666402817,739,-32
772,Nick Loftin,KCR,LF,Batter,67.96346196513083,-229.27897042291198,790,18
773,Ronny Mauricio,NYM,3B,Batter,61.877803300618694,-229.28196010007926,811,38
774,Grant Wolfram,BAL,RP,RP,83.52966666221619,-229.77511332035067,743,-31
775,Gary Sanchez,BAL,C,Batter,44.68463955034177,-230.09165425514448,862,87
776,Austin Slater,- - -,LF,Batter,67.11504330502517,-230.12738908301765,792,16
777,David Festa,MIN,SP,SP,82.93603277206421,-230.36874721050265,746,-31
778,Zack Gelof,ATH,2B,Batter,55.38555898368398,-230.7562589954001,828,50
779,Mason Fluharty,TOR,RP,RP,82.50332546234131,-230.80145452022555,747,-32
780,Steven Cruz,KCR,RP,RP,82.32964956760406,-230.9751304149628,748,-32
781,Jose Urena,- - -,SP,SP,81.47636103630066,-231.8284189462662,749,-32
782,Paxton Schultz,WSN,SP,SP,81.31633710861206,-231.9884428739548,750,-32
783,Tommy Kahnle,DET,RP,RP,81.16499376296997,-232.13978621959689,751,-32
784,Michael Helman,TEX,CF,Batter,64.6484691290599,-232.5939632589829,805,21
785,Kyle Nicolas,PIT,RP,RP,80.22417187690735,-233.0806081056595,753,-32
786,Zach Agnos,COL,RP,RP,80.12320160865784,-233.18157837390902,754,-32
787,Chad Green,TOR,RP,RP,79.2499008178711,-234.05487916469576,759,-28
788,Martin Maldonado,SDP,C,Batter,40.46270847210032,-234.31358533338596,876,88
789,Ryan Fernandez,STL,RP,RP,78.62586641311646,-234.6789135694504,761,-28
790,Austin Hedges,CLE,C,Batter,40.05390168756357,-234.7223921179227,878,88
791,DJ LeMahieu,NYY,2B,Batter,51.274891659565725,-234.86692631951834,835,44
792,Dylan Dodd,ATL,RP,RP,77.81363868713379,-235.49114129543307,765,-27
793,Will Wagner,SDP,3B,Batter,55.6581329227247,-235.50163047797326,825,32
794,Luke Jackson,- - -,RP,RP,77.33697843551636,-235.9678015470505,767,-27
795,Andy Ibanez,ATH,Unknown,Batter,91.92439832621292,-237.0712868736936,714,-81
796,Ildemaro Vargas,ARI,2B,Batter,48.674557926962116,-237.46726005212196,848,52
797,Ryan Brasier,TEX,SP,SP,75.55944204330444,-237.7453379392624,773,-24
798,Kevin Kelly,TBR,RP,RP,74.16379356384277,-239.14098641872408,775,-23
799,Kristian Campbell,BOS,2B,Batter,46.34243512567492,-239.79938285340916,857,58
800,Ryan Ritter,COL,SS,Batter,78.6217877752465,-239.8175219339588,762,-38
801,Tyler Ferguson,ATH,RP,RP,73.42900133132935,-239.8757786512375,779,-22
802,Otto Kemp,PHI,1B,Batter,88.799635860635,-240.19604933927153,720,-82
803,Justin Turner,CHC,1B,Batter,88.44893623365303,-240.5467489662535,722,-81
804,Daysbel Hernandez,ATL,RP,RP,72.67186832427979,-240.63291165828707,781,-23
805,Colin Holderman,CLE,RP,RP,72.28896021842957,-241.0158197641373,782,-23
806,Riley Adams,WSN,C,Batter,33.64914429992542,-241.12714950556085,899,93
807,Christian Koss,SFG,2B,Batter,44.79387133446475,-241.34794664461933,861,54
808,Joshua Palacios,CHW,RF,Batter,55.529504779773006,-241.7129276082698,826,18
809,John Rave,KCR,RF,Batter,55.389265214128535,-241.85316717391427,827,18
810,Corbin Burnes,ARI,SP,SP,71.26694571971893,-242.03783426284792,785,-25
811,Warming Bernabel,WSN,3B,Batter,48.68350344311046,-242.4762599575875,846,35
812,Andre Granillo,WSN,RP,RP,70.51568531990051,-242.78909466266634,786,-26
813,Mark Canha,TEX,LF,Batter,52.835114801894846,-244.40731758614794,832,19
814,Kai-Wei Teng,HOU,SP,SP,68.62603271007538,-244.67874727249148,788,-26
815,Triston Casas,BOS,1B,Batter,84.1121741074113,-244.8835110924952,740,-75
816,Andrew Saalfrank,ARI,RP,RP,68.21247100830078,-245.09230897426607,789,-27
817,David Fry,CLE,1B,Batter,83.88666933741794,-245.10901586248858,741,-76
818,Dylan Moore,PHI,2B,Batter,40.53684557638518,-245.60497240269888,875,57
819,Gunnar Hoglund,ATH,SP,SP,67.40578436851501,-245.89899561405184,791,-28
820,Jonathan Loaisiga,ARI,RP,RP,67.07311820983887,-246.231661772728,793,-27
821,Nolan Jones,CLE,RF,Batter,51.004937731873774,-246.23749465616902,836,15
822,Jackson Perkins,ATH,SP,SP,67.02660274505615,-246.2781772375107,794,-28
823,Jalen Beeks,ARI,SP,SP,67.01052618026733,-246.29425380229952,795,-28
824,Pierson Ohl,COL,SP,SP,66.5303726196289,-246.77440736293795,796,-28
825,Derek Hill,CHW,CF,Batter,50.20425101047503,-247.03818137756775,839,14
826,Mason Barnett,ATH,SP,SP,65.67595875263214,-247.62882122993472,798,-28
827,Alejandro Osuna,TEX,LF,Batter,49.58920955966497,-247.65322282837784,842,15
828,Jason Alexander,HOU,SP,SP,65.61356163024902,-247.69121835231783,799,-29
829,Luis Mey,CIN,RP,RP,65.30973625183105,-247.9950437307358,801,-28
830,Colton Gordon,HOU,SP,SP,65.24948787689209,-248.05529210567477,802,-28
831,Chase Shugart,PHI,RP,RP,64.72243857383728,-248.58234140872958,803,-28
832,Tyler Fitzgerald,SFG,2B,Batter,36.69619801155501,-249.44561996752907,891,59
833,Johan Rojas,PHI,CF,Batter,47.75479666003504,-249.48763572800777,853,20
834,Tyler Locklear,ARI,1B,Batter,79.41263143487522,-249.5830537650313,758,-76
835,Chris Murphy,CHW,RP,RP,63.72119855880737,-249.58358142375948,807,-28
836,Clarke Schmidt,NYY,SP,SP,63.66855442523956,-249.6362255573273,808,-28
837,Nick Martini,COL,RF,Batter,47.479298386557076,-249.76313400148572,854,17
838,Chris Roycroft,STL,RP,RP,61.73975658416748,-251.56502339839938,812,-26
839,Joey Lucchesi,SFG,RP,RP,61.20533049106598,-252.09944949150088,814,-25
840,Sawyer Gipson-Long,DET,SP,SP,60.79441571235657,-252.5103642702103,815,-25
841,Ryan Mountcastle,BAL,1B,Batter,76.40884215818707,-252.58684304171945,769,-72
842,Tristan Beck,SFG,SP,SP,60.48546028137207,-252.8193197011948,816,-26
843,Chas McCormick,CHC,LF,Batter,44.18690152470795,-253.05553086333487,864,21
844,Alek Jacob,SDP,RP,RP,60.05172312259674,-253.25305685997012,817,-27
845,Eli White,ATL,RF,Batter,43.63543847820795,-253.60699390983484,866,21
846,Hunter Renfroe,KCR,RF,Batter,43.404067569415446,-253.83836481862735,868,22
847,Yariel Rodriguez,TOR,SP,SP,59.200849533081055,-254.1039304494858,819,-28
848,Dan Altavilla,MIN,RP,RP,57.80327606201172,-255.50150392055514,821,-27
849,Trent Thornton,CHC,RP,RP,57.18983554840088,-256.114944434166,822,-27
850,Michael Tonkin,MIN,RP,RP,55.78297257423401,-257.52180740833285,823,-27
851,Max Lazar,PHI,RP,RP,55.77578783035278,-257.5289921522141,824,-27
852,Josh Rojas,KCR,3B,Batter,33.61779901039163,-257.5419643903063,900,48
853,Cooper Hummel,- - -,LF,Batter,39.671529591958716,-257.57090279608406,881,28
854,Kyren Paris,LAA,2B,Batter,28.281791024486832,-257.86002695459723,910,56
855,Max Schuemann,NYY,3B,Batter,33.16706343950429,-257.9926999611937,901,46
856,Sam Bachman,LAA,RP,RP,55.14482879638672,-258.15995118618014,829,-27
857,Jack Suwinski,PIT,RF,Batter,38.89144087620573,-258.3509915118371,882,25
858,Juan Morillo,ARI,RP,RP,54.73004961013794,-258.5747303724289,830,-28
859,Chase Lee,TOR,RP,RP,54.468047857284546,-258.8367321252823,831,-28
860,Joey Loperfido,HOU,LF,Batter,37.49379034031934,-259.7486420477235,889,29
861,Alex Jackson,MIN,C,Batter,14.327146539274237,-260.44914726621204,942,81
862,Orlando Ribalta,WSN,RP,RP,52.77003073692322,-260.53474924564364,833,-29
863,Zach Dezenzo,HOU,LF,Batter,36.67436149262424,-260.56807089541854,892,29
864,Brendan Rodgers,BOS,2B,Batter,25.468394764811958,-260.67342321427213,922,58
865,Ben Rortvedt,NYM,C,Batter,12.83709019685678,-261.9392036086295,947,82
866,Willie MacIver,TEX,C,Batter,12.643074339695747,-262.1332194657905,948,82
867,Hayden Wesneski,HOU,SP,SP,50.933181047439575,-262.3715989351273,837,-30
868,Yerry De Los Santos,NYY,RP,RP,50.1537561416626,-263.15102384090426,840,-28
869,Carlos Carrasco,- - -,SP,SP,50.09146232604981,-263.21331765651706,841,-28
870,Dylan Carlson,CHC,LF,Batter,33.732064322066634,-263.5103680659762,898,28
871,Paul DeJong,NYY,3B,Batter,27.449388405572506,-263.71037499512545,913,42
872,Adam Mazur,MIA,SP,SP,48.893367886543274,-264.4114120960236,843,-29
873,Angel Chivilli,NYY,RP,RP,48.77111101150513,-264.53366897106173,845,-28
874,LaMonte Wade Jr.,CHW,1B,Batter,64.37909758472942,-264.6165876151771,806,-68
875,Justin Hagenman,NYM,SP,SP,48.559940576553345,-264.7448394060135,849,-26
876,Brandon Young,BAL,SP,SP,48.31885838508606,-264.9859215974808,850,-26
877,Kaleb Ort,LAA,RP,RP,48.062180042266846,-265.2425999403,851,-26
878,Cade Povich,BAL,SP,SP,47.453725695610046,-265.8510542869568,855,-23
879,Kyle Hart,SDP,SP,SP,46.78341996669769,-266.52136001586916,856,-23
880,Nick Allen,HOU,SS,Batter,51.411804647587545,-267.0275050616178,834,-46
881,Carson Whisenhunt,SFG,SP,SP,46.11565458774567,-267.1891253948212,858,-23
882,Rafael Montero,NYY,RP,RP,45.174591302871704,-268.13018867969515,860,-22
883,Tyler Wade,TEX,2B,Batter,17.466403204081708,-268.67541477500237,937,54
884,Miles Mastrobuoni,SEA,3B,Batter,22.294739659856905,-268.865023740841,929,45
885,Jorge Lopez,WSN,RP,RP,44.37428665161133,-268.9304933309555,863,-22
886,Mickey Gasper,BOS,2B,Batter,16.84073436513568,-269.3010836139484,938,52
887,Martin Perez,ATL,SP,SP,43.692100048065186,-269.61267993450167,865,-22
888,Orlando Arcia,MIN,SS,Batter,48.82042565566903,-269.61888405353625,844,-44
889,Leody Taveras,BAL,OF,Batter,27.48846862356585,-269.75396376447696,912,23
890,Trevor Williams,WSN,SP,SP,43.54496383666992,-269.75981614589693,867,-23
891,Brandon Lockridge,MIL,LF,Batter,27.198527003492792,-270.04390538455,915,24
892,Matt Thaiss,BOS,C,Batter,4.7247606297438205,-270.05153317574246,980,88
893,Eric Wagaman,MIN,1B,Batter,58.66472479646865,-270.33096040343787,820,-73
894,Cionel Perez,WSN,RP,RP,41.122557640075684,-272.1822223424912,870,-24
895,Landon Knack,LAD,SP,SP,40.97333526611328,-272.3314447164536,871,-24
896,Brandon Waddell,NYM,SP,SP,40.86145683526993,-272.44332314729695,872,-24
897,Lou Trivino,PHI,SP,SP,40.68846607208252,-272.61631391048434,873,-24
898,Hector Neris,KCR,RP,RP,40.656121015548706,-272.64865896701815,874,-24
899,Kameron Misner,KCR,CF,Batter,24.404682399675103,-272.8377499883677,924,25
900,Lyon Richardson,CIN,RP,RP,39.98005819320679,-273.32472178936007,879,-21
901,Felix Bautista,BAL,RP,RP,39.801475524902344,-273.5033044576645,880,-21
902,Drew Waters,KCR,LF,Batter,23.267310758894862,-273.97512162914796,927,25
903,Dane Dunning,SEA,RP,RP,38.651185154914856,-274.653594827652,883,-20
904,Jorge Alcala,TOR,RP,RP,38.06891345977783,-275.235866522789,885,-19
905,Carson Palmquist,COL,SP,SP,37.81158447265625,-275.4931955099106,886,-19
906,Tyler Gilbert,CHW,SP,SP,37.69265103340149,-275.61212894916537,887,-19
907,Mitch Farris,LAA,SP,SP,37.588202714920044,-275.7165772676468,888,-19
908,Scott Blewett,STL,SP,SP,37.182522773742676,-276.1222572088242,890,-18
909,Bryse Wilson,PHI,SP,SP,35.18012714385986,-278.124652838707,894,-15
910,Taylor Trammell,HOU,LF,Batter,18.525858419874186,-278.71657396816863,935,25
911,Carlos Hernandez,CLE,RP,RP,34.31485080718994,-278.9899291753769,896,-15
912,Zach Brzykcy,WSN,RP,RP,34.21604359149933,-279.0887363910675,897,-15
913,Yanquiel Fernandez,NYY,RF,Batter,17.93713813035776,-279.30529425768503,936,23
914,Andruw Monasterio,BOS,SS,Batter,38.556957621645026,-279.88235208756026,884,-30
915,Ryan Borucki,CHW,RP,RP,32.771610736846924,-280.53316924571993,902,-13
916,Jonah Bride,TEX,3B,Batter,10.621985995863389,-280.53777740483457,953,37
917,Manuel Rodriguez,TBR,RP,RP,32.57460403442383,-280.730175948143,903,-14
918,Kevin Newman,KCR,3B,Batter,10.079517626443671,-281.0802457742543,955,37
919,Genesis Cabrera,PHI,RP,RP,31.679445266723633,-281.6253347158432,904,-15
920,Grant Holman,ARI,SP,SP,31.352869987487793,-281.95190999507906,905,-15
921,Jack Kochanowicz,LAA,SP,SP,31.18571138381958,-282.1190685987473,906,-15
922,Trey Sweeney,DET,SS,Batter,36.09935945046902,-282.3399502587363,893,-29
923,Weston Wilson,BAL,LF,Batter,14.048165180407803,-283.194267207635,943,20
924,Carson Seymour,SFG,SP,SP,29.708139419555664,-283.5966405630112,908,-16
925,Heston Kjerstad,BAL,LF,Batter,13.364755234423136,-283.8776771536197,945,20
926,Jonatan Clase,TOR,LF,Batter,13.35453151680972,-283.88790087123306,946,20
927,Osvaldo Bido,NYY,SP,SP,28.63594627380371,-284.66883370876315,909,-18
928,Jhonkensy Noel,BAL,RF,Batter,12.204330422123846,-285.03810196591894,949,21
929,Ronel Blanco,HOU,SP,SP,28.211031198501587,-285.09374878406527,911,-18
930,Emmanuel Rivera,BAL,3B,Batter,5.869944376890571,-285.2898190238074,972,42
931,Kyle Backhus,PHI,RP,RP,27.391870498657227,-285.91290948390963,914,-17
932,Vinny Capra,BOS,3B,Batter,5.202452482932003,-285.95731091776594,976,44
933,McCade Brown,COL,SP,SP,26.739012479782104,-286.56576750278475,916,-17
934,Josh Simpson,MIA,RP,RP,26.066463708877563,-287.2383162736893,918,-16
935,Austin Gomber,TEX,SP,SP,26.00719928741455,-287.2975806951523,919,-16
936,Curtis Mead,CHW,1B,Batter,41.54114447950295,-287.45454072040354,869,-67
937,Mitch Spence,KCR,SP,SP,25.588512420654297,-287.71626756191256,921,-16
938,Nacho Alvarez Jr.,ATL,SS,Batter,30.672022697188535,-287.76728701201677,907,-31
939,Nick Sogard,BOS,1B,Batter,40.23628985778299,-288.7593953421235,877,-62
940,Bradley Blalock,MIA,SP,SP,24.47403311729431,-288.83074686527254,923,-17
941,Konnor Pilkington,DET,RP,RP,23.934251308441162,-289.3705286741257,925,-16
942,Ryan Rolison,CHC,SP,SP,23.884424209594727,-289.42035577297213,926,-16
943,Collin Snider,CHC,RP,RP,22.519731760025024,-290.78504822254183,928,-15
944,Hunter Strickland,LAA,RP,RP,21.991337060928345,-291.3134429216385,930,-14
945,Joe Ross,ARI,SP,SP,21.65725326538086,-291.647526717186,931,-14
946,John Brebbia,COL,RP,RP,20.675410270690918,-292.62936971187594,932,-14
947,Kolby Allard,CLE,SP,SP,19.858816623687744,-293.4459633588791,934,-13
948,Christian Encarnacion-Strand,CIN,1B,Batter,34.65377940124835,-294.34190579865816,895,-53
949,Cam Booser,TBR,RP,RP,15.827850341796875,-297.47692964077,939,-10
950,Shinnosuke Ogasawara,WSN,SP,SP,13.992019653320312,-299.31276032924654,944,-6
951,Matt Bowman,MIN,RP,RP,12.120626449584961,-301.1841535329819,950,-1
952,AJ Smith-Shawver,ATL,SP,SP,11.37367033958435,-301.9311096429825,951,-1
953,Michael Toglia,CIN,1B,Batter,26.101481797304285,-302.8942034026022,917,-36
954,Coby Mayo,BAL,1B,Batter,25.972631767794702,-303.0230534321118,920,-34
955,Valente Bellozo,COL,SP,SP,10.138195037841797,-303.16658494472506,954,-1
956,Cal Quantrill,TEX,SP,SP,9.305070042610168,-303.9997099399567,956,0
957,Yu Darvish,SDP,SP,SP,9.266188325508832,-304.038591657058,957,0
958,Tylor Megill,NYM,SP,SP,9.195382753431797,-304.1093972291351,959,1
959,Luis L. Ortiz,CLE,SP,SP,8.243960108982323,-305.06081987358453,960,1
960,Brandon Walter,HOU,SP,SP,7.629992594203949,-305.6747873883629,961,1
961,Tanner Houck,BOS,SP,SP,7.610274812221527,-305.69450517034534,962,1
962,Frankie Montas,NYM,SP,SP,7.513194165577888,-305.79158581698897,963,1
963,Tony Gonsolin,LAD,SP,SP,7.298899488060474,-306.00588049450636,964,1
964,Nestor Cortes,- - -,SP,SP,7.177013264107704,-306.12776671845916,965,1
965,Jackson Jobe,DET,SP,SP,6.667043671064377,-306.63773631150247,966,1
966,Anthony DeSclafani,ARI,SP,SP,6.5862924025297165,-306.71848758003716,967,1
967,Andrew Heaney,- - -,SP,SP,6.227680206631422,-307.07709977593544,968,1
968,Clayton Kershaw,LAD,SP,SP,6.219269971079826,-307.08551001148703,969,1
969,Kyle Hendricks,LAA,SP,SP,6.094613285803795,-307.21016669676305,970,1
970,Connor Gillispie,MIA,SP,SP,6.025207889263631,-307.2795720933032,971,1
971,Caleb Boushley,TEX,SP,SP,5.724731633344889,-307.58004834922195,973,2
972,Ben Lively,CLE,SP,SP,5.432993617949486,-307.8717863646174,974,2
973,Matt Sauer,LAD,SP,SP,5.404056285762787,-307.90072369680405,975,2
974,Thomas Hatch,ARI,SP,SP,5.161765190099477,-308.1430147924674,977,3
975,Nabil Crismatt,TEX,SP,SP,5.093593758637906,-308.21118622392896,978,3
976,Chris Flexen,CHC,SP,SP,4.877896898345948,-308.4268830842209,979,3
977,Anthony Molina,ATL,SP,SP,4.5201503515434265,-308.78462963102345,981,4
978,Jake Woodford,TBR,RP,RP,4.51601907721281,-308.788760905354,982,4
979,Easton Lucas,TOR,SP,SP,4.298691488623619,-309.00608849394325,983,4
980,Bryce Jarvis,ARI,RP,RP,4.281729929357767,-309.0230500532091,984,4
981,Abraham Toro,KCR,1B,Batter,19.969924842698674,-309.02576035720784,933,-48
982,Anthony Veneziano,- - -,SP,SP,4.001167891392708,-309.30361209117416,985,3
983,Carson Fulmer,LAA,RP,RP,3.8872072191452984,-309.41757276342156,986,3
984,Ronny Henriquez,MIA,RP,RP,2.9879237572050092,-310.31685622536185,987,3
985,Randy Rodriguez,SFG,RP,RP,2.68755176653862,-310.61722821602825,988,3
986,Max Kranick,NYM,RP,RP,2.6329710735476017,-310.67180890901926,989,3
987,Shawn Dubin,ARI,RP,RP,2.544967814280987,-310.75981216828586,990,3
988,Austin Cox,ATL,SP,SP,2.456949287707806,-310.84783069485906,991,3
989,Reed Garrett,NYM,SP,SP,2.304642750837803,-311.00013723172907,992,3
990,Shelby Miller,CHC,RP,RP,2.0565346173954007,-311.24824536517144,993,3
991,John Curtiss,ARI,RP,RP,2.0177189835941793,-311.28706099897266,994,3
992,Nic Enright,TOR,RP,RP,1.952483196258545,-311.35229678630833,995,3
993,Eduardo Salazar,WSN,RP,RP,1.9345745183479788,-311.3702054642189,996,3
994,Sean Reynolds,SDP,SP,SP,1.9031273976087573,-311.4016525849581,997,3
995,Emmanuel Clase,CLE,RP,RP,1.8641309357447624,-311.4406490468221,998,3
996,Chris Stratton,- - -,RP,RP,1.8308155780756474,-311.4739644044912,999,3
997,Jose Castillo,- - -,RP,RP,1.8154279259467125,-311.48935205662013,1000,3
998,Sam Long,KCR,RP,RP,1.6605006273651122,-311.6442793552017,1001,3
999,Tayler Scott,ATL,RP,RP,1.4969708442866803,-311.80780913828016,1002,3
1000,Ian Gibaut,CIN,RP,RP,1.3353588834500314,-311.9694210991168,1003,3
1001,Matt Mervis,WSN,1B,Batter,14.688991647631251,-314.30669355227525,940,-61
1002,Enmanuel Valdez,PIT,1B,Batter,14.350851718518543,-314.644833481388,941,-61
1003,Donovan Solano,- - -,1B,Batter,11.126181636701343,-317.86950356320517,952,-51
