PAR_Rank,PAR_Overall_Rank,Name,Team,Role,Projected_Fpoints,Replacement_Level,PAR,Rank
1,2,Tarik Skubal,DET,SP,506.24367495389276,308.22711572271066,198.0165592311821,1
2,4,Garrett Crochet,BOS,SP,470.5852954610594,308.22711572271066,162.35817973834872,2
3,6,Cole Ragans,KCR,SP,445.56010291059,308.22711572271066,137.33298718787933,3
4,8,Paul Skenes,PIT,SP,430.6315194846788,308.22711572271066,122.40440376196813,4
5,9,Cristopher Sanchez,PHI,SP,430.59802333755476,308.22711572271066,122.3709076148441,5
6,10,Hunter Greene,CIN,SP,425.0629837365995,308.22711572271066,116.83586801388884,6
7,12,Dylan Cease,TOR,SP,417.8915521190218,308.22711572271066,109.66443639631115,7
8,14,Bryan Woo,SEA,SP,407.05859829488304,308.22711572271066,98.83148257217238,8
9,19,Logan Webb,SFG,SP,396.84142339239156,308.22711572271066,88.6143076696809,9
10,23,Edwin Diaz,LAD,RP,356.4240872231122,277.6615396707508,78.76254755236141,16
11,26,Chris Sale,ATL,SP,384.92158012423243,308.22711572271066,76.69446440152177,10
12,30,Hunter Brown,HOU,SP,372.4130758181623,308.22711572271066,64.18596009545166,11
13,34,Cade Smith,CLE,RP,338.4791358051,277.6615396707508,60.817596134349174,24
14,37,Mason Miller,SDP,RP,337.06504831206644,277.6615396707508,59.403508641315625,25
15,39,Devin Williams,NYM,RP,335.3631591198723,277.6615396707508,57.701619449121495,28
16,40,Jesus Luzardo,PHI,SP,364.3384862094946,308.22711572271066,56.111370486783926,12
17,41,Josh Hader,HOU,RP,331.0473174630797,277.6615396707508,53.385777792328895,30
18,43,Reid Detmers,LAA,RP,329.3499554344453,277.6615396707508,51.68841576369448,32
19,44,Max Fried,NYY,SP,359.2755741501511,308.22711572271066,51.04845842744044,13
20,47,Jacob deGrom,TEX,SP,358.5921496791017,308.22711572271066,50.36503395639102,14
21,50,Logan Gilbert,SEA,SP,357.0493095942517,308.22711572271066,48.82219387154106,15
22,52,Framber Valdez,DET,SP,355.7286760012583,308.22711572271066,47.50156027854763,17
23,54,Aroldis Chapman,BOS,RP,319.91855307863773,277.6615396707508,42.257013407886916,39
24,56,Sonny Gray,BOS,SP,349.24900721037596,308.22711572271066,41.0218914876653,18
25,59,Joe Ryan,MIN,SP,346.83971669892367,308.22711572271066,38.612600976213,19
26,60,Zack Wheeler,PHI,SP,346.12188403842464,308.22711572271066,37.894768315713975,20
27,61,Kyle Bradish,BAL,SP,345.47046647974446,308.22711572271066,37.243350757033795,21
28,62,David Bednar,NYY,RP,313.8493103519347,277.6615396707508,36.187770681183906,42
29,63,Emmet Sheehan,LAD,SP,343.936684942208,308.22711572271066,35.709569219497325,22
30,67,Jhoan Duran,PHI,RP,309.7344922367682,277.6615396707508,32.07295256601736,47
31,70,Nick Pivetta,SDP,SP,338.87155632298175,308.22711572271066,30.644440600271082,23
32,74,George Kirby,SEA,SP,335.88718901060156,308.22711572271066,27.660073287890896,26
33,75,Ryan Pepiot,TBR,SP,335.7884724957645,308.22711572271066,27.56135677305383,27
34,79,Robbie Ray,SFG,SP,333.71572465614025,308.22711572271066,25.48860893342959,29
35,86,Kevin Gausman,TOR,SP,329.56546321856865,308.22711572271066,21.338347495857988,31
36,89,Freddy Peralta,NYM,SP,328.95125429111295,308.22711572271066,20.72413856840228,33
37,91,Chase Burns,CIN,SP,328.556629496693,308.22711572271066,20.32951377398234,34
38,92,Andres Munoz,SEA,RP,297.71271509615644,277.6615396707508,20.05117542540563,58
39,96,Daniel Palencia,CHC,RP,296.4732657110345,277.6615396707508,18.811726040283702,61
40,100,Bubba Chandler,PIT,SP,325.69859563414144,308.22711572271066,17.471479911430777,35
41,102,Nathan Eovaldi,TEX,SP,324.9015142686264,308.22711572271066,16.67439854591572,36
42,106,Drew Rasmussen,TBR,SP,323.8693463429313,308.22711572271066,15.64223062022063,37
43,110,Aaron Nola,PHI,SP,322.29052768209726,308.22711572271066,14.063411959386599,38
44,114,Jacob Misiorowski,MIL,SP,319.3633741026466,308.22711572271066,11.136258379935953,40
45,118,Jack Flaherty,DET,SP,316.8702313828198,308.22711572271066,8.643115660109117,41
46,124,Emilio Pagan,CIN,RP,282.95336652680885,277.6615396707508,5.291826856058037,68
47,129,Blake Snell,LAD,SP,312.3501611468865,308.22711572271066,4.123045424175814,43
48,131,Tanner Bibee,CLE,SP,311.3414611755865,308.22711572271066,3.1143454528758525,44
49,132,Eury Perez,MIA,SP,311.2100605110576,308.22711572271066,2.982944788346913,45
50,133,Trey Yesavage,TOR,SP,310.7944966744605,308.22711572271066,2.56738095174984,46
51,137,Cody Ponce,TOR,SP,309.12785498702027,308.22711572271066,0.9007392643096068,48
52,143,Nolan McLean,NYM,SP,308.38633003926464,308.22711572271066,0.159214316553971,49
53,146,Kris Bubic,KCR,SP,307.4748656747442,308.22711572271066,-0.75225004796647,50
54,150,Gavin Williams,CLE,SP,306.41203567575604,308.22711572271066,-1.8150800469546198,51
55,151,MacKenzie Gore,TEX,SP,305.421541297712,308.22711572271066,-2.8055744249986674,52
56,154,Jeff Hoffman,TOR,RP,274.13616989366574,277.6615396707508,-3.525369777085075,75
57,156,Brandon Woodruff,MIL,SP,302.33465647962726,308.22711572271066,-5.892459243083408,53
58,158,Carlos Rodon,NYY,SP,301.3544400866444,308.22711572271066,-6.872675636066276,54
59,159,Luis Castillo,SEA,SP,300.95488233604624,308.22711572271066,-7.272233386664425,55
60,161,Ryan Helsley,BAL,RP,269.34046550594474,277.6615396707508,-8.321074164806078,80
61,162,Ranger Suarez,BOS,SP,299.8725050542921,308.22711572271066,-8.354610668418559,56
62,164,Pablo Lopez,MIN,SP,299.68791809965296,308.22711572271066,-8.539197623057703,57
63,167,Michael King,SDP,SP,297.38054918690096,308.22711572271066,-10.8465665358097,59
64,170,Yoshinobu Yamamoto,LAD,SP,296.58167046748974,308.22711572271066,-11.64544525522092,60
65,171,Raisel Iglesias,ATL,RP,265.4044307163001,277.6615396707508,-12.2571089544507,84
66,172,Ryan Walker,SFG,RP,264.9922470107997,277.6615396707508,-12.669292659951111,87
67,175,Carlos Estevez,KCR,RP,263.9295799383718,277.6615396707508,-13.731959732379039,91
68,179,Shane Baz,BAL,SP,293.54118092779345,308.22711572271066,-14.685934794917216,62
69,180,Zac Gallen,ARI,SP,293.17303133553384,308.22711572271066,-15.054084387176829,63
70,184,Pete Fairbanks,MIA,RP,261.1212925613611,277.6615396707508,-16.540247109389725,93
71,186,Dennis Santana,PIT,RP,259.76101889531895,277.6615396707508,-17.900520775431858,94
72,191,Abner Uribe,MIL,RP,256.5094461815209,277.6615396707508,-21.152093489229912,98
73,192,Chris Bassitt,BAL,SP,287.05597527303263,308.22711572271066,-21.171140449678035,64
74,195,Brady Singer,CIN,SP,286.34408896610137,308.22711572271066,-21.883026756609297,65
75,197,Shane McClanahan,TBR,SP,285.7818606036806,308.22711572271066,-22.445255119030037,66
76,198,Tyler Glasnow,LAD,SP,283.3241829458064,308.22711572271066,-24.902932776904265,67
77,199,Nick Lodolo,CIN,SP,282.7208282657587,308.22711572271066,-25.506287456951952,69
78,200,Sandy Alcantara,MIA,SP,282.6843818006597,308.22711572271066,-25.542733922050957,70
79,203,Matthew Boyd,CHC,SP,280.28807826497103,308.22711572271066,-27.93903745773963,71
80,208,Jose Soriano,LAA,SP,278.03376078371724,308.22711572271066,-30.193354938993423,72
81,211,Seranthony Dominguez,CHW,RP,246.50793721046384,277.6615396707508,-31.153602460286976,107
82,214,Ryne Nelson,ARI,SP,276.7897004956397,308.22711572271066,-31.43741522707097,73
83,216,Joe Musgrove,SDP,SP,276.1322490559736,308.22711572271066,-32.09486666673706,74
84,221,Kenley Jansen,DET,RP,242.7471325776823,277.6615396707508,-34.91440709306852,110
85,223,Joey Cantillo,CLE,SP,273.2514794741473,308.22711572271066,-34.975636248563376,76
86,224,Mitch Keller,PIT,SP,273.1805086859752,308.22711572271066,-35.04660703673545,77
87,226,Spencer Strider,ATL,SP,272.25871338893586,308.22711572271066,-35.968402333774804,78
88,228,Yusei Kikuchi,LAA,SP,270.66870617759884,308.22711572271066,-37.55840954511183,79
89,234,Reynaldo López,ATL,SP,268.7426749869757,308.22711572271066,-39.48444073573495,81
90,236,Trevor Rogers,BAL,SP,268.34505129084414,308.22711572271066,-39.882064431866525,82
91,240,Robert Garcia,TEX,RP,236.74876816134588,277.6615396707508,-40.912771509404934,117
92,241,Clayton Beeter,WSN,RP,236.48697531645092,277.6615396707508,-41.17456435429989,118
93,242,Braxton Ashcraft,PIT,SP,266.95005168746604,308.22711572271066,-41.27706403524462,83
94,246,Shohei Ohtani,LAD,SP,265.3745822083786,308.22711572271066,-42.85253351433204,85
95,247,Quinn Priester,MIL,SP,265.31271418873865,308.22711572271066,-42.91440153397201,86
96,249,Edward Cabrera,CHC,SP,264.6369643056887,308.22711572271066,-43.59015141702196,88
97,251,Grant Taylor,CHW,SP,264.4226268853579,308.22711572271066,-43.80448883735278,89
98,252,David Peterson,NYM,SP,264.1468406012924,308.22711572271066,-44.08027512141825,90
99,255,Merrill Kelly,ARI,SP,263.54784903126017,308.22711572271066,-44.67926669145049,92
100,261,Brandon Pfaadt,ARI,SP,259.6542827025236,308.22711572271066,-48.57283302018709,95
101,263,Sean Manaea,NYM,SP,259.40385711233046,308.22711572271066,-48.82325861038021,96
102,264,Edwin Uceta,TBR,RP,228.33900585177906,277.6615396707508,-49.32253381897175,127
103,265,Shane Smith,CHW,SP,258.8604715472342,308.22711572271066,-49.36664417547644,97
104,266,Victor Vodnik,COL,RP,228.1995927533428,277.6615396707508,-49.461946917408,128
105,273,Trevor Megill,MIL,RP,224.47965573057806,277.6615396707508,-53.18188394017275,131
106,274,Jack Leiter,TEX,SP,254.82024228550176,308.22711572271066,-53.4068734372089,99
107,278,Cameron Schlittler,NYY,SP,253.47145851861302,308.22711572271066,-54.755657204097645,100
108,279,Max Meyer,MIA,SP,253.46835212623708,308.22711572271066,-54.758763596473585,101
109,284,Taylor Rogers,MIN,RP,221.30936679959285,277.6615396707508,-56.35217287115796,136
110,285,Jeremiah Estrada,SDP,RP,220.34738449206787,277.6615396707508,-57.31415517868294,137
111,286,Chad Patrick,MIL,SP,250.89156263508482,308.22711572271066,-57.33555308762584,102
112,287,Andrew Abbott,CIN,SP,250.67031175182032,308.22711572271066,-57.55680397089034,103
113,288,Jeffrey Springs,ATH,SP,249.62074250386198,308.22711572271066,-58.60637321884869,104
114,289,Luis Severino,ATH,SP,249.61432474896517,308.22711572271066,-58.61279097374549,105
115,293,Griffin Jax,TBR,SP,248.67651934036618,308.22711572271066,-59.55059638234448,106
116,295,Mike Burrows,HOU,SP,245.83108368041346,308.22711572271066,-62.39603204229721,108
117,297,Cade Cavalli,WSN,SP,244.53255232593722,308.22711572271066,-63.69456339677345,109
118,299,Bryan Abreu,HOU,RP,212.40845960159217,277.6615396707508,-65.25308006915864,150
119,300,Garrett Cleavinger,TBR,RP,211.98269361776994,277.6615396707508,-65.67884605298087,151
120,302,Riley O'Brien,STL,RP,210.23135102276012,277.6615396707508,-67.43018864799069,155
121,303,Jacob Lopez,ATH,SP,240.20095859909716,308.22711572271066,-68.0261571236135,111
122,306,Grayson Rodriguez,LAA,SP,239.35106164652598,308.22711572271066,-68.87605407618469,112
123,308,Clay Holmes,NYM,SP,238.24716048852025,308.22711572271066,-69.97995523419041,113
124,309,Michael Wacha,KCR,SP,238.15997254879886,308.22711572271066,-70.0671431739118,114
125,310,Seth Lugo,KCR,SP,237.5240123862673,308.22711572271066,-70.70310333644338,115
126,311,Gerrit Cole,NYY,SP,237.47656369457297,308.22711572271066,-70.75055202813769,116
127,312,Robert Stephenson,LAA,RP,206.6906607569781,277.6615396707508,-70.97087891377271,161
128,314,Will Warren,NYY,SP,235.55629980679794,308.22711572271066,-72.67081591591273,119
129,316,Dustin May,STL,SP,235.25445769909737,308.22711572271066,-72.97265802361329,120
130,317,Braxton Garrett,MIA,SP,234.73993186575544,308.22711572271066,-73.48718385695523,121
131,318,Cole Henry,WSN,RP,204.1157327025789,277.6615396707508,-73.54580696817192,163
132,319,Casey Mize,DET,SP,234.43665002348484,308.22711572271066,-73.79046569922582,122
133,323,JoJo Romero,STL,RP,199.67547063217478,277.6615396707508,-77.98606903857603,166
134,324,Brad Lord,WSN,SP,230.15144743445705,308.22711572271066,-78.07566828825361,123
135,325,Brayan Bello,BOS,SP,230.02500296352653,308.22711572271066,-78.20211275918413,124
136,326,Ryan Weathers,NYY,SP,229.92965661447786,308.22711572271066,-78.2974591082328,125
137,327,Zebby Matthews,MIN,SP,229.44310185744652,308.22711572271066,-78.78401386526414,126
138,328,Robert Suarez,ATL,RP,197.7535002231358,277.6615396707508,-79.90803944761501,168
139,331,Jameson Taillon,CHC,SP,226.91034898757215,308.22711572271066,-81.31676673513851,129
140,334,Tatsuya Imai,HOU,SP,226.29131659435825,308.22711572271066,-81.93579912835241,130
141,336,Kevin Ginkel,ARI,RP,194.55333039285762,277.6615396707508,-83.1082092778932,172
142,337,Garrett Whitlock,BOS,RP,193.70740792505683,277.6615396707508,-83.95413174569399,173
143,339,Grant Holmes,ATL,SP,223.93729707032807,308.22711572271066,-84.28981865238259,132
144,340,Foster Griffin,WSN,SP,223.8292825207988,308.22711572271066,-84.39783320191185,133
145,344,Kyle Freeland,COL,SP,222.8700100977623,308.22711572271066,-85.35710562494836,134
146,346,Andrew Kittredge,BAL,RP,192.00517573786388,277.6615396707508,-85.65636393288693,175
147,347,Shota Imanaga,CHC,SP,221.61742190982596,308.22711572271066,-86.6096938128847,135
148,352,Slade Cecconi,CLE,SP,220.30556086059192,308.22711572271066,-87.92155486211874,138
149,353,Logan Henderson,MIL,SP,220.12134774725473,308.22711572271066,-88.10576797545593,139
150,355,Phil Maton,CHC,RP,189.39374976575044,277.6615396707508,-88.26778990500037,179
151,357,Kyle Leahy,STL,SP,219.12980349652727,308.22711572271066,-89.09731222618339,140
152,359,Parker Messick,CLE,SP,218.05449161468223,308.22711572271066,-90.17262410802843,141
153,360,Matt Svanson,STL,RP,187.096541294489,277.6615396707508,-90.56499837626183,181
154,362,Steven Matz,TBR,SP,217.36993744016246,308.22711572271066,-90.8571782825482,142
155,364,Taj Bradley,MIN,SP,216.71317879476774,308.22711572271066,-91.51393692794292,143
156,365,Noah Cameron,KCR,SP,216.66012476727704,308.22711572271066,-91.56699095543362,144
157,366,Davis Martin,CHW,SP,216.28400980260693,308.22711572271066,-91.94310592010373,145
158,370,Fernando Cruz,NYY,RP,183.53587191631837,277.6615396707508,-94.12566775443244,186
159,371,Dylan Lee,ATL,RP,183.47344036059647,277.6615396707508,-94.18809931015434,187
160,372,Lucas Giolito,BOS,SP,213.79984932600613,308.22711572271066,-94.42726639670454,146
161,373,Dean Kremer,BAL,SP,213.79140934249273,308.22711572271066,-94.43570638021794,147
162,374,Johan Oviedo,BOS,SP,213.47585234086804,308.22711572271066,-94.75126338184262,148
163,375,Bailey Ober,MIN,SP,213.4340933706929,308.22711572271066,-94.79302235201777,149
164,376,Tanner Scott,LAD,RP,182.18990852751563,277.6615396707508,-95.47163114323519,188
165,377,Will Vest,DET,RP,181.89874508134218,277.6615396707508,-95.76279458940863,189
166,382,Cristian Javier,HOU,SP,211.8643815971409,308.22711572271066,-96.36273412556977,152
167,384,Zack Littell,- - -,SP,211.79063336452248,308.22711572271066,-96.43648235818819,153
168,385,Adrian Morejon,SDP,RP,181.21330143425143,277.6615396707508,-96.44823823649938,190
169,386,Tony Santillan,CIN,RP,181.09035560621814,277.6615396707508,-96.57118406453267,191
170,389,Hogan Harris,ATH,RP,180.1596266055194,277.6615396707508,-97.5019130652314,193
171,390,Jose Berrios,TOR,SP,210.58427264558208,308.22711572271066,-97.64284307712859,154
172,391,Matt Strahm,KCR,RP,179.82444633151735,277.6615396707508,-97.83709333923346,195
173,393,Bryce Miller,SEA,SP,210.0060307083035,308.22711572271066,-98.22108501440715,156
174,394,Tyler Mahle,SFG,SP,209.6885692359531,308.22711572271066,-98.53854648675755,157
175,398,Justin Verlander,DET,SP,208.32699407456954,308.22711572271066,-99.90012164814112,158
176,401,Matthew Liberatore,STL,SP,207.83838879193934,308.22711572271066,-100.38872693077133,159
177,403,Erik Sabrowski,CLE,RP,176.8411075877258,277.6615396707508,-100.82043208302503,198
178,404,Luke Weaver,NYM,RP,176.53382390222956,277.6615396707508,-101.12771576852126,200
179,406,Cade Horton,CHC,SP,206.70912937559092,308.22711572271066,-101.51798634711975,160
180,407,Landen Roupp,SFG,SP,205.7024589753618,308.22711572271066,-102.52465674734887,162
181,410,Gregory Soto,PIT,RP,174.39320183971978,277.6615396707508,-103.26833783103103,202
182,414,Alex Vesia,LAD,RP,173.25857073699163,277.6615396707508,-104.40296893375918,207
183,418,Mark Leiter Jr.,ATH,RP,172.90912003933096,277.6615396707508,-104.75241963141985,209
184,419,Yimi Garcia,TOR,RP,172.6616663507302,277.6615396707508,-104.99987332002061,210
185,421,Shane Bieber,TOR,SP,202.75767992165984,308.22711572271066,-105.46943580105082,164
186,422,Jimmy Herget,COL,RP,172.1580982228044,277.6615396707508,-105.50344144794641,211
187,423,Calvin Faucher,MIA,RP,171.53349720968862,277.6615396707508,-106.1280424610622,213
188,424,Jose A. Ferrer,SEA,RP,170.02291099026056,277.6615396707508,-107.63862868049026,219
189,425,Zach Eflin,BAL,SP,199.9646773029073,308.22711572271066,-108.26243841980337,165
190,426,Mason Montgomery,PIT,RP,168.43092513175384,277.6615396707508,-109.23061453899697,223
191,427,Nick Martinez,TBR,SP,198.8728475692386,308.22711572271066,-109.35426815347208,167
192,428,Juan Mejia,COL,RP,168.24053935294125,277.6615396707508,-109.42100031780956,224
193,430,Jose Alvarado,PHI,RP,166.90049053294132,277.6615396707508,-110.7610491378095,229
194,431,Bryan Baker,TBR,RP,166.56692996438733,277.6615396707508,-111.09460970636349,230
195,432,Kodai Senga,NYM,SP,197.06838504046348,308.22711572271066,-111.15873068224718,169
196,433,Sean Burke,CHW,SP,196.46322581300777,308.22711572271066,-111.7638899097029,170
197,435,Tyler Rogers,TOR,RP,165.0035072020697,277.6615396707508,-112.65803246868111,233
198,436,Hunter Gaddis,CLE,RP,164.48577591965602,277.6615396707508,-113.17576375109479,235
199,437,Matt Brash,SEA,RP,164.295390289828,277.6615396707508,-113.36614938092282,236
200,438,Joel Peguero,SFG,RP,164.18224531582257,277.6615396707508,-113.47929435492824,237
201,439,Adrian Houser,SFG,SP,194.68233470484384,308.22711572271066,-113.54478101786682,171
202,440,Roki Sasaki,LAD,SP,192.91211514527112,308.22711572271066,-115.31500057743955,174
203,441,Hunter Harvey,CHC,RP,162.23843396436678,277.6615396707508,-115.42310570638404,240
204,442,A.J. Minter,NYM,RP,162.0911065296161,277.6615396707508,-115.57043314113471,241
205,444,Kyle Finnegan,DET,RP,161.52635285548052,277.6615396707508,-116.13518681527029,243
206,445,Blake Treinen,LAD,RP,161.47915206426813,277.6615396707508,-116.18238760648268,244
207,446,Camilo Doval,NYY,RP,161.2524275890708,277.6615396707508,-116.40911208168001,245
208,447,Caleb Thielbar,CHC,RP,160.9770143407918,277.6615396707508,-116.684525329959,246
209,448,Simeon Woods Richardson,MIN,SP,191.31355798732267,308.22711572271066,-116.913557735388,176
210,449,Cole Winn,TEX,RP,160.3314031843094,277.6615396707508,-117.3301364864414,247
211,450,Max Scherzer,TOR,SP,190.73098278751144,308.22711572271066,-117.49613293519923,177
212,451,Bryan King,HOU,RP,159.91346008659997,277.6615396707508,-117.74807958415084,248
213,452,Erik Miller,SFG,RP,159.67910768204487,277.6615396707508,-117.98243198870594,249
214,454,Andre Pallante,STL,SP,189.61186913466463,308.22711572271066,-118.61524658804603,178
215,456,Michael Soroka,ARI,SP,188.95221890408087,308.22711572271066,-119.2748968186298,180
216,457,Eduard Bazardo,SEA,RP,158.14520162222385,277.6615396707508,-119.51633804852696,253
217,459,Justin Sterner,ATH,SP,186.83490023228828,308.22711572271066,-121.39221549042239,182
218,461,Graham Ashcraft,CIN,RP,155.77554441181286,277.6615396707508,-121.88599525893795,256
219,462,Gabe Speier,SEA,RP,155.6419080872695,277.6615396707508,-122.0196315834813,257
220,463,Aaron Civale,ATH,SP,185.88927357126596,308.22711572271066,-122.3378421514447,183
221,464,Eduardo Rodriguez,ARI,SP,185.38181162021718,308.22711572271066,-122.84530410249349,184
222,465,Jared Koenig,MIL,RP,154.04403524536468,277.6615396707508,-123.61750442538613,261
223,466,Patrick Corbin,TEX,SP,184.5758236204769,308.22711572271066,-123.65129210223375,185
224,467,Kody Funderburk,MIN,RP,153.7546097973969,277.6615396707508,-123.9069298733539,264
225,468,Chris Martin,TEX,RP,153.02176174732398,277.6615396707508,-124.63977792342683,266
226,469,Paul Sewald,ARI,RP,152.93930619167298,277.6615396707508,-124.72223347907783,267
227,473,Kirby Yates,LAA,RP,152.2021646112977,277.6615396707508,-125.45937505945312,268
228,474,Greg Weissert,BOS,RP,151.4875917096309,277.6615396707508,-126.17394796111992,271
229,475,Ryne Stanek,STL,RP,151.40045537536054,277.6615396707508,-126.26108429539028,272
230,477,Brooks Raley,NYM,RP,150.71908695401817,277.6615396707508,-126.94245271673265,273
231,479,Lance McCullers Jr.,HOU,SP,180.67584831163762,308.22711572271066,-127.55126741107304,192
232,480,Bryce Elder,ATL,SP,179.84075534350083,308.22711572271066,-128.38636037920983,194
233,482,Drey Jameson,ARI,RP,148.57424700424843,277.6615396707508,-129.08729266650238,276
234,483,Orion Kerkering,PHI,RP,148.4956232842116,277.6615396707508,-129.1659163865392,277
235,485,Kade Strowd,ARI,RP,147.9211488861653,277.6615396707508,-129.74039078458551,279
236,487,Michael McGreevy,STL,SP,178.07380648627705,308.22711572271066,-130.1533092364336,196
237,488,Tyler Kinley,ATL,RP,147.23672037007822,277.6615396707508,-130.4248193006726,281
238,489,Spencer Schwellenbach,ATL,SP,177.51971500072474,308.22711572271066,-130.70740072198592,197
239,490,Lucas Erceg,KCR,RP,146.93249894734151,277.6615396707508,-130.7290407234093,282
240,491,Luis Morales,ATH,SP,176.7749066650663,308.22711572271066,-131.45220905764435,199
241,492,Elvis Alvarado,ATH,RP,145.95024101210893,277.6615396707508,-131.71129865864188,284
242,496,Isaac Mattson,PIT,RP,144.61534347780662,277.6615396707508,-133.0461961929442,289
243,497,PJ Poulin,WSN,RP,144.22917037015577,277.6615396707508,-133.43236930059504,290
244,498,Ryan Thompson,ARI,RP,144.15265790143872,277.6615396707508,-133.5088817693121,291
245,499,Michael Lorenzen,COL,SP,174.65554009151774,308.22711572271066,-133.57157563119293,201
246,500,Mike Vasil,CHW,SP,174.25315003903847,308.22711572271066,-133.9739656836722,203
247,502,Shawn Armstrong,CLE,SP,174.00007415237866,308.22711572271066,-134.227041570332,204
248,503,Julian Fernández,WSN,RP,143.3167394865675,277.6615396707508,-134.3448001841833,292
249,504,Chris Paddack,MIA,SP,173.4976129153223,308.22711572271066,-134.72950280738837,205
250,505,Chase Dollander,COL,SP,173.4570709679862,308.22711572271066,-134.77004475472447,206
251,506,Spencer Bivens,SFG,RP,142.77961027471832,277.6615396707508,-134.8819293960325,293
252,507,Seth Halvorsen,COL,RP,142.74548598996273,277.6615396707508,-134.91605368078808,294
253,508,Jared Jones,PIT,SP,172.93922201338677,308.22711572271066,-135.2878937093239,208
254,510,Pierce Johnson,CIN,RP,141.9678656955026,277.6615396707508,-135.6936739752482,295
255,514,John Schreiber,KCR,RP,141.35754879561495,277.6615396707508,-136.30399087513587,296
256,515,Richard Fitts,STL,SP,171.56710355383913,308.22711572271066,-136.66001216887153,212
257,518,Brad Keller,PHI,SP,171.42514848106285,308.22711572271066,-136.80196724164782,214
258,519,Jacob Latz,TEX,SP,171.30077691420246,308.22711572271066,-136.9263388085082,215
259,520,Ian Seymour,TBR,SP,170.45490301231712,308.22711572271066,-137.77221271039355,216
260,522,Brendon Little,TOR,RP,139.78089403637316,277.6615396707508,-137.88064563437766,298
261,523,Jordan Leasure,CHW,SP,170.32427036330625,308.22711572271066,-137.9028453594044,217
262,524,Jose Quintana,COL,SP,170.21204057189786,308.22711572271066,-138.0150751508128,218
263,525,Anthony Bender,MIA,RP,139.1496895729456,277.6615396707508,-138.51185009780522,301
264,526,Louie Varland,TOR,SP,169.55086720464166,308.22711572271066,-138.676248518069,220
265,528,Kumar Rocker,TEX,SP,169.2684169746093,308.22711572271066,-138.95869874810137,221
266,529,Jose Butto,SFG,RP,138.6595859509428,277.6615396707508,-139.001953719808,304
267,530,Jakob Junis,TEX,RP,138.58773491254985,277.6615396707508,-139.07380475820096,305
268,531,Anthony Kay,CHW,SP,168.67601345413846,308.22711572271066,-139.5511022685722,222
269,532,Mick Abel,MIN,SP,168.1555837427901,308.22711572271066,-140.07153197992056,225
270,533,Kyle Harrison,MIL,SP,168.07079196663813,308.22711572271066,-140.15632375607254,226
271,535,Steven Okert,HOU,SP,167.5665283094719,308.22711572271066,-140.66058741323877,227
272,537,Griffin Canning,SDP,SP,167.06751822278213,308.22711572271066,-141.15959749992854,228
273,538,Andrew Nardi,MIA,RP,136.42141086546795,277.6615396707508,-141.24012880528286,308
274,540,Connor Phillips,CIN,RP,135.75722869848585,277.6615396707508,-141.90431097226497,310
275,541,Nick Mears,KCR,RP,135.1775937268209,277.6615396707508,-142.4839459439299,311
276,544,Miles Mikolas,WSN,SP,165.57288486921928,308.22711572271066,-142.65423085349138,231
277,545,Luis Gil,NYY,SP,165.46781135629186,308.22711572271066,-142.7593043664188,232
278,547,Kutter Crawford,BOS,SP,164.76225115070173,308.22711572271066,-143.46486457200893,234
279,548,Mason Englert,TBR,RP,134.16562775775628,277.6615396707508,-143.49591191299453,316
280,549,Matt Festa,CLE,RP,133.3698214995456,277.6615396707508,-144.29171817120522,317
281,550,Logan Allen,CLE,SP,163.397042444024,308.22711572271066,-144.83007327868665,238
282,553,Yennier Cano,BAL,RP,132.21509081572904,277.6615396707508,-145.44644885502177,320
283,554,Tommy Nance,TOR,RP,132.09794978920706,277.6615396707508,-145.56358988154375,322
284,555,Aaron Ashby,MIL,SP,162.30068581351145,308.22711572271066,-145.92642990919921,239
285,556,Tyler Anderson,LAA,SP,161.9103212139536,308.22711572271066,-146.31679450875706,242
286,558,Justin Slaten,BOS,RP,131.218998216095,277.6615396707508,-146.4425414546558,324
287,559,Michael Kelly,ATH,RP,130.84562949190038,277.6615396707508,-146.81591017885043,327
288,562,Zack Kelly,BOS,RP,130.5357215463694,277.6615396707508,-147.12581812438142,328
289,563,Ben Joyce,LAA,RP,130.4034668821784,277.6615396707508,-147.2580727885724,329
290,565,Yohan Ramirez,PIT,RP,129.15510520677313,277.6615396707508,-148.50643446397768,331
291,566,Cole Sands,MIN,SP,159.13291335308475,308.22711572271066,-149.09420236962592,250
292,567,Ryan Zeferjahn,LAA,SP,158.8901372613702,308.22711572271066,-149.33697846134046,251
293,568,Keegan Akin,BAL,SP,158.72251417869904,308.22711572271066,-149.50460154401162,252
294,569,Enyel De Los Santos,HOU,RP,127.8546105256479,277.6615396707508,-149.8069291451029,335
295,571,Andrew Alvarez,WSN,SP,157.46461356495288,308.22711572271066,-150.76250215775778,254
296,572,A.J. Puk,ARI,RP,126.73694961282015,277.6615396707508,-150.92459005793066,336
297,574,Hunter Barco,PIT,SP,156.86228846698128,308.22711572271066,-151.36482725572938,255
298,575,Hoby Milner,CHC,RP,126.14313224291845,277.6615396707508,-151.51840742783236,339
299,577,Luis Garcia,NYM,RP,124.95639282366513,277.6615396707508,-152.7051468470857,340
300,578,Tim Hill,NYY,RP,124.59531519765825,277.6615396707508,-153.06622447309257,342
301,579,Caleb Ferguson,CIN,RP,124.51663135326376,277.6615396707508,-153.14490831748705,343
302,582,Drew Pomeranz,LAA,SP,154.83010161511487,308.22711572271066,-153.3970141075958,258
303,583,Tyler Holton,DET,SP,154.4816992654421,308.22711572271066,-153.74541645726856,259
304,586,Tyler Phillips,MIA,SP,154.18815155578224,308.22711572271066,-154.03896416692842,260
305,587,Hurston Waldrep,ATL,SP,153.8103948500529,308.22711572271066,-154.41672087265778,262
306,588,Taijuan Walker,PHI,SP,153.77660278243093,308.22711572271066,-154.45051294027974,263
307,589,Justin Topa,MIN,SP,153.4650970248871,308.22711572271066,-154.76201869782358,265
308,590,Justin Lawrence,PIT,RP,122.60876915712035,277.6615396707508,-155.05277051363046,346
309,591,Brent Headrick,NYY,RP,122.4421449735653,277.6615396707508,-155.21939469718552,348
310,593,Jordan Romano,LAA,RP,122.06121707337975,277.6615396707508,-155.60032259737108,349
311,594,Grant Anderson,MIL,RP,121.67977904557846,277.6615396707508,-155.98176062517234,350
312,595,Jonathan Cannon,CHW,SP,152.14259169534495,308.22711572271066,-156.08452402736572,269
313,596,Jake Bird,NYY,RP,121.42184879589195,277.6615396707508,-156.23969087485887,352
314,598,Sean Newcomb,CHW,SP,151.7534301934814,308.22711572271066,-156.47368552922927,270
315,604,Jackson Rutledge,WSN,RP,120.06018432407826,277.6615396707508,-157.60135534667256,356
316,605,Sam Hentges,SFG,RP,119.8475394949356,277.6615396707508,-157.8140001758152,358
317,606,Jovani Morán,BOS,RP,119.78641385664069,277.6615396707508,-157.8751258141101,359
318,607,Tim Herrin,CLE,RP,119.66879198997691,277.6615396707508,-157.9927476807739,360
319,610,Patrick Sandoval,BOS,SP,149.67610763575442,308.22711572271066,-158.55100808695624,274
320,613,Hunter Dobbins,STL,SP,148.86744542104168,308.22711572271066,-159.35967030166898,275
321,615,Ryan Feltner,COL,SP,148.3381056314764,308.22711572271066,-159.88901009123427,278
322,616,Jason Adam,SDP,RP,117.7469922307975,277.6615396707508,-159.9145474399533,365
323,617,David Morgan,SDP,SP,147.754743576497,308.22711572271066,-160.47237214621367,280
324,619,Gordon Graceffo,STL,RP,116.61562669824553,277.6615396707508,-161.04591297250528,368
325,620,Eric Orze,MIN,RP,116.44548450383624,277.6615396707508,-161.21605516691457,369
326,621,Bennett Sousa,HOU,RP,116.3689027016976,277.6615396707508,-161.2926369690532,370
327,622,Luis Medina,ATH,SP,146.32527957253322,308.22711572271066,-161.90183615017745,283
328,624,Yuki Matsui,SDP,RP,115.40683263113772,277.6615396707508,-162.2547070396131,371
329,626,Robert Gasser,MIL,SP,145.82616349842002,308.22711572271066,-162.40095222429065,285
330,627,Tanner Banks,PHI,SP,145.58241528069587,308.22711572271066,-162.6447004420148,286
331,628,Dietrich Enns,BAL,SP,145.56634122276415,308.22711572271066,-162.6607744999465,287
332,631,Justin Steele,CHC,SP,145.20644808908372,308.22711572271066,-163.02066763362694,288
333,632,Cole Sulser,TBR,RP,114.3563689562478,277.6615396707508,-163.305170714503,375
334,635,Taylor Clarke,ARI,RP,112.34609911789636,277.6615396707508,-165.31544055285445,377
335,637,Andrew Chafin,MIN,RP,111.6283106103109,277.6615396707508,-166.0332290604399,378
336,639,Connor Brogdon,CLE,RP,111.45203180345274,277.6615396707508,-166.20950786729807,379
337,640,Jose Fermin,LAA,RP,111.34117215228945,277.6615396707508,-166.32036751846135,380
338,642,Jacob Webb,CHC,RP,111.14922686308462,277.6615396707508,-166.5123128076662,382
339,645,Griff McGarry,WSN,RP,110.58099161693566,277.6615396707508,-167.08054805381516,383
340,646,Carlos Vargas,SEA,RP,110.5702570404154,277.6615396707508,-167.0912826303354,384
341,647,Andrew Painter,PHI,SP,140.85271700867128,308.22711572271066,-167.3743987140394,297
342,648,Brock Burke,CIN,SP,139.76489990972107,308.22711572271066,-168.4622158129896,299
343,650,Randy Vasquez,SDP,SP,139.60057290036997,308.22711572271066,-168.6265428223407,300
344,651,Joel Payamps,ATL,RP,108.69859301552754,277.6615396707508,-168.96294665522328,388
345,652,Janson Junk,MIA,SP,139.0537346586214,308.22711572271066,-169.17338106408926,302
346,653,Drew Anderson,DET,SP,138.72766735025118,308.22711572271066,-169.49944837245948,303
347,655,Porter Hodge,CHC,RP,107.68198570920721,277.6615396707508,-169.97955396154362,389
348,657,Caden Dana,LAA,SP,137.76703229113085,308.22711572271066,-170.46008343157982,306
349,663,Brenan Hanifee,DET,RP,105.93193385555078,277.6615396707508,-171.72960581520005,392
350,664,Bryan Hudson,NYM,RP,105.91846607546276,277.6615396707508,-171.74307359528805,393
351,665,Anthony Banda,MIN,SP,136.4325055529048,308.22711572271066,-171.79461016980588,307
352,666,Walker Buehler,- - -,SP,136.1779628998823,308.22711572271066,-172.04915282282838,309
353,668,Alek Manoah,LAA,SP,135.136629464167,308.22711572271066,-173.09048625854368,312
354,669,Robby Snelling,MIA,SP,134.96389727923992,308.22711572271066,-173.26321844347075,313
355,670,Ryan Weiss,HOU,SP,134.8472555616529,308.22711572271066,-173.37986016105776,314
356,671,Spencer Arrighetti,HOU,SP,134.62853752911727,308.22711572271066,-173.5985781935934,315
357,674,Will Klein,LAD,RP,102.67430653069326,277.6615396707508,-174.98723314005755,401
358,675,Josiah Gray,WSN,SP,133.14391492205198,308.22711572271066,-175.0832008006587,318
359,676,Aaron Bummer,ATL,SP,133.09350128598436,308.22711572271066,-175.1336144367263,319
360,678,Jake Irvin,WSN,SP,132.20695998251003,308.22711572271066,-176.02015574020064,321
361,680,Rhett Lowder,CIN,SP,131.68914654732646,308.22711572271066,-176.5379691753842,323
362,681,Jaden Hill,COL,RP,100.69328327182772,277.6615396707508,-176.96825639892307,405
363,683,Joe Boyle,TBR,SP,131.0456210316073,308.22711572271066,-177.18149469110335,325
364,686,German Marquez,SDP,SP,130.84701548118537,308.22711572271066,-177.3801002415253,326
365,687,Paul Blackburn,NYY,SP,129.48574944645748,308.22711572271066,-178.7413662762532,330
366,689,Tomoyuki Sugano,COL,SP,128.76168253431175,308.22711572271066,-179.46543318839892,332
367,691,Tyler Alexander,TEX,SP,128.2153161378824,308.22711572271066,-180.01179958482825,333
368,692,Tyler Wells,BAL,SP,128.1384889956729,308.22711572271066,-180.08862672703776,334
369,694,Colin Selby,BAL,RP,96.71546854251498,277.6615396707508,-180.94607112823581,411
370,695,Steven Wilson,TBR,RP,96.28689352732121,277.6615396707508,-181.3746461434296,412
371,696,Brandon Sproat,MIL,SP,126.65264994463087,308.22711572271066,-181.5744657780798,337
372,697,Rico Garcia,BAL,SP,126.33756816962129,308.22711572271066,-181.88954755308936,338
373,700,Troy Melton,DET,SP,124.88576020378207,308.22711572271066,-183.3413555189286,341
374,703,George Soriano,STL,RP,93.88063074742534,277.6615396707508,-183.78090892332546,415
375,704,Scott Barlow,ATH,SP,124.44066470896153,308.22711572271066,-183.78645101374912,344
376,709,Brent Suter,LAA,SP,122.70344235583887,308.22711572271066,-185.52367336687178,345
377,710,Carmen Mlodzinski,PIT,SP,122.45272566122563,308.22711572271066,-185.77439006148504,347
378,712,John King,MIA,RP,91.75282586829013,277.6615396707508,-185.90871380246068,420
379,716,Wikelman Gonzalez,CHW,RP,91.32380249301067,277.6615396707508,-186.33773717774014,421
380,717,Justin Wilson,BOS,RP,91.08461791540242,277.6615396707508,-186.5769217553484,422
381,718,Angel Zerpa,MIL,SP,121.62760747877782,308.22711572271066,-186.59950824393286,351
382,719,Jonathan Bowlan,PHI,SP,121.03420196428267,308.22711572271066,-187.192913758428,353
383,720,Brock Stewart,LAD,RP,90.28931708373383,277.6615396707508,-187.37222258701698,424
384,721,José Urquidy,PIT,SP,120.3880471397112,308.22711572271066,-187.83906858299946,354
385,724,Cody Bradford,TEX,SP,120.25548174664277,308.22711572271066,-187.9716339760679,355
386,725,Brant Hurter,DET,SP,119.89263223591736,308.22711572271066,-188.33448348679332,357
387,726,Wandy Peralta,SDP,SP,119.48726287361461,308.22711572271066,-188.73985284909605,361
388,728,Ryan Pressly,CHC,RP,88.80841237081177,277.6615396707508,-188.85312729993905,427
389,730,Jack Dreyer,LAD,SP,119.0164544593021,308.22711572271066,-189.21066126340855,362
390,732,Mason Fluharty,TOR,RP,87.97712630354796,277.6615396707508,-189.68441336720286,433
391,735,Dylan Dodd,ATL,RP,87.78189414784441,277.6615396707508,-189.8796455229064,434
392,736,Colin Rea,CHC,SP,118.16553223554122,308.22711572271066,-190.06158348716946,363
393,737,Cade Gibson,MIA,SP,118.12553165969295,308.22711572271066,-190.1015840630177,364
394,739,Brennan Bernardino,COL,SP,117.27882391130059,308.22711572271066,-190.94829181141006,366
395,742,Ben Casparius,LAD,SP,116.9030577469732,308.22711572271066,-191.32405797573745,367
396,743,Grant Wolfram,BAL,RP,85.9496066404452,277.6615396707508,-191.7119330303056,438
397,745,Ryan Fernandez,STL,RP,85.25551982107277,277.6615396707508,-192.40601984967805,439
398,749,Braydon Fisher,TOR,SP,115.00632657214005,308.22711572271066,-193.22078915057062,372
399,750,Reese Olson,DET,SP,114.92493281182107,308.22711572271066,-193.3021829108896,373
400,751,Huascar Brazoban,NYM,SP,114.88850923355042,308.22711572271066,-193.33860648916024,374
401,755,Tommy Kahnle,DET,RP,82.58886849302766,277.6615396707508,-195.07267117772315,440
402,756,Eric Lauer,TOR,SP,112.87973837808988,308.22711572271066,-195.34737734462078,376
403,758,Kevin Kelly,TBR,RP,81.37497616704607,277.6615396707508,-196.28656350370474,443
404,759,Marcus Stroman,NYY,SP,111.16391055777967,308.22711572271066,-197.063205164931,381
405,763,Casey Legumina,SEA,SP,110.32767029998682,308.22711572271066,-197.89944542272383,385
406,765,Justin Wrobleski,LAD,SP,110.18522245059334,308.22711572271066,-198.0418932721173,386
407,766,Zach Agnos,COL,RP,79.56997099814399,277.6615396707508,-198.09156867260683,445
408,767,Stephen Kolek,KCR,SP,109.91753632424256,308.22711572271066,-198.3095793984681,387
409,769,Steven Cruz,KCR,RP,78.88593882716509,277.6615396707508,-198.77560084358572,447
410,774,Erick Fedde,CHW,SP,106.54957467365746,308.22711572271066,-201.67754104905322,390
411,775,Ryan Yarbrough,NYY,SP,106.03032130879488,308.22711572271066,-202.19679441391577,391
412,777,Logan Evans,SEA,SP,105.39899973381223,308.22711572271066,-202.82811598889845,394
413,778,Luke Jackson,- - -,RP,74.80658397542024,277.6615396707508,-202.85495569533057,452
414,779,Andre Granillo,WSN,RP,74.58664161414762,277.6615396707508,-203.0748980566032,453
415,780,Matt Gage,SFG,SP,104.82514865725179,308.22711572271066,-203.40196706545888,395
416,781,Chad Green,TOR,RP,74.23375147552676,277.6615396707508,-203.42778819522405,455
417,782,Emerson Hancock,SEA,SP,104.6420613650752,308.22711572271066,-203.58505435763547,396
418,783,Daniel Lynch IV,KCR,SP,104.4723027933544,308.22711572271066,-203.75481292935626,397
419,784,Kyle Nicolas,PIT,RP,73.36725904734053,277.6615396707508,-204.2942806234103,456
420,786,Ian Hamilton,ATL,SP,103.33265575995117,308.22711572271066,-204.8944599627595,398
421,787,Tyler Ferguson,ATH,RP,72.75447351366591,277.6615396707508,-204.9070661570849,457
422,790,Jordan Hicks,CHW,SP,102.82279601192555,308.22711572271066,-205.4043197107851,399
423,793,J.T. Ginn,ATH,SP,102.70810707406298,308.22711572271066,-205.51900864864768,400
424,794,Brandon Eisert,CHW,SP,102.6359773528768,308.22711572271066,-205.59113836983386,402
425,796,Chase Shugart,PHI,RP,71.71557245247924,277.6615396707508,-205.94596721827156,459
426,799,Hayden Birdsong,SFG,SP,100.88999628038174,308.22711572271066,-207.3371194423289,403
427,800,Andrew Saalfrank,ARI,RP,70.31383791790222,277.6615396707508,-207.3477017528486,462
428,801,A.J. Blubaugh,HOU,SP,100.86362145346752,308.22711572271066,-207.36349426924315,404
429,802,Luis Mey,CIN,RP,69.9625952867091,277.6615396707508,-207.6989443840417,463
430,803,Daysbel Hernandez,ATL,RP,69.91280921254457,277.6615396707508,-207.74873045820624,464
431,806,Connor Prielipp,MIN,SP,100.27138218337227,308.22711572271066,-207.95573353933838,406
432,808,Connelly Early,BOS,SP,99.57488207720665,308.22711572271066,-208.652233645504,407
433,809,Bailey Falter,KCR,SP,99.56262117200585,308.22711572271066,-208.66449455070483,408
434,815,Ryan Bergert,KCR,SP,97.53806426814901,308.22711572271066,-210.68905145456165,409
435,816,Lake Bachar,MIA,SP,97.38716468967597,308.22711572271066,-210.8399510330347,410
436,819,Danny Coulombe,- - -,SP,95.78498800845969,308.22711572271066,-212.44212771425097,413
437,820,Colin Holderman,CLE,RP,65.1954696640563,277.6615396707508,-212.4660700066945,468
438,821,Joey Lucchesi,SFG,RP,65.02960078806545,277.6615396707508,-212.63193888268535,469
439,822,Payton Tolle,BOS,SP,95.25374169343672,308.22711572271066,-212.97337402927394,414
440,825,Chris Murphy,CHW,RP,63.4422365538845,277.6615396707508,-214.2193031168663,470
441,827,Trevor McDonald,SFG,SP,93.2295618489938,308.22711572271066,-214.99755387371687,416
442,828,Antonio Senzatela,COL,SP,93.07894227875187,308.22711572271066,-215.1481734439588,417
443,829,Rob Zastryzny,MIL,SP,93.06037677190976,308.22711572271066,-215.1667389508009,418
444,830,Jonathan Loaisiga,ARI,RP,62.32984306476921,277.6615396707508,-215.33169660598162,472
445,831,Keider Montero,DET,SP,92.31651357611653,308.22711572271066,-215.91060214659413,419
446,837,Alek Jacob,SDP,RP,60.60970296447336,277.6615396707508,-217.05183670627747,475
447,839,Tobias Myers,NYM,SP,90.56504817194417,308.22711572271066,-217.6620675507665,423
448,841,Mitchell Parker,WSN,SP,90.19894550015198,308.22711572271066,-218.02817022255869,425
449,844,Javier Assad,CHC,SP,89.78317099914777,308.22711572271066,-218.44394472356288,426
450,845,Max Lazar,PHI,RP,58.59812409036828,277.6615396707508,-219.06341558038253,478
451,846,Chris Roycroft,STL,RP,58.5843687932244,277.6615396707508,-219.0771708775264,479
452,847,Juan Morillo,ARI,RP,58.31282579227316,277.6615396707508,-219.34871387847767,480
453,848,Ben Brown,CHC,SP,88.76050686773316,308.22711572271066,-219.4666088549775,428
454,849,Travis Adams,MIN,SP,88.74195081031769,308.22711572271066,-219.48516491239297,429
455,850,JP Sears,SDP,SP,88.63059884569869,308.22711572271066,-219.596516877012,430
456,852,Yoendrys Gomez,TBR,SP,88.54257467871324,308.22711572271066,-219.68454104399743,431
457,853,Jon Gray,,SP,88.44983557755428,308.22711572271066,-219.7772801451564,432
458,858,JT Brubaker,SFG,SP,87.70933729943668,308.22711572271066,-220.51777842327397,435
459,859,Yerry De Los Santos,NYY,RP,57.13204597957228,277.6615396707508,-220.52949369117852,483
460,862,Trent Thornton,CHC,RP,56.53496766496852,277.6615396707508,-221.1265720057823,485
461,863,Charlie Morton,- - -,SP,86.54506086786887,308.22711572271066,-221.6820548548418,436
462,865,DL Hall,MIL,SP,86.23890172504153,308.22711572271066,-221.98821399766913,437
463,869,Dan Altavilla,MIN,RP,54.69565870937774,277.6615396707508,-222.96588096137307,486
464,871,Chase Lee,TOR,RP,54.08485158237718,277.6615396707508,-223.57668808837363,487
465,872,Orlando Ribalta,WSN,RP,54.03707277884077,277.6615396707508,-223.62446689191003,488
466,874,Sam Bachman,LAA,RP,53.345463994238614,277.6615396707508,-224.31607567651218,489
467,875,Michael Tonkin,MIN,RP,52.605864543083,277.6615396707508,-225.05567512766783,490
468,877,Angel Chivilli,NYY,RP,52.41390551559257,277.6615396707508,-225.24763415515824,491
469,882,Ryan Gusto,MIA,SP,81.82365425364948,308.22711572271066,-226.4034614690612,441
470,883,Beau Brieske,DET,SP,81.6449560352884,308.22711572271066,-226.58215968742226,442
471,886,Jorge Lopez,WSN,RP,50.03527144355208,277.6615396707508,-227.62626822719875,492
472,888,Paxton Schultz,WSN,SP,79.59417616119406,308.22711572271066,-228.6329395615166,444
473,890,Bowden Francis,TOR,SP,79.39689985128003,308.22711572271066,-228.83021587143065,446
474,892,David Festa,MIN,SP,78.85577456246887,308.22711572271066,-229.3713411602418,448
475,893,Tanner Gordon,COL,SP,78.27094217459087,308.22711572271066,-229.9561735481198,449
476,896,Rafael Montero,NYY,RP,45.842498401485905,277.6615396707508,-231.81904126926491,498
477,898,Kaleb Ort,LAA,RP,45.64200037376713,277.6615396707508,-232.01953929698368,499
478,901,Jason Alexander,HOU,SP,75.65423835838213,308.22711572271066,-232.57287736432852,450
479,903,Joey Wentz,ATL,SP,75.03103428977656,308.22711572271066,-233.1960814329341,451
480,906,Ryan Brasier,TEX,SP,74.25360577860039,308.22711572271066,-233.97350994411028,454
481,908,Cionel Perez,WSN,RP,42.949689736427814,277.6615396707508,-234.711849934323,505
482,909,Corbin Burnes,ARI,SP,72.24244508246427,308.22711572271066,-235.9846706402464,458
483,910,Jackson Perkins,ATH,SP,71.39466434846557,308.22711572271066,-236.8324513742451,460
484,912,Jose Urena,- - -,SP,71.10238677463651,308.22711572271066,-237.12472894807416,461
485,914,Hector Neris,KCR,RP,39.94851427926576,277.6615396707508,-237.71302539148505,507
486,918,Dane Dunning,SEA,RP,38.357737106618075,277.6615396707508,-239.30380256413275,508
487,920,Jalen Beeks,ARI,SP,68.23926551194523,308.22711572271066,-239.98785021076543,465
488,923,Zach Brzykcy,WSN,RP,35.45866808590949,277.6615396707508,-242.20287158484132,514
489,924,Lyon Richardson,CIN,RP,35.29744347274073,277.6615396707508,-242.3640961980101,515
490,925,Kai-Wei Teng,HOU,SP,65.60292160716281,308.22711572271066,-242.62419411554785,466
491,927,Felix Bautista,BAL,RP,34.926781033726236,277.6615396707508,-242.73475863702458,516
492,928,Tristan Beck,SFG,SP,65.42350994070856,308.22711572271066,-242.8036057820021,467
493,929,Jorge Alcala,TOR,RP,34.55522120014512,277.6615396707508,-243.1063184706057,517
494,932,Ryan Borucki,CHW,RP,33.30254085506375,277.6615396707508,-244.35899881568707,518
495,936,Carlos Hernandez,CLE,RP,32.56259304463123,277.6615396707508,-245.09894662611958,519
496,937,Mason Barnett,ATH,SP,62.960124707420974,308.22711572271066,-245.2669910152897,471
497,939,Pierson Ohl,COL,SP,61.904582841834014,308.22711572271066,-246.32253288087665,473
498,940,Genesis Cabrera,PHI,RP,31.17709864940875,277.6615396707508,-246.48444102134206,521
499,943,Clarke Schmidt,NYY,SP,61.04207634814475,308.22711572271066,-247.18503937456592,474
500,944,Yariel Rodriguez,TOR,SP,60.414234472305935,308.22711572271066,-247.81288125040473,476
501,947,Kyle Backhus,PHI,RP,28.91813895972419,277.6615396707508,-248.74340071102662,525
502,948,Manuel Rodriguez,TBR,RP,28.51769538396809,277.6615396707508,-249.14384428678272,527
503,950,Colton Gordon,HOU,SP,58.665446301562184,308.22711572271066,-249.56166942114848,477
504,951,Sawyer Gipson-Long,DET,SP,57.86162980943606,308.22711572271066,-250.3654859132746,481
505,953,Carlos Carrasco,- - -,SP,57.39378564616841,308.22711572271066,-250.83333007654227,482
506,954,Gunnar Hoglund,ATH,SP,56.933960004945895,308.22711572271066,-251.29315571776476,484
507,955,Josh Simpson,MIA,RP,26.351420517076875,277.6615396707508,-251.31011915367395,529
508,959,Hunter Strickland,LAA,RP,23.09872296326339,277.6615396707508,-254.56281670748743,533
509,960,Konnor Pilkington,DET,RP,22.911537050161744,277.6615396707508,-254.75000262058907,534
510,964,Collin Snider,CHC,RP,21.612894827804638,277.6615396707508,-256.04864484294615,536
511,966,John Brebbia,COL,RP,20.850778614412,277.6615396707508,-256.81076105633883,538
512,977,Hayden Wesneski,HOU,SP,48.06054924381882,308.22711572271066,-260.16656647889187,493
513,978,Justin Hagenman,NYM,SP,47.58323992453447,308.22711572271066,-260.64387579817617,494
514,979,Kyle Hart,SDP,SP,47.44078479069505,308.22711572271066,-260.78633093201563,495
515,982,Cam Booser,TBR,RP,16.27059440758917,277.6615396707508,-261.39094526316165,541
516,983,Brandon Young,BAL,SP,46.729694818361715,308.22711572271066,-261.4974209043489,496
517,984,Cade Povich,BAL,SP,46.68324634739855,308.22711572271066,-261.5438693753121,497
518,989,Martin Perez,ATL,SP,45.305036410545895,308.22711572271066,-262.9220793121648,500
519,990,Brandon Waddell,NYM,SP,43.969289133338634,308.22711572271066,-264.25782658937203,501
520,991,Carson Whisenhunt,SFG,SP,43.754810715255225,308.22711572271066,-264.4723050074554,502
521,993,Trevor Williams,WSN,SP,43.61056845419061,308.22711572271066,-264.61654726852004,503
522,994,Tyler Gilbert,CHW,SP,43.5876524656056,308.22711572271066,-264.63946325710504,504
523,995,Matt Bowman,MIN,RP,12.866973816646928,277.6615396707508,-264.7945658541039,543
524,998,Adam Mazur,MIA,SP,41.35543629944207,308.22711572271066,-266.8716794232686,506
525,1001,Landon Knack,LAD,SP,37.56894693057242,308.22711572271066,-270.6581687921382,509
526,1002,Mitch Farris,LAA,SP,37.448544495221924,308.22711572271066,-270.7785712274887,510
527,1003,Lou Trivino,PHI,SP,37.25284753583266,308.22711572271066,-270.974268186878,511
528,1004,Bryse Wilson,PHI,SP,36.87794465438772,308.22711572271066,-271.34917106832296,512
529,1006,Scott Blewett,STL,SP,36.16252856521407,308.22711572271066,-272.0645871574966,513
530,1007,Bryce Jarvis,ARI,RP,4.351150112629561,277.6615396707508,-273.31038955812124,566
531,1008,Carson Fulmer,LAA,RP,3.7704063829275283,277.6615396707508,-273.89113328782327,571
532,1010,Jake Woodford,TBR,RP,3.605042450249772,277.6615396707508,-274.05649722050106,572
533,1012,Randy Rodriguez,SFG,RP,2.879896627520712,277.6615396707508,-274.7816430432301,573
534,1013,Ronny Henriquez,MIA,RP,2.7870554688894997,277.6615396707508,-274.8744842018613,574
535,1014,Max Kranick,NYM,RP,2.6631685867888577,277.6615396707508,-274.99837108396196,575
536,1015,Shawn Dubin,ARI,RP,2.528013711954228,277.6615396707508,-275.1335259587966,576
537,1016,Shelby Miller,CHC,RP,2.0238193326695417,277.6615396707508,-275.6377203380813,579
538,1017,Nic Enright,TOR,RP,1.9990725011015444,277.6615396707508,-275.6624671696493,580
539,1018,John Curtiss,ARI,RP,1.9786834462571605,277.6615396707508,-275.68285622449366,581
540,1019,Carson Palmquist,COL,SP,32.50852443211216,308.22711572271066,-275.7185912905985,520
541,1021,Emmanuel Clase,CLE,RP,1.90389630730259,277.6615396707508,-275.7576433634482,582
542,1022,Chris Stratton,- - -,RP,1.8554230194853447,277.6615396707508,-275.8061166512655,584
543,1023,Eduardo Salazar,WSN,RP,1.783549440011385,277.6615396707508,-275.87799023073944,585
544,1024,Jose Castillo,- - -,RP,1.7187841889709146,277.6615396707508,-275.9427554817799,586
545,1025,Tayler Scott,ATL,RP,1.678467588166596,277.6615396707508,-275.9830720825842,587
546,1026,Sam Long,KCR,RP,1.5751459678183575,277.6615396707508,-276.08639370293247,588
547,1027,Ian Gibaut,CIN,RP,1.1880261103064387,277.6615396707508,-276.47351356044436,589
548,1028,Jack Kochanowicz,LAA,SP,30.83418267363772,308.22711572271066,-277.39293304907295,522
549,1030,Grant Holman,ARI,SP,30.149759615261054,308.22711572271066,-278.0773561074496,523
550,1033,Ronel Blanco,HOU,SP,29.684498655433668,308.22711572271066,-278.542617067277,524
551,1035,Carson Seymour,SFG,SP,28.588173374289433,308.22711572271066,-279.6389423484212,526
552,1038,Austin Gomber,TEX,SP,27.79244222181741,308.22711572271066,-280.43467350089327,528
553,1042,McCade Brown,COL,SP,25.719202077363892,308.22711572271066,-282.5079136453468,530
554,1043,Mitch Spence,KCR,SP,25.690025462662785,308.22711572271066,-282.5370902600479,531
555,1045,Osvaldo Bido,NYY,SP,24.62872195462417,308.22711572271066,-283.5983937680865,532
556,1047,Joe Ross,ARI,SP,22.797875438295424,308.22711572271066,-285.42924028441524,535
557,1051,Ryan Rolison,CHC,SP,21.242355787276967,308.22711572271066,-286.9847599354337,537
558,1053,Bradley Blalock,MIA,SP,19.638264863509818,308.22711572271066,-288.5888508592009,539
559,1054,Kolby Allard,CLE,SP,19.36912958647767,308.22711572271066,-288.85798613623297,540
560,1056,Shinnosuke Ogasawara,WSN,SP,13.473539862122877,308.22711572271066,-294.7535758605878,542
561,1059,AJ Smith-Shawver,ATL,SP,10.35583012292502,308.22711572271066,-297.87128559978566,544
562,1060,Valente Bellozo,COL,SP,10.233648630559886,308.22711572271066,-297.99346709215075,545
563,1061,Tylor Megill,NYM,SP,9.257760222416607,308.22711572271066,-298.96935550029406,546
564,1062,Cal Quantrill,TEX,SP,8.690864577087003,308.22711572271066,-299.5362511456237,547
565,1063,Yu Darvish,SDP,SP,8.68665702209688,308.22711572271066,-299.5404587006138,548
566,1064,Brandon Walter,HOU,SP,8.464154938349443,308.22711572271066,-299.7629607843612,549
567,1065,Luis L. Ortiz,CLE,SP,8.245692301642515,308.22711572271066,-299.98142342106814,550
568,1066,Nestor Cortes,- - -,SP,7.498620763506363,308.22711572271066,-300.7284949592043,551
569,1067,Tony Gonsolin,LAD,SP,7.2649388111315885,308.22711572271066,-300.9621769115791,552
570,1068,Clayton Kershaw,LAD,SP,7.015451899341612,308.22711572271066,-301.21166382336907,553
571,1069,Jackson Jobe,DET,SP,6.678085444859635,308.22711572271066,-301.54903027785105,554
572,1070,Ben Lively,CLE,SP,6.635730934000608,308.22711572271066,-301.59138478871006,555
573,1071,Tanner Houck,BOS,SP,6.567112235880013,308.22711572271066,-301.66000348683065,556
574,1072,Frankie Montas,NYM,SP,6.534847299571597,308.22711572271066,-301.69226842313907,557
575,1073,Andrew Heaney,- - -,SP,6.240985493043163,308.22711572271066,-301.9861302296675,558
576,1074,Anthony DeSclafani,ARI,SP,6.182295635141974,308.22711572271066,-302.04482008756867,559
577,1075,Kyle Hendricks,LAA,SP,5.997362045368188,308.22711572271066,-302.2297536773425,560
578,1076,Caleb Boushley,TEX,SP,5.793708845621085,308.22711572271066,-302.43340687708957,561
579,1077,Matt Sauer,LAD,SP,5.587164843129415,308.22711572271066,-302.63995087958125,562
580,1079,Connor Gillispie,MIA,SP,5.534762614519573,308.22711572271066,-302.69235310819107,563
581,1080,Nabil Crismatt,TEX,SP,5.136391838804247,308.22711572271066,-303.09072388390643,564
582,1081,Anthony Molina,ATL,SP,4.378769772833389,308.22711572271066,-303.8483459498773,565
583,1082,Thomas Hatch,ARI,SP,4.328576392885762,308.22711572271066,-303.8985393298249,567
584,1083,Chris Flexen,CHC,SP,4.239068102226872,308.22711572271066,-303.98804762048377,568
585,1084,Anthony Veneziano,- - -,SP,4.04265855003796,308.22711572271066,-304.1844571726727,569
586,1085,Easton Lucas,TOR,SP,3.907792857577099,308.22711572271066,-304.3193228651336,570
587,1086,Austin Cox,ATL,SP,2.476087714510189,308.22711572271066,-305.7510280082005,577
588,1087,Reed Garrett,NYM,SP,2.0770634901266196,308.22711572271066,-306.150052232584,578
589,1088,Sean Reynolds,SDP,SP,1.8683457416967924,308.22711572271066,-306.3587699810139,583
