PAR_Rank,PAR_Overall_Rank,Name,Team,Role,Projected_Fpoints,Replacement_Level,PAR,Rank
1,3,Tarik Skubal,DET,SP,528.7463340759277,313.30477998256686,215.44155409336088,1
2,6,Garrett Crochet,BOS,SP,500.18843626976013,313.30477998256686,186.88365628719328,2
3,9,Hunter Greene,CIN,SP,448.0817482471466,313.30477998256686,134.77696826457975,3
4,10,Paul Skenes,PIT,SP,438.2446780204773,313.30477998256686,124.93989803791044,4
5,11,Cole Ragans,KCR,SP,435.93080472946167,313.30477998256686,122.62602474689481,5
6,12,Dylan Cease,TOR,SP,431.8912196159363,313.30477998256686,118.58643963336942,6
7,15,Bryan Woo,SEA,SP,414.21199798583984,313.30477998256686,100.90721800327299,7
8,17,Jacob deGrom,TEX,SP,409.590961933136,313.30477998256686,96.28618195056913,8
9,19,Cristopher Sanchez,PHI,SP,401.3373532295227,313.30477998256686,88.03257324695585,9
10,22,Chris Sale,ATL,SP,388.6525049209595,313.30477998256686,75.34772493839262,10
11,23,Edwin Diaz,LAD,RP,359.5653929710388,288.0555105686188,71.50988240242003,18
12,24,Logan Gilbert,SEA,SP,382.0238287448883,313.30477998256686,68.71904876232145,11
13,28,Mason Miller,SDP,RP,353.7283043861389,288.0555105686188,65.67279381752013,21
14,33,Jesus Luzardo,PHI,SP,373.3243350982666,313.30477998256686,60.019555115699745,12
15,37,Sonny Gray,BOS,SP,369.8830232620239,313.30477998256686,56.57824327945707,13
16,39,Hunter Brown,HOU,SP,369.0141398906708,313.30477998256686,55.70935990810392,14
17,41,Max Fried,NYY,SP,368.82273387908936,313.30477998256686,55.5179538965225,15
18,44,Logan Webb,SFG,SP,366.06432127952576,313.30477998256686,52.7595412969589,16
19,45,Joe Ryan,MIN,SP,362.76224851608276,313.30477998256686,49.45746853351591,17
20,51,Cade Smith,CLE,RP,332.95607805252075,288.0555105686188,44.900567483901966,33
21,52,Zack Wheeler,PHI,SP,357.95690155029297,313.30477998256686,44.65212156772611,19
22,55,Devin Williams,NYM,RP,331.02117919921875,288.0555105686188,42.965668630599964,34
23,57,Drew Rasmussen,TBR,SP,354.83418130874634,313.30477998256686,41.52940132617948,20
24,59,Josh Hader,HOU,RP,328.16977167129517,288.0555105686188,40.11426110267638,37
25,60,Aroldis Chapman,BOS,RP,327.8364133834839,288.0555105686188,39.7809028148651,38
26,62,Kyle Bradish,BAL,SP,350.04939699172974,313.30477998256686,36.74461700916288,22
27,63,David Bednar,NYY,RP,319.9366888999939,288.0555105686188,31.88117833137511,41
28,64,Reid Detmers,LAA,RP,319.4946479797363,288.0555105686188,31.439137411117542,42
29,65,Jhoan Duran,PHI,RP,319.3642635345459,288.0555105686188,31.308752965927113,43
30,66,Emmet Sheehan,LAD,SP,344.4331169128418,313.30477998256686,31.12833693027494,23
31,67,Nick Pivetta,SDP,SP,344.10837745666504,313.30477998256686,30.803597474098183,24
32,68,Blake Snell,LAD,SP,342.5884323120117,313.30477998256686,29.283652329444863,25
33,69,Robbie Ray,SFG,SP,341.93003487586975,313.30477998256686,28.625254893302895,26
34,70,George Kirby,SEA,SP,341.56734025478363,313.30477998256686,28.262560272216774,27
35,72,Brandon Woodruff,MIL,SP,341.39970326423645,313.30477998256686,28.094923281669594,28
36,77,Framber Valdez,DET,SP,338.7680469751358,313.30477998256686,25.463266992568947,29
37,83,Eury Perez,MIA,SP,335.44996905326843,313.30477998256686,22.145189070701576,30
38,84,Nathan Eovaldi,TEX,SP,334.3062152862549,313.30477998256686,21.001435303688027,31
39,87,Jack Flaherty,DET,SP,333.6614999771118,313.30477998256686,20.35671999454496,32
40,89,Daniel Palencia,CHC,RP,307.0017080307007,288.0555105686188,18.946197462081898,53
41,93,Andres Munoz,SEA,RP,305.63697814941406,288.0555105686188,17.581467580795277,55
42,96,Sandy Alcantara,MIA,SP,330.261372089386,313.30477998256686,16.95659210681913,35
43,100,Freddy Peralta,NYM,SP,329.3478524684906,313.30477998256686,16.043072485923744,36
44,102,Ryan Pepiot,TBR,SP,327.1666650772095,313.30477998256686,13.861885094642616,39
45,107,Shane Baz,BAL,SP,323.8208808898926,313.30477998256686,10.516100907325722,40
46,118,Emilio Pagan,CIN,RP,293.5665616989136,288.0555105686188,5.511051130294788,67
47,120,Yoshinobu Yamamoto,LAD,SP,318.53604388237,313.30477998256686,5.231263899803139,44
48,122,Spencer Strider,ATL,SP,317.44617199897766,313.30477998256686,4.141392016410805,45
49,123,Gavin Williams,CLE,SP,317.29197120666504,313.30477998256686,3.987191224098183,46
50,126,Aaron Nola,PHI,SP,316.0919919013977,313.30477998256686,2.787211918830849,47
51,128,Kevin Gausman,TOR,SP,315.85836029052734,313.30477998256686,2.5535803079604875,48
52,135,Jose Soriano,LAA,SP,313.76985931396484,313.30477998256686,0.4650793313979875,49
53,137,Jeff Hoffman,TOR,RP,288.10179924964905,288.0555105686188,0.04628868103026207,72
54,139,Tyler Glasnow,LAD,SP,312.2787046432495,313.30477998256686,-1.0260753393173445,50
55,149,Zac Gallen,ARI,SP,308.52498376369476,313.30477998256686,-4.779796218872093,51
56,151,MacKenzie Gore,TEX,SP,307.7291896343231,313.30477998256686,-5.575590348243736,52
57,152,Luis Castillo,SEA,SP,306.7455234527588,313.30477998256686,-6.559256529808067,54
58,157,Ryan Helsley,BAL,RP,279.31028747558594,288.0555105686188,-8.745223093032848,77
59,158,Pablo Lopez,MIN,SP,304.4523355960846,313.30477998256686,-8.852444386482262,56
60,159,Tanner Bibee,CLE,SP,304.19111144542694,313.30477998256686,-9.113668537139915,57
61,162,Michael King,SDP,SP,302.4365804195404,313.30477998256686,-10.868199563026451,58
62,165,Ranger Suarez,BOS,SP,301.49692964553833,313.30477998256686,-11.807850337028526,59
63,167,Kris Bubic,KCR,SP,299.51483595371246,313.30477998256686,-13.789944028854393,60
64,168,Abner Uribe,MIL,RP,273.66192626953125,288.0555105686188,-14.393584299087536,83
65,169,Raisel Iglesias,ATL,RP,273.0917534828186,288.0555105686188,-14.963757085800182,84
66,170,Chase Burns,CIN,SP,297.9853458404541,313.30477998256686,-15.319434142112755,61
67,171,Nolan McLean,NYM,SP,296.42361438274384,313.30477998256686,-16.88116559982302,62
68,172,Luis Severino,ATH,SP,296.0789850950241,313.30477998256686,-17.225794887542747,63
69,173,Brandon Pfaadt,ARI,SP,296.01938557624817,313.30477998256686,-17.285394406318687,64
70,176,Carlos Estevez,KCR,RP,269.88560473918915,288.0555105686188,-18.169905829429638,86
71,177,Pete Fairbanks,MIA,RP,269.5745153427124,288.0555105686188,-18.480995225906383,87
72,178,Bubba Chandler,PIT,SP,294.672908782959,313.30477998256686,-18.631871199607872,65
73,179,Dennis Santana,PIT,RP,269.1564497947693,288.0555105686188,-18.8990607738495,88
74,180,Shohei Ohtani,LAD,SP,293.94717383384705,313.30477998256686,-19.35760614871981,66
75,182,Mitch Keller,PIT,SP,293.4240173101425,313.30477998256686,-19.88076267242434,68
76,183,Ryan Walker,SFG,RP,267.8231316804886,288.0555105686188,-20.2323788881302,90
77,185,Jacob Misiorowski,MIL,SP,291.8659111261368,313.30477998256686,-21.438868856430076,69
78,188,Yusei Kikuchi,LAA,SP,290.1546632051468,313.30477998256686,-23.150116777420067,70
79,189,Ryne Nelson,ARI,SP,288.21119689941406,313.30477998256686,-25.093583083152794,71
80,195,Carlos Rodon,NYY,SP,286.80753695964813,313.30477998256686,-26.497243022918724,73
81,199,Matthew Boyd,CHC,SP,285.01787090301514,313.30477998256686,-28.28690907955172,74
82,200,Joey Cantillo,CLE,SP,284.34955883026123,313.30477998256686,-28.955221152305626,75
83,206,Max Meyer,MIA,SP,281.0393215417862,313.30477998256686,-32.26545844078066,76
84,215,Nick Lodolo,CIN,SP,278.4013968706131,313.30477998256686,-34.90338311195376,78
85,216,Edward Cabrera,CHC,SP,278.3909294605255,313.30477998256686,-34.91385052204134,79
86,218,Andrew Abbott,CIN,SP,276.96315813064575,313.30477998256686,-36.341621851921104,80
87,222,Merrill Kelly,ARI,SP,275.21193623542786,313.30477998256686,-38.092843747139,81
88,224,Brady Singer,CIN,SP,273.94548058509827,313.30477998256686,-39.35929939746859,82
89,225,Seranthony Dominguez,CHW,RP,248.20085191726685,288.0555105686188,-39.85465865135194,106
90,228,Edwin Uceta,TBR,RP,247.12027645111084,288.0555105686188,-40.935234117507946,107
91,232,Chris Bassitt,BAL,SP,271.20044124126434,313.30477998256686,-42.10433874130251,85
92,235,Cade Cavalli,WSN,SP,268.7573127746582,313.30477998256686,-44.54746720790865,89
93,237,Victor Vodnik,COL,RP,243.35707092285156,288.0555105686188,-44.69843964576722,114
94,238,Clay Holmes,NYM,SP,267.48757219314575,313.30477998256686,-45.817207789421104,91
95,242,Shane Smith,CHW,SP,266.20761692523956,313.30477998256686,-47.09716305732729,92
96,244,Robert Garcia,TEX,RP,240.6018295288086,288.0555105686188,-47.45368103981019,116
97,245,Clayton Beeter,WSN,RP,240.28185296058655,288.0555105686188,-47.77365760803224,117
98,246,Dustin May,STL,SP,265.25544571876526,313.30477998256686,-48.0493342638016,93
99,247,Braxton Ashcraft,PIT,SP,264.3104792833328,313.30477998256686,-48.99430069923403,94
100,249,Shota Imanaga,CHC,SP,263.3871713876724,313.30477998256686,-49.91760859489443,95
101,250,Quinn Priester,MIL,SP,263.30710434913635,313.30477998256686,-49.997675633430504,96
102,253,Trevor Megill,MIL,RP,237.04952478408813,288.0555105686188,-51.00598578453065,121
103,254,Jeffrey Springs,ATH,SP,261.49876499176025,313.30477998256686,-51.8060149908066,97
104,259,Kenley Jansen,DET,RP,232.63808298110962,288.0555105686188,-55.41742758750917,128
105,260,Sean Manaea,NYM,SP,257.5706932544708,313.30477998256686,-55.73408672809603,98
106,264,Bryce Miller,SEA,SP,256.30701875686646,313.30477998256686,-56.9977612257004,99
107,265,Griffin Jax,TBR,SP,255.7524185180664,313.30477998256686,-57.55236146450045,100
108,267,Trevor Rogers,BAL,SP,254.9886293411255,313.30477998256686,-58.31615064144137,101
109,268,Ryan Weathers,NYY,SP,254.51277232170105,313.30477998256686,-58.792007660865806,102
110,274,Tyler Mahle,SFG,SP,252.55924558639526,313.30477998256686,-60.74553439617159,103
111,275,Jacob Lopez,ATH,SP,249.8569324016571,313.30477998256686,-63.44784758090975,104
112,277,Will Warren,NYY,SP,248.57135009765625,313.30477998256686,-64.7334298849106,105
113,280,Taj Bradley,MIN,SP,246.9877952337265,313.30477998256686,-66.31698474884035,108
114,285,Casey Mize,DET,SP,245.19807124137878,313.30477998256686,-68.10670874118807,109
115,286,Mike Burrows,HOU,SP,244.4082932472229,313.30477998256686,-68.89648673534396,110
116,288,Grant Taylor,CHW,SP,243.85703659057617,313.30477998256686,-69.44774339199068,111
117,289,Slade Cecconi,CLE,SP,243.82260131835938,313.30477998256686,-69.48217866420748,112
118,290,Chad Patrick,MIL,SP,243.69231939315796,313.30477998256686,-69.6124605894089,113
119,292,Garrett Cleavinger,TBR,RP,217.40509748458862,288.0555105686188,-70.65041308403016,144
120,293,Jameson Taillon,CHC,SP,242.36977529525757,313.30477998256686,-70.93500468730929,115
121,294,Taylor Rogers,MIN,RP,216.89783012866974,288.0555105686188,-71.15768043994905,145
122,296,Jeremiah Estrada,SDP,RP,216.51663827896118,288.0555105686188,-71.5388722896576,146
123,298,Cameron Schlittler,NYY,SP,240.1377763748169,313.30477998256686,-73.16700360774996,118
124,301,Robert Suarez,ATL,RP,214.29459595680237,288.0555105686188,-73.76091461181642,150
125,302,Brayan Bello,BOS,SP,239.06770706176758,313.30477998256686,-74.23707292079928,119
126,305,David Peterson,NYM,SP,237.62911069393158,313.30477998256686,-75.67566928863528,120
127,309,Lucas Giolito,BOS,SP,236.45893514156342,313.30477998256686,-76.84584484100344,122
128,311,Bryan Abreu,HOU,RP,210.52536010742188,288.0555105686188,-77.53015046119691,154
129,313,Michael Wacha,KCR,SP,235.55853605270386,313.30477998256686,-77.746243929863,123
130,316,Jack Leiter,TEX,SP,234.80499958992004,313.30477998256686,-78.49978039264681,124
131,317,Seth Lugo,KCR,SP,234.7646951675415,313.30477998256686,-78.54008481502535,125
132,318,Kyle Leahy,STL,SP,234.01312518119812,313.30477998256686,-79.29165480136874,126
133,320,Brad Lord,WSN,SP,233.31583213806152,313.30477998256686,-79.98894784450533,127
134,321,Zebby Matthews,MIN,SP,232.10229969024658,313.30477998256686,-81.20248029232027,129
135,323,Grant Holmes,ATL,SP,231.74046325683594,313.30477998256686,-81.56431672573092,130
136,324,Riley O'Brien,STL,RP,206.43837070465088,288.0555105686188,-81.6171398639679,158
137,328,Kevin Ginkel,ARI,RP,205.14924144744873,288.0555105686188,-82.90626912117006,159
138,329,Steven Matz,TBR,SP,229.95168018341064,313.30477998256686,-83.35309979915621,131
139,330,Logan Henderson,MIL,SP,229.47904706001282,313.30477998256686,-83.82573292255404,132
140,333,Justin Verlander,DET,SP,227.63857913017273,313.30477998256686,-85.66620085239413,133
141,334,Noah Cameron,KCR,SP,227.53835678100586,313.30477998256686,-85.766423201561,134
142,340,Cristian Javier,HOU,SP,226.47611117362976,313.30477998256686,-86.8286688089371,135
143,341,Michael McGreevy,STL,SP,225.99608945846558,313.30477998256686,-87.30869052410128,136
144,343,JoJo Romero,STL,RP,200.1005859375,288.0555105686188,-87.95492463111879,161
145,344,Johan Oviedo,BOS,SP,224.5682954788208,313.30477998256686,-88.73648450374606,137
146,347,Adrian Houser,SFG,SP,223.022616147995,313.30477998256686,-90.28216383457186,138
147,349,Parker Messick,CLE,SP,221.8638640642166,313.30477998256686,-91.44091591835024,139
148,351,Cole Henry,WSN,RP,196.25035095214844,288.0555105686188,-91.80515961647035,164
149,353,Davis Martin,CHW,SP,221.2957592010498,313.30477998256686,-92.00902078151705,140
150,359,Zack Littell,- - -,SP,218.83259439468384,313.30477998256686,-94.47218558788302,141
151,360,Matthew Liberatore,STL,SP,218.17883348464966,313.30477998256686,-95.1259464979172,142
152,361,Shane Bieber,TOR,SP,217.96396255493164,313.30477998256686,-95.34081742763522,143
153,362,Garrett Whitlock,BOS,RP,191.31909084320068,288.0555105686188,-96.7364197254181,169
154,364,Dean Kremer,BAL,SP,216.03233921527863,313.30477998256686,-97.27244076728823,147
155,365,Nick Martinez,TBR,SP,215.89334774017334,313.30477998256686,-97.41143224239352,148
156,366,Adrian Morejon,SDP,RP,190.52788639068604,288.0555105686188,-97.52762417793275,170
157,367,Luke Weaver,NYM,RP,190.50897598266602,288.0555105686188,-97.54653458595277,171
158,368,Andrew Kittredge,BAL,RP,190.47501349449158,288.0555105686188,-97.58049707412721,172
159,370,Andre Pallante,STL,SP,215.37189483642578,313.30477998256686,-97.93288514614107,149
160,371,Tony Santillan,CIN,RP,189.90943956375122,288.0555105686188,-98.14607100486757,174
161,375,Bailey Ober,MIN,SP,213.53155505657196,313.30477998256686,-99.7732249259949,151
162,376,Cade Horton,CHC,SP,213.1986927986145,313.30477998256686,-100.10608718395235,152
163,378,Tanner Scott,LAD,RP,187.57653760910034,288.0555105686188,-100.47897295951844,175
164,380,Kodai Senga,NYM,SP,212.51350104808807,313.30477998256686,-100.79127893447878,153
165,383,Hogan Harris,ATH,RP,185.78253507614136,288.0555105686188,-102.27297549247743,177
166,384,Phil Maton,CHC,RP,185.24733901023865,288.0555105686188,-102.80817155838014,179
167,387,Kyle Freeland,COL,SP,208.59041047096252,313.30477998256686,-104.71436951160433,155
168,388,Max Scherzer,TOR,SP,208.53082883358002,313.30477998256686,-104.77395114898684,156
169,391,Sean Burke,CHW,SP,207.10231161117554,313.30477998256686,-106.20246837139132,157
170,392,Jose Alvarado,PHI,RP,181.72837829589844,288.0555105686188,-106.32713227272035,181
171,393,Will Vest,DET,RP,181.640887260437,288.0555105686188,-106.41462330818177,182
172,394,Jose A. Ferrer,SEA,RP,181.6387960910797,288.0555105686188,-106.41671447753907,183
173,395,Dylan Lee,ATL,RP,181.47130036354065,288.0555105686188,-106.58421020507814,184
174,396,Matt Svanson,STL,RP,180.9658796787262,288.0555105686188,-107.08963088989259,187
175,398,Fernando Cruz,NYY,RP,180.47824144363403,288.0555105686188,-107.57726912498475,188
176,400,Yimi Garcia,TOR,RP,180.0096263885498,288.0555105686188,-108.04588418006898,189
177,404,Mark Leiter Jr.,ATH,RP,177.6327133178711,288.0555105686188,-110.42279725074769,190
178,405,Alex Vesia,LAD,RP,177.60594201087952,288.0555105686188,-110.44956855773927,191
179,406,Jose Berrios,TOR,SP,202.44829654693604,313.30477998256686,-110.85648343563082,160
180,407,Matt Brash,SEA,RP,176.85955142974854,288.0555105686188,-111.19595913887025,194
181,410,Bryan Baker,TBR,RP,176.4921531677246,288.0555105686188,-111.56335740089418,195
182,412,Matt Strahm,KCR,RP,176.15917873382568,288.0555105686188,-111.8963318347931,197
183,413,Calvin Faucher,MIA,RP,174.18849182128906,288.0555105686188,-113.86701874732972,199
184,417,Landen Roupp,SFG,SP,199.03426456451416,313.30477998256686,-114.2705154180527,162
185,419,Michael Soroka,ARI,SP,198.0747528076172,313.30477998256686,-115.23002717494967,163
186,422,Bryan King,HOU,RP,172.235675573349,288.0555105686188,-115.81983499526979,202
187,423,Jimmy Herget,COL,RP,171.9044361114502,288.0555105686188,-116.15107445716859,205
188,425,Gregory Soto,PIT,RP,170.59582912921906,288.0555105686188,-117.45968143939973,207
189,426,Hunter Gaddis,CLE,RP,169.8686535358429,288.0555105686188,-118.18685703277589,209
190,427,Jared Koenig,MIL,RP,169.28197932243347,288.0555105686188,-118.77353124618531,211
191,428,Aaron Civale,ATH,SP,193.53347885608673,313.30477998256686,-119.77130112648013,165
192,429,Zach Eflin,BAL,SP,193.50957870483398,313.30477998256686,-119.79520127773287,166
193,430,Tyler Rogers,TOR,RP,168.15486907958984,288.0555105686188,-119.90064148902894,217
194,431,Orion Kerkering,PHI,RP,167.94285821914673,288.0555105686188,-120.11265234947206,218
195,432,Erik Miller,SFG,RP,167.82473802566528,288.0555105686188,-120.2307725429535,219
196,434,Simeon Woods Richardson,MIN,SP,191.79098308086395,313.30477998256686,-121.5137969017029,167
197,435,Michael Lorenzen,COL,SP,191.70275139808655,313.30477998256686,-121.60202858448031,168
198,436,Eduard Bazardo,SEA,RP,166.06584215164185,288.0555105686188,-121.98966841697694,223
199,438,Luis Morales,ATH,SP,190.36458384990692,313.30477998256686,-122.94019613265993,173
200,439,Kirby Yates,LAA,RP,163.92882537841797,288.0555105686188,-124.12668519020082,226
201,440,Kyle Finnegan,DET,RP,163.8136749267578,288.0555105686188,-124.24183564186097,227
202,441,Juan Mejia,COL,RP,162.8590064048767,288.0555105686188,-125.19650416374208,228
203,442,Blake Treinen,LAD,RP,162.53169107437134,288.0555105686188,-125.52381949424745,229
204,443,Roki Sasaki,LAD,SP,187.27247619628906,313.30477998256686,-126.0323037862778,176
205,444,Chris Paddack,MIA,SP,185.73585605621338,313.30477998256686,-127.56892392635348,178
206,445,Caleb Thielbar,CHC,RP,159.43047332763672,288.0555105686188,-128.62503724098207,233
207,446,Joel Peguero,SFG,RP,159.18141174316406,288.0555105686188,-128.87409882545472,234
208,447,Eduardo Rodriguez,ARI,SP,183.81091916561127,313.30477998256686,-129.4938608169556,180
209,451,Chase Dollander,COL,SP,181.17308735847473,313.30477998256686,-132.13169262409212,185
210,452,Luis Gil,NYY,SP,181.15795040130615,313.30477998256686,-132.1468295812607,186
211,454,Graham Ashcraft,CIN,RP,153.1946268081665,288.0555105686188,-134.86088376045228,242
212,456,Chris Martin,TEX,RP,152.82535219192505,288.0555105686188,-135.23015837669374,243
213,457,Kody Funderburk,MIN,RP,152.73117911815643,288.0555105686188,-135.32433145046235,244
214,458,Lucas Erceg,KCR,RP,152.59655737876892,288.0555105686188,-135.45895318984986,246
215,459,Camilo Doval,NYY,RP,152.40000915527344,288.0555105686188,-135.65550141334535,247
216,460,Ryne Stanek,STL,RP,152.3990306854248,288.0555105686188,-135.65647988319398,248
217,461,Randy Vasquez,SDP,SP,177.37697112560272,313.30477998256686,-135.92780885696413,192
218,462,Erik Sabrowski,CLE,RP,152.02824354171753,288.0555105686188,-136.02726702690126,249
219,464,Brad Keller,PHI,SP,177.17514038085938,313.30477998256686,-136.12963960170748,193
220,467,Cole Winn,TEX,RP,151.19461679458618,288.0555105686188,-136.8608937740326,250
221,468,Greg Weissert,BOS,RP,151.14261424541473,288.0555105686188,-136.91289632320405,251
222,469,Justin Sterner,ATH,SP,176.33226883411407,313.30477998256686,-136.97251114845278,196
223,471,Mason Montgomery,PIT,RP,150.51501846313477,288.0555105686188,-137.54049210548402,254
224,472,Jordan Leasure,CHW,SP,175.52931213378906,313.30477998256686,-137.7754678487778,198
225,473,Gabe Speier,SEA,RP,150.08058166503906,288.0555105686188,-137.97492890357972,255
226,474,Justin Slaten,BOS,RP,148.4067268371582,288.0555105686188,-139.64878373146058,258
227,475,Andrew Alvarez,WSN,SP,173.5467586517334,313.30477998256686,-139.75802133083346,200
228,477,Kumar Rocker,TEX,SP,173.0689821243286,313.30477998256686,-140.23579785823824,201
229,478,Tyler Kinley,ATL,RP,147.22539234161377,288.0555105686188,-140.83011822700502,260
230,479,Louie Varland,TOR,SP,171.99044919013977,313.30477998256686,-141.31433079242709,203
231,480,Mike Vasil,CHW,SP,171.93512296676636,313.30477998256686,-141.3696570158005,204
232,481,Patrick Corbin,TEX,SP,171.82770764827728,313.30477998256686,-141.47707233428957,206
233,482,Spencer Bivens,SFG,RP,145.42776107788086,288.0555105686188,-142.62774949073793,265
234,483,Mick Abel,MIN,SP,170.45530724525452,313.30477998256686,-142.84947273731234,208
235,484,Pierce Johnson,CIN,RP,144.96625399589539,288.0555105686188,-143.0892565727234,266
236,486,Isaac Mattson,PIT,RP,144.61593627929688,288.0555105686188,-143.4395742893219,267
237,487,PJ Poulin,WSN,RP,144.43329513072968,288.0555105686188,-143.6222154378891,268
238,488,Shawn Armstrong,CLE,SP,169.46397733688354,313.30477998256686,-143.8408026456833,210
239,489,Jose Butto,SFG,RP,143.9202163219452,288.0555105686188,-144.1352942466736,270
240,490,Lance McCullers Jr.,HOU,SP,168.99063849449158,313.30477998256686,-144.31414148807528,212
241,491,Brooks Raley,NYM,RP,143.6871838569641,288.0555105686188,-144.36832671165467,272
242,492,Ian Seymour,TBR,SP,168.93082475662231,313.30477998256686,-144.37395522594454,213
243,493,Keegan Akin,BAL,SP,168.84708285331726,313.30477998256686,-144.4576971292496,214
244,494,Kade Strowd,ARI,RP,143.54358291625977,288.0555105686188,-144.51192765235902,273
245,495,Kyle Harrison,MIL,SP,168.68080472946167,313.30477998256686,-144.6239752531052,215
246,496,Connor Phillips,CIN,RP,143.41860961914062,288.0555105686188,-144.63690094947816,274
247,497,Logan Allen,CLE,SP,168.6296670436859,313.30477998256686,-144.67511293888094,216
248,502,Anthony Bender,MIA,RP,143.01358830928802,288.0555105686188,-145.04192225933076,275
249,503,Jacob Latz,TEX,SP,167.57785892486572,313.30477998256686,-145.72692105770113,220
250,505,John Schreiber,KCR,RP,141.82537841796875,288.0555105686188,-146.23013215065004,277
251,506,Aaron Ashby,MIL,SP,166.7247314453125,313.30477998256686,-146.58004853725436,221
252,507,Bryce Elder,ATL,SP,166.53609383106232,313.30477998256686,-146.76868615150454,222
253,508,Elvis Alvarado,ATH,RP,141.08226490020752,288.0555105686188,-146.97324566841127,279
254,509,Spencer Schwellenbach,ATL,SP,165.76784443855286,313.30477998256686,-147.536935544014,224
255,510,Cole Sands,MIN,SP,165.72130012512207,313.30477998256686,-147.5834798574448,225
256,520,Ryan Thompson,ARI,RP,137.16434478759766,288.0555105686188,-150.89116578102113,285
257,521,Ryan Feltner,COL,SP,162.3587144613266,313.30477998256686,-150.94606552124026,230
258,522,Jose Quintana,COL,SP,161.20545029640198,313.30477998256686,-152.09932968616488,231
259,524,Griffin Canning,SDP,SP,160.26880264282227,313.30477998256686,-153.0359773397446,232
260,525,Seth Halvorsen,COL,RP,134.86001873016357,288.0555105686188,-153.1954918384552,289
261,527,Nick Mears,KCR,RP,134.64975500106812,288.0555105686188,-153.40575556755067,290
262,528,Yohan Ramirez,PIT,RP,134.35640335083008,288.0555105686188,-153.6991072177887,291
263,530,Jonathan Cannon,CHW,SP,158.77053594589233,313.30477998256686,-154.53424403667452,235
264,532,Miles Mikolas,WSN,SP,158.45168673992157,313.30477998256686,-154.8530932426453,236
265,533,Yennier Cano,BAL,RP,133.08851051330566,288.0555105686188,-154.96700005531312,292
266,534,Drew Pomeranz,LAA,SP,158.3306918144226,313.30477998256686,-154.97408816814425,237
267,536,Jordan Romano,LAA,RP,132.75054705142975,288.0555105686188,-155.30496351718904,294
268,537,Michael Kelly,ATH,RP,132.73115825653076,288.0555105686188,-155.32435231208802,295
269,538,German Marquez,SDP,SP,157.86114740371704,313.30477998256686,-155.44363257884982,238
270,540,Tyler Anderson,LAA,SP,156.85129237174988,313.30477998256686,-156.45348761081698,239
271,541,Steven Okert,HOU,SP,156.82930755615234,313.30477998256686,-156.4754724264145,240
272,543,Zack Kelly,BOS,RP,131.30013275146484,288.0555105686188,-156.75537781715394,296
273,548,Mason Englert,TBR,RP,129.99786520004272,288.0555105686188,-158.05764536857606,297
274,549,Matt Festa,CLE,RP,129.96264791488647,288.0555105686188,-158.0928626537323,298
275,550,Jakob Junis,TEX,RP,129.68379306793213,288.0555105686188,-158.37171750068666,299
276,553,Joe Boyle,TBR,SP,153.91298151016235,313.30477998256686,-159.3917984724045,241
277,557,Justin Topa,MIN,SP,152.66719150543213,313.30477998256686,-160.63758847713473,245
278,559,Luis Garcia,NYM,RP,127.26153600215912,288.0555105686188,-160.79397456645967,301
279,560,Caleb Ferguson,CIN,RP,127.22682452201843,288.0555105686188,-160.82868604660035,302
280,561,Tommy Nance,TOR,RP,127.08006978034973,288.0555105686188,-160.97544078826905,303
281,562,Enyel De Los Santos,HOU,RP,126.80514478683472,288.0555105686188,-161.25036578178407,305
282,564,Tyler Holton,DET,SP,151.10351657867432,313.30477998256686,-162.20126340389254,252
283,565,Hurston Waldrep,ATL,SP,151.09008944034576,313.30477998256686,-162.2146905422211,253
284,567,Brendon Little,TOR,RP,124.74711680412292,288.0555105686188,-163.30839376449586,308
285,571,Ryan Zeferjahn,LAA,SP,149.14564561843872,313.30477998256686,-164.15913436412814,256
286,572,Dietrich Enns,BAL,SP,149.05066061019897,313.30477998256686,-164.25411937236788,257
287,575,Richard Fitts,STL,SP,148.26389718055725,313.30477998256686,-165.0408828020096,259
288,576,Grant Anderson,MIL,RP,122.90939140319824,288.0555105686188,-165.14611916542054,311
289,577,Spencer Arrighetti,HOU,SP,146.91814827919006,313.30477998256686,-166.3866317033768,261
290,578,Taijuan Walker,PHI,SP,146.82217049598694,313.30477998256686,-166.48260948657992,262
291,579,Tyler Phillips,MIA,SP,146.359534740448,313.30477998256686,-166.94524524211886,263
292,580,Tyler Wells,BAL,SP,146.2077659368515,313.30477998256686,-167.09701404571535,264
293,581,Jackson Rutledge,WSN,RP,120.72688615322113,288.0555105686188,-167.32862441539766,316
294,582,Tim Hill,NYY,RP,120.28468370437622,288.0555105686188,-167.77082686424257,318
295,586,Sean Newcomb,CHW,SP,143.9518631696701,313.30477998256686,-169.35291681289675,269
296,587,Hunter Dobbins,STL,SP,143.90359497070312,313.30477998256686,-169.40118501186373,271
297,588,Cole Sulser,TBR,RP,118.19727063179016,288.0555105686188,-169.85823993682862,322
298,589,Jacob Webb,CHC,RP,118.10268211364746,288.0555105686188,-169.95282845497132,323
299,592,Taylor Clarke,ARI,RP,117.21415424346924,288.0555105686188,-170.84135632514955,328
300,593,Hoby Milner,CHC,RP,117.20402765274048,288.0555105686188,-170.8514829158783,329
301,594,Jake Bird,NYY,RP,116.79302942752838,288.0555105686188,-171.2624811410904,331
302,595,Janson Junk,MIA,SP,142.008291721344,313.30477998256686,-171.29648826122286,276
303,597,Brock Burke,CIN,SP,141.16681480407715,313.30477998256686,-172.1379651784897,278
304,598,Brent Headrick,NYY,RP,115.61417531967163,288.0555105686188,-172.44133524894715,333
305,599,Caden Dana,LAA,SP,140.81751108169556,313.30477998256686,-172.4872689008713,280
306,600,Tomoyuki Sugano,COL,SP,140.79468441009521,313.30477998256686,-172.51009557247164,281
307,601,Jason Adam,SDP,RP,115.40452027320862,288.0555105686188,-172.65099029541017,334
308,602,Tim Herrin,CLE,RP,115.19797086715698,288.0555105686188,-172.8575397014618,335
309,603,Joel Payamps,ATL,RP,115.12389528751373,288.0555105686188,-172.93161528110505,336
310,604,Gordon Graceffo,STL,RP,115.10628628730774,288.0555105686188,-172.94922428131105,337
311,605,Jake Irvin,WSN,SP,139.7667647600174,313.30477998256686,-173.53801522254946,282
312,606,Eric Orze,MIN,RP,114.40617275238037,288.0555105686188,-173.64933781623841,338
313,608,Justin Steele,CHC,SP,138.5539195537567,313.30477998256686,-174.75086042881014,283
314,609,Walker Buehler,- - -,SP,137.8375699520111,313.30477998256686,-175.46721003055575,284
315,612,Brenan Hanifee,DET,RP,111.46700620651245,288.0555105686188,-176.58850436210633,343
316,613,Tanner Banks,PHI,SP,136.07463264465332,313.30477998256686,-177.23014733791354,286
317,614,David Morgan,SDP,SP,135.97060656547546,313.30477998256686,-177.3341734170914,287
318,615,Rico Garcia,BAL,SP,135.69256782531738,313.30477998256686,-177.61221215724947,288
319,616,Carlos Vargas,SEA,RP,110.31621932983398,288.0555105686188,-177.7392912387848,345
320,617,Yuki Matsui,SDP,RP,108.98116946220398,288.0555105686188,-179.0743411064148,348
321,619,Bennett Sousa,HOU,RP,108.36029410362244,288.0555105686188,-179.69521646499635,349
322,620,Connor Brogdon,CLE,RP,108.00865888595581,288.0555105686188,-180.04685168266298,350
323,621,Anthony Banda,MIN,SP,133.03209447860718,313.30477998256686,-180.27268550395968,293
324,627,Porter Hodge,CHC,RP,105.47806572914124,288.0555105686188,-182.57744483947755,355
325,628,Brock Stewart,LAD,RP,104.83607482910156,288.0555105686188,-183.21943573951722,358
326,630,Angel Zerpa,MIL,SP,129.13668727874756,313.30477998256686,-184.1680927038193,300
327,634,Jose Fermin,LAA,RP,103.0799207687378,288.0555105686188,-184.975589799881,363
328,638,Ryan Pressly,CHC,RP,102.22801307439805,288.0555105686188,-185.82749749422072,365
329,640,Carmen Mlodzinski,PIT,SP,127.06083703041077,313.30477998256686,-186.2439429521561,304
330,642,Paul Blackburn,NYY,SP,126.32275998592377,313.30477998256686,-186.9820199966431,306
331,643,Jaden Hill,COL,RP,100.78737688064575,288.0555105686188,-187.26813368797303,367
332,645,Steven Wilson,TBR,RP,100.0614800453186,288.0555105686188,-187.99403052330018,370
333,646,Colin Rea,CHC,SP,125.03227531909943,313.30477998256686,-188.27250466346743,307
334,647,Jonathan Bowlan,PHI,SP,124.69127464294434,313.30477998256686,-188.61350533962252,309
335,648,Aaron Bummer,ATL,SP,124.32211494445801,313.30477998256686,-188.98266503810885,310
336,650,Andrew Chafin,MIN,RP,98.37087368965149,288.0555105686188,-189.6846368789673,372
337,654,Emerson Hancock,SEA,SP,122.83888709545135,313.30477998256686,-190.4658928871155,312
338,656,Erick Fedde,CHW,SP,122.59854769706726,313.30477998256686,-190.7062322854996,313
339,657,Huascar Brazoban,NYM,SP,122.2132682800293,313.30477998256686,-191.09151170253756,314
340,661,George Soriano,STL,RP,96.48941111564636,288.0555105686188,-191.56609945297242,373
341,662,Troy Melton,DET,SP,120.92287254333496,313.30477998256686,-192.3819074392319,315
342,663,Scott Barlow,ATH,SP,120.70201659202576,313.30477998256686,-192.6027633905411,317
343,664,Brandon Sproat,MIL,SP,120.21643781661987,313.30477998256686,-193.08834216594698,319
344,665,Tyler Alexander,TEX,SP,120.08721661567688,313.30477998256686,-193.21756336688998,320
345,666,Brant Hurter,DET,SP,119.99088752269745,313.30477998256686,-193.3138924598694,321
346,669,Justin Wilson,BOS,RP,92.92029023170471,288.0555105686188,-195.13522033691407,378
347,670,Hayden Birdsong,SFG,SP,117.79068970680237,313.30477998256686,-195.5140902757645,324
348,671,Ben Casparius,LAD,SP,117.7606258392334,313.30477998256686,-195.54415414333346,325
349,672,Cade Gibson,MIA,SP,117.68370294570923,313.30477998256686,-195.62107703685763,326
350,674,Wikelman Gonzalez,CHW,RP,92.04770469665527,288.0555105686188,-196.0078058719635,381
351,675,Reese Olson,DET,SP,117.21727845668794,313.30477998256686,-196.0875015258789,327
352,676,Brent Suter,LAA,SP,116.9904556274414,313.30477998256686,-196.31432435512545,330
353,678,Wandy Peralta,SDP,SP,116.25160896778107,313.30477998256686,-197.0531710147858,332
354,682,Jack Dreyer,LAD,SP,114.14161849021912,313.30477998256686,-199.16316149234774,339
355,683,Jordan Hicks,CHW,SP,114.02391338348389,313.30477998256686,-199.28086659908297,340
356,684,Brennan Bernardino,COL,SP,113.78863835334778,313.30477998256686,-199.51614162921908,341
357,685,Braydon Fisher,TOR,SP,113.48847770690918,313.30477998256686,-199.81630227565768,342
358,694,Stephen Kolek,KCR,SP,110.36817741394043,313.30477998256686,-202.93660256862643,344
359,695,Casey Legumina,SEA,SP,110.0526385307312,313.30477998256686,-203.25214145183566,346
360,697,John King,MIA,RP,84.4068021774292,288.0555105686188,-203.6487083911896,391
361,698,Mitchell Parker,WSN,SP,109.43569707870483,313.30477998256686,-203.86908290386202,347
362,700,Grant Wolfram,BAL,RP,83.52966666221619,288.0555105686188,-204.5258439064026,394
363,702,Mason Fluharty,TOR,RP,82.50332546234131,288.0555105686188,-205.55218510627748,396
364,703,Justin Wrobleski,LAD,SP,107.61027526855469,313.30477998256686,-205.69450471401217,351
365,704,Steven Cruz,KCR,RP,82.32964956760406,288.0555105686188,-205.72586100101472,397
366,705,Logan Evans,SEA,SP,107.48892182111739,313.30477998256686,-205.81585816144946,352
367,709,Tommy Kahnle,DET,RP,81.16499376296997,288.0555105686188,-206.89051680564882,400
368,710,Ryan Yarbrough,NYY,SP,105.90558516979218,313.30477998256686,-207.39919481277468,353
369,711,J.T. Ginn,ATH,SP,105.80097937583923,313.30477998256686,-207.50380060672762,354
370,713,Kyle Nicolas,PIT,RP,80.22417187690735,288.0555105686188,-207.83133869171144,401
371,714,Zach Agnos,COL,RP,80.12320160865784,288.0555105686188,-207.93230895996095,402
372,715,Antonio Senzatela,COL,SP,105.23199367523193,313.30477998256686,-208.07278630733492,356
373,716,Daniel Lynch IV,KCR,SP,105.0501891374588,313.30477998256686,-208.25459084510805,357
374,718,Ian Hamilton,ATL,SP,104.56469988822937,313.30477998256686,-208.7400800943375,359
375,719,Chad Green,TOR,RP,79.2499008178711,288.0555105686188,-208.8056097507477,403
376,723,Marcus Stroman,NYY,SP,104.06373846530914,313.30477998256686,-209.2410415172577,360
377,724,Eric Lauer,TOR,SP,103.94130969047546,313.30477998256686,-209.3634702920914,361
378,725,Ryan Fernandez,STL,RP,78.62586641311646,288.0555105686188,-209.42964415550233,404
379,726,Brandon Eisert,CHW,SP,103.56786704063416,313.30477998256686,-209.7369129419327,362
380,727,Dylan Dodd,ATL,RP,77.81363868713379,288.0555105686188,-210.241871881485,405
381,730,Luke Jackson,- - -,RP,77.33697843551636,288.0555105686188,-210.71853213310243,406
382,731,Ryan Bergert,KCR,SP,102.30425083637238,313.30477998256686,-211.00052914619448,364
383,733,Yoendrys Gomez,TBR,SP,101.37761306762695,313.30477998256686,-211.9271669149399,366
384,735,Matt Gage,SFG,SP,100.74475193023682,313.30477998256686,-212.56002805233004,368
385,737,Beau Brieske,DET,SP,100.56355357170105,313.30477998256686,-212.7412264108658,369
386,740,Kevin Kelly,TBR,RP,74.16379356384277,288.0555105686188,-213.891717004776,408
387,743,Tyler Ferguson,ATH,RP,73.42900133132935,288.0555105686188,-214.62650923728944,409
388,745,Tobias Myers,NYM,SP,98.37607097625732,313.30477998256686,-214.92870900630953,371
389,746,Daysbel Hernandez,ATL,RP,72.67186832427979,288.0555105686188,-215.383642244339,410
390,747,Colin Holderman,CLE,RP,72.28896021842957,288.0555105686188,-215.76655035018922,411
391,749,Andre Granillo,WSN,RP,70.51568531990051,288.0555105686188,-217.53982524871827,413
392,750,Keider Montero,DET,SP,95.59347009658813,313.30477998256686,-217.71130988597872,374
393,751,Travis Adams,MIN,SP,95.27725541591644,313.30477998256686,-218.0275245666504,375
394,752,Bailey Falter,KCR,SP,94.42483806610107,313.30477998256686,-218.87994191646578,376
395,753,A.J. Blubaugh,HOU,SP,94.10666239261627,313.30477998256686,-219.19811758995058,377
396,755,Andrew Saalfrank,ARI,RP,68.21247100830078,288.0555105686188,-219.843039560318,415
397,759,JP Sears,SDP,SP,92.59576261043549,313.30477998256686,-220.70901737213137,379
398,762,Jonathan Loaisiga,ARI,RP,67.07311820983887,288.0555105686188,-220.98239235877992,417
399,765,Rob Zastryzny,MIL,SP,92.11050033569336,313.30477998256686,-221.1942796468735,380
400,766,Ben Brown,CHC,SP,92.0472662448883,313.30477998256686,-221.25751373767855,382
401,768,Danny Coulombe,- - -,SP,90.9358081817627,313.30477998256686,-222.36897180080416,383
402,769,Luis Mey,CIN,RP,65.30973625183105,288.0555105686188,-222.74577431678773,423
403,770,Lake Bachar,MIA,SP,90.38014793395996,313.30477998256686,-222.9246320486069,384
404,771,Chase Shugart,PHI,RP,64.72243857383728,288.0555105686188,-223.3330719947815,425
405,775,Chris Murphy,CHW,RP,63.72119855880737,288.0555105686188,-224.3343120098114,426
406,778,Javier Assad,CHC,SP,87.29727971553802,313.30477998256686,-226.00750026702883,385
407,779,Ryan Gusto,MIA,SP,87.27319633960724,313.30477998256686,-226.03158364295962,386
408,781,Chris Roycroft,STL,RP,61.73975658416748,288.0555105686188,-226.3157539844513,428
409,782,Charlie Morton,- - -,SP,86.95420455932617,313.30477998256686,-226.35057542324068,387
410,784,Joey Lucchesi,SFG,RP,61.20533049106598,288.0555105686188,-226.8501800775528,429
411,786,Joey Wentz,ATL,SP,86.33554553985596,313.30477998256686,-226.9692344427109,388
412,788,JT Brubaker,SFG,SP,85.39847612380981,313.30477998256686,-227.90630385875704,389
413,789,Alek Jacob,SDP,RP,60.05172312259674,288.0555105686188,-228.00378744602205,432
414,790,Tanner Gordon,COL,SP,85.30072271823883,313.30477998256686,-228.00405726432803,390
415,793,DL Hall,MIL,SP,84.25222826004028,313.30477998256686,-229.05255172252657,392
416,794,Bowden Francis,TOR,SP,84.18961334228516,313.30477998256686,-229.1151666402817,393
417,799,Dan Altavilla,MIN,RP,57.80327606201172,288.0555105686188,-230.25223450660707,434
418,800,David Festa,MIN,SP,82.93603277206421,313.30477998256686,-230.36874721050265,395
419,802,Trent Thornton,CHC,RP,57.18983554840088,288.0555105686188,-230.8656750202179,435
420,803,Jose Urena,- - -,SP,81.47636103630066,313.30477998256686,-231.8284189462662,398
421,804,Paxton Schultz,WSN,SP,81.31633710861206,313.30477998256686,-231.9884428739548,399
422,805,Michael Tonkin,MIN,RP,55.78297257423401,288.0555105686188,-232.27253799438478,436
423,806,Max Lazar,PHI,RP,55.77578783035278,288.0555105686188,-232.279722738266,437
424,808,Sam Bachman,LAA,RP,55.14482879638672,288.0555105686188,-232.91068177223207,438
425,809,Juan Morillo,ARI,RP,54.73004961013794,288.0555105686188,-233.32546095848085,439
426,810,Chase Lee,TOR,RP,54.468047857284546,288.0555105686188,-233.58746271133424,440
427,814,Orlando Ribalta,WSN,RP,52.77003073692322,288.0555105686188,-235.28547983169557,441
428,818,Ryan Brasier,TEX,SP,75.55944204330444,313.30477998256686,-237.7453379392624,407
429,819,Yerry De Los Santos,NYY,RP,50.1537561416626,288.0555105686188,-237.9017544269562,443
430,820,Angel Chivilli,NYY,RP,48.77111101150513,288.0555105686188,-239.28439955711366,446
431,823,Kaleb Ort,LAA,RP,48.062180042266846,288.0555105686188,-239.99333052635194,449
432,830,Corbin Burnes,ARI,SP,71.26694571971893,313.30477998256686,-242.03783426284792,412
433,832,Rafael Montero,NYY,RP,45.174591302871704,288.0555105686188,-242.88091926574708,453
434,833,Jorge Lopez,WSN,RP,44.37428665161133,288.0555105686188,-243.68122391700746,454
435,835,Kai-Wei Teng,HOU,SP,68.62603271007538,313.30477998256686,-244.67874727249148,414
436,839,Gunnar Hoglund,ATH,SP,67.40578436851501,313.30477998256686,-245.89899561405184,416
437,841,Jackson Perkins,ATH,SP,67.02660274505615,313.30477998256686,-246.2781772375107,418
438,842,Jalen Beeks,ARI,SP,67.01052618026733,313.30477998256686,-246.29425380229952,419
439,843,Pierson Ohl,COL,SP,66.5303726196289,313.30477998256686,-246.77440736293795,420
440,844,Cionel Perez,WSN,RP,41.122557640075684,288.0555105686188,-246.9329529285431,457
441,846,Hector Neris,KCR,RP,40.656121015548706,288.0555105686188,-247.39938955307008,461
442,847,Mason Barnett,ATH,SP,65.67595875263214,313.30477998256686,-247.62882122993472,421
443,849,Jason Alexander,HOU,SP,65.61356163024902,313.30477998256686,-247.69121835231783,422
444,850,Colton Gordon,HOU,SP,65.24948787689209,313.30477998256686,-248.05529210567477,424
445,851,Lyon Richardson,CIN,RP,39.98005819320679,288.0555105686188,-248.075452375412,462
446,852,Felix Bautista,BAL,RP,39.801475524902344,288.0555105686188,-248.25403504371644,463
447,853,Dane Dunning,SEA,RP,38.651185154914856,288.0555105686188,-249.40432541370393,464
448,857,Clarke Schmidt,NYY,SP,63.66855442523956,313.30477998256686,-249.6362255573273,427
449,859,Jorge Alcala,TOR,RP,38.06891345977783,288.0555105686188,-249.98659710884095,465
450,860,Sawyer Gipson-Long,DET,SP,60.79441571235657,313.30477998256686,-252.5103642702103,430
451,862,Tristan Beck,SFG,SP,60.48546028137207,313.30477998256686,-252.8193197011948,431
452,865,Carlos Hernandez,CLE,RP,34.31485080718994,288.0555105686188,-253.74065976142884,471
453,867,Zach Brzykcy,WSN,RP,34.21604359149933,288.0555105686188,-253.83946697711946,472
454,868,Yariel Rodriguez,TOR,SP,59.200849533081055,313.30477998256686,-254.1039304494858,433
455,869,Ryan Borucki,CHW,RP,32.771610736846924,288.0555105686188,-255.28389983177186,473
456,870,Manuel Rodriguez,TBR,RP,32.57460403442383,288.0555105686188,-255.48090653419496,474
457,871,Genesis Cabrera,PHI,RP,31.679445266723633,288.0555105686188,-256.37606530189515,475
458,880,Kyle Backhus,PHI,RP,27.391870498657227,288.0555105686188,-260.66364006996156,481
459,883,Josh Simpson,MIA,RP,26.066463708877563,288.0555105686188,-261.9890468597412,483
460,885,Hayden Wesneski,HOU,SP,50.933181047439575,313.30477998256686,-262.3715989351273,442
461,886,Carlos Carrasco,- - -,SP,50.09146232604981,313.30477998256686,-263.21331765651706,444
462,889,Konnor Pilkington,DET,RP,23.934251308441162,288.0555105686188,-264.1212592601776,487
463,890,Adam Mazur,MIA,SP,48.893367886543274,313.30477998256686,-264.4114120960236,445
464,892,Justin Hagenman,NYM,SP,48.559940576553345,313.30477998256686,-264.7448394060135,447
465,893,Brandon Young,BAL,SP,48.31885838508606,313.30477998256686,-264.9859215974808,448
466,894,Collin Snider,CHC,RP,22.519731760025024,288.0555105686188,-265.53577880859376,489
467,895,Cade Povich,BAL,SP,47.453725695610046,313.30477998256686,-265.8510542869568,450
468,896,Hunter Strickland,LAA,RP,21.991337060928345,288.0555105686188,-266.06417350769044,490
469,897,Kyle Hart,SDP,SP,46.78341996669769,313.30477998256686,-266.52136001586916,451
470,899,Carson Whisenhunt,SFG,SP,46.11565458774567,313.30477998256686,-267.1891253948212,452
471,900,John Brebbia,COL,RP,20.675410270690918,288.0555105686188,-267.38010029792787,492
472,904,Martin Perez,ATL,SP,43.692100048065186,313.30477998256686,-269.61267993450167,455
473,907,Trevor Williams,WSN,SP,43.54496383666992,313.30477998256686,-269.75981614589693,456
474,911,Cam Booser,TBR,RP,15.827850341796875,288.0555105686188,-272.2276602268219,494
475,912,Landon Knack,LAD,SP,40.97333526611328,313.30477998256686,-272.3314447164536,458
476,913,Brandon Waddell,NYM,SP,40.86145683526993,313.30477998256686,-272.44332314729695,459
477,914,Lou Trivino,PHI,SP,40.68846607208252,313.30477998256686,-272.61631391048434,460
478,917,Carson Palmquist,COL,SP,37.81158447265625,313.30477998256686,-275.4931955099106,466
479,918,Tyler Gilbert,CHW,SP,37.69265103340149,313.30477998256686,-275.61212894916537,467
480,919,Mitch Farris,LAA,SP,37.588202714920044,313.30477998256686,-275.7165772676468,468
481,920,Matt Bowman,MIN,RP,12.120626449584961,288.0555105686188,-275.9348841190338,496
482,921,Scott Blewett,STL,SP,37.182522773742676,313.30477998256686,-276.1222572088242,469
483,922,Bryse Wilson,PHI,SP,35.18012714385986,313.30477998256686,-278.124652838707,470
484,928,Grant Holman,ARI,SP,31.352869987487793,313.30477998256686,-281.95190999507906,476
485,929,Jack Kochanowicz,LAA,SP,31.18571138381958,313.30477998256686,-282.1190685987473,477
486,932,Jake Woodford,TBR,RP,4.51601907721281,288.0555105686188,-283.53949149140595,521
487,933,Carson Seymour,SFG,SP,29.708139419555664,313.30477998256686,-283.5966405630112,478
488,934,Bryce Jarvis,ARI,RP,4.281729929357767,288.0555105686188,-283.773780639261,523
489,937,Carson Fulmer,LAA,RP,3.8872072191452984,288.0555105686188,-284.1683033494735,525
490,938,Osvaldo Bido,NYY,SP,28.63594627380371,313.30477998256686,-284.66883370876315,479
491,940,Ronny Henriquez,MIA,RP,2.9879237572050092,288.0555105686188,-285.0675868114138,526
492,941,Ronel Blanco,HOU,SP,28.211031198501587,313.30477998256686,-285.09374878406527,480
493,943,Randy Rodriguez,SFG,RP,2.68755176653862,288.0555105686188,-285.3679588020802,527
494,944,Max Kranick,NYM,RP,2.6329710735476017,288.0555105686188,-285.4225394950712,528
495,945,Shawn Dubin,ARI,RP,2.544967814280987,288.0555105686188,-285.5105427543378,529
496,947,Shelby Miller,CHC,RP,2.0565346173954007,288.0555105686188,-285.9989759512234,532
497,948,John Curtiss,ARI,RP,2.0177189835941793,288.0555105686188,-286.0377915850246,533
498,949,Nic Enright,TOR,RP,1.952483196258545,288.0555105686188,-286.10302737236026,534
499,950,Eduardo Salazar,WSN,RP,1.9345745183479788,288.0555105686188,-286.1209360502708,535
500,951,Emmanuel Clase,CLE,RP,1.8641309357447624,288.0555105686188,-286.19137963287403,537
501,952,Chris Stratton,- - -,RP,1.8308155780756474,288.0555105686188,-286.2246949905431,538
502,953,Jose Castillo,- - -,RP,1.8154279259467125,288.0555105686188,-286.24008264267206,539
503,954,Sam Long,KCR,RP,1.6605006273651122,288.0555105686188,-286.39500994125365,540
504,955,Tayler Scott,ATL,RP,1.4969708442866803,288.0555105686188,-286.5585397243321,541
505,956,McCade Brown,COL,SP,26.739012479782104,313.30477998256686,-286.56576750278475,482
506,957,Ian Gibaut,CIN,RP,1.3353588834500314,288.0555105686188,-286.72015168516873,542
507,958,Austin Gomber,TEX,SP,26.00719928741455,313.30477998256686,-287.2975806951523,484
508,960,Mitch Spence,KCR,SP,25.588512420654297,313.30477998256686,-287.71626756191256,485
509,963,Bradley Blalock,MIA,SP,24.47403311729431,313.30477998256686,-288.83074686527254,486
510,964,Ryan Rolison,CHC,SP,23.884424209594727,313.30477998256686,-289.42035577297213,488
511,965,Joe Ross,ARI,SP,21.65725326538086,313.30477998256686,-291.647526717186,491
512,966,Kolby Allard,CLE,SP,19.858816623687744,313.30477998256686,-293.4459633588791,493
513,968,Shinnosuke Ogasawara,WSN,SP,13.992019653320312,313.30477998256686,-299.31276032924654,495
514,969,AJ Smith-Shawver,ATL,SP,11.37367033958435,313.30477998256686,-301.9311096429825,497
515,972,Valente Bellozo,COL,SP,10.138195037841797,313.30477998256686,-303.16658494472506,498
516,973,Cal Quantrill,TEX,SP,9.305070042610168,313.30477998256686,-303.9997099399567,499
517,974,Yu Darvish,SDP,SP,9.266188325508832,313.30477998256686,-304.038591657058,500
518,975,Tylor Megill,NYM,SP,9.195382753431797,313.30477998256686,-304.1093972291351,501
519,976,Luis L. Ortiz,CLE,SP,8.243960108982323,313.30477998256686,-305.06081987358453,502
520,977,Brandon Walter,HOU,SP,7.629992594203949,313.30477998256686,-305.6747873883629,503
521,978,Tanner Houck,BOS,SP,7.610274812221527,313.30477998256686,-305.69450517034534,504
522,979,Frankie Montas,NYM,SP,7.513194165577888,313.30477998256686,-305.79158581698897,505
523,980,Tony Gonsolin,LAD,SP,7.298899488060474,313.30477998256686,-306.00588049450636,506
524,981,Nestor Cortes,- - -,SP,7.177013264107704,313.30477998256686,-306.12776671845916,507
525,982,Jackson Jobe,DET,SP,6.667043671064377,313.30477998256686,-306.63773631150247,508
526,983,Anthony DeSclafani,ARI,SP,6.5862924025297165,313.30477998256686,-306.71848758003716,509
527,984,Andrew Heaney,- - -,SP,6.227680206631422,313.30477998256686,-307.07709977593544,510
528,985,Clayton Kershaw,LAD,SP,6.219269971079826,313.30477998256686,-307.08551001148703,511
529,986,Kyle Hendricks,LAA,SP,6.094613285803795,313.30477998256686,-307.21016669676305,512
530,987,Connor Gillispie,MIA,SP,6.025207889263631,313.30477998256686,-307.2795720933032,513
531,988,Caleb Boushley,TEX,SP,5.724731633344889,313.30477998256686,-307.58004834922195,514
532,989,Ben Lively,CLE,SP,5.432993617949486,313.30477998256686,-307.8717863646174,515
533,990,Matt Sauer,LAD,SP,5.404056285762787,313.30477998256686,-307.90072369680405,516
534,991,Thomas Hatch,ARI,SP,5.161765190099477,313.30477998256686,-308.1430147924674,517
535,992,Nabil Crismatt,TEX,SP,5.093593758637906,313.30477998256686,-308.21118622392896,518
536,993,Chris Flexen,CHC,SP,4.877896898345948,313.30477998256686,-308.4268830842209,519
537,994,Anthony Molina,ATL,SP,4.5201503515434265,313.30477998256686,-308.78462963102345,520
538,995,Easton Lucas,TOR,SP,4.298691488623619,313.30477998256686,-309.00608849394325,522
539,997,Anthony Veneziano,- - -,SP,4.001167891392708,313.30477998256686,-309.30361209117416,524
540,998,Austin Cox,ATL,SP,2.456949287707806,313.30477998256686,-310.84783069485906,530
541,999,Reed Garrett,NYM,SP,2.304642750837803,313.30477998256686,-311.00013723172907,531
542,1000,Sean Reynolds,SDP,SP,1.9031273976087573,313.30477998256686,-311.4016525849581,536
