ESPN_Rank,Name,Team,Position
1,Shohei Ohtani,LAD,DH/SP
2,Aaron Judge,NYY,OF/DH
3,Juan Soto,NYM,OF
4,Paul Skenes,PIT,SP
5,Bobby Witt Jr.,KC,SS
6,Tarik Skubal,DET,SP
7,Jose Ramirez,CLE,3B/DH
8,Garrett Crochet,BOS,SP
9,Kyle Tucker,LAD,OF
10,Ronald Acuna Jr.,ATL,OF
11,Ketel Marte,ARI,2B/DH
12,Cristopher Sanchez,PHI,SP
13,Cal Raleigh,SEA,C/DH
14,Fernando Tatis Jr.,SD,OF
15,Logan Gilbert,SEA,SP
16,Junior Caminero,TB,3B
17,Corbin Carroll,ARI,OF
18,Gunnar Henderson,BAL,SS
19,Yoshinobu Yamamoto,LAD,SP
20,Bryan Woo,SEA,SP
21,Kyle Schwarber,PHI,DH
22,Logan Webb,SF,SP
23,Manny Machado,SD,3B
24,Hunter Brown,HOU,SP
25,Julio Rodriguez,SEA,OF
26,Vladimir Guerrero Jr.,TOR,1B/DH
27,William Contreras,MIL,C/DH
28,Max Fried,NYY,SP
29,Chris Sale,ATL,SP
30,Joe Ryan,MIN,SP
31,Alex Bregman,CHC,3B
32,Yordan Alvarez,HOU,OF/DH
33,Jesus Luzardo,PHI,SP
34,Jacob deGrom,TEX,SP
35,Jackson Chourio,MIL,OF
36,Mookie Betts,LAD,SS
37,Mason Miller,SD,RP
38,George Kirby,SEA,SP
39,Brent Rooker,ATH,OF/DH
40,Nico Hoerner,CHC,2B
41,Freddy Peralta,NYM,SP
42,Francisco Lindor,NYM,SS
43,Cade Smith,CLE,RP
44,Cody Bellinger,NYY,OF
45,Cole Ragans,KC,SP
46,Framber Valdez,DET,SP
47,Steven Kwan,CLE,OF
48,Dylan Cease,TOR,SP
49,Edwin Diaz,LAD,RP
50,Roman Anthony,BOS,OF
51,Kevin Gausman,TOR,SP
52,Elly De La Cruz,CIN,SS
53,Andres Munoz,SEA,RP
54,Jarren Duran,BOS,OF
55,Jose Altuve,HOU,2B/OF/DH
56,Nick Pivetta,SD,SP
57,Ben Rice,NYY,1B/C/DH
58,Maikel Garcia,KC,3B
59,George Springer,TOR,OF/DH
60,Jhoan Duran,PHI,RP
61,Geraldo Perdomo,ARI,SS
62,Jazz Chisholm Jr.,NYY,2B/3B
63,Sonny Gray,BOS,SP
64,Jackson Merrill,SD,OF
65,Matt Olson,ATL,1B
66,Zack Wheeler,PHI,SP
67,Brice Turang,MIL,2B
68,Christian Yelich,MIL,DH
69,Devin Williams,NYM,RP
70,Ryan Pepiot,TB,SP
71,Pete Crow-Armstrong,CHC,OF
72,Nathan Eovaldi,TEX,SP
73,Shea Langeliers,ATH,C
74,Ozzie Albies,ATL,2B
75,Eury Perez,MIA,SP
76,Pete Alonso,BAL,1B
77,Ian Happ,CHC,OF
78,Luis Castillo,SEA,SP
79,Nick Kurtz,ATH,1B
80,Trea Turner,PHI,SS
81,David Bednar,NYY,RP
82,Kyle Bradish,BAL,SP
83,Taylor Ward,BAL,OF
84,Will Smith,LAD,C
85,Vinnie Pasquantino,KC,1B/DH
86,Blake Snell,LAD,SP
87,Seiya Suzuki,CHC,OF/DH
88,Aroldis Chapman,BOS,RP
89,James Wood,WSH,OF/DH
90,Brandon Woodruff,MIL,SP
91,Drake Baldwin,ATL,C
92,Josh Naylor,SEA,1B/DH
93,Gleyber Torres,DET,2B
94,Randy Arozarena,SEA,OF
95,Adley Rutschman,BAL,C
96,Spencer Strider,ATL,SP
97,Austin Riley,ATL,3B
98,Tanner Bibee,CLE,SP
99,Wyatt Langford,TEX,OF
100,Salvador Perez,KC,C/1B/DH
101,Freddie Freeman,LAD,1B
102,Corey Seager,TEX,SS
103,Raisel Iglesias,ATL,RP
104,Brandon Nimmo,TEX,OF
105,Zac Gallen,ARI,SP
106,Yainer Diaz,HOU,C/DH
107,Nolan McLean,NYM,SP
108,Alec Burleson,STL,OF/1B/DH
109,Eugenio Suarez,CIN,3B
110,Luke Keaschall,MIN,2B
111,Rafael Devers,SF,1B/DH
112,Jacob Misiorowski,MIL,SP
113,Riley Greene,DET,OF/DH
114,Emilio Pagan,CIN,RP
115,Bo Bichette,NYM,SS
116,Chase Burns,CIN,SP
117,Bryce Harper,PHI,1B
118,Matt Chapman,SF,3B
119,Tyler Soderstrom,ATH,OF/1B
120,Nick Lodolo,CIN,SP
121,Agustin Ramirez,MIA,C/DH
122,Michael King,SD,SP
123,Yandy Diaz,TB,1B/DH
124,Brendan Donovan,SEA,2B
125,Bryan Reynolds,PIT,OF/DH
126,Drew Rasmussen,TB,SP
127,Caleb Durbin,BOS,3B
128,Emmet Sheehan,LAD,SP
129,Ranger Suarez,BOS,SP
130,Willy Adames,SF,SS
131,Tyler Glasnow,LAD,SP
132,Byron Buxton,MIN,OF
133,Marcus Semien,NYM,2B
134,Andrew Abbott,CIN,SP
135,MacKenzie Gore,TEX,SP
136,Michael Harris II,ATL,OF
137,Andy Pages,LAD,OF
138,Jeremy Pena,HOU,SS
139,Oneil Cruz,PIT,OF
140,Hunter Goodman,COL,C/DH
141,Alejandro Kirk,TOR,C
142,Jakob Marsee,MIA,OF
143,Daylen Lile,WSH,OF
144,Bryan Abreu,HOU,RP
145,Gavin Williams,CLE,SP
146,Jacob Wilson,ATH,SS
147,Cam Schlittler,NYY,SP
148,Jung Hoo Lee,SF,OF
149,Griffin Jax,TB,RP
150,Matthew Boyd,CHC,SP
151,CJ Abrams,WSH,SS
152,Robbie Ray,SF,SP
153,Shota Imanaga,CHC,SP
154,Kyle Stowers,MIA,OF
155,Josh Hader,HOU,RP
156,Luis Arraez,SF,1B/DH
157,Abner Uribe,MIL,RP
158,Gabriel Moreno,ARI,C
159,Sal Frelick,MIL,OF
160,Zach Neto,LAA,SS
161,Bryson Stott,PHI,2B
162,Jeff Hoffman,TOR,RP
163,Teoscar Hernandez,LAD,OF
164,Jack Flaherty,DET,SP
165,Xavier Edwards,MIA,2B/SS
166,Otto Lopez,MIA,SS/2B
167,Pete Fairbanks,MIA,RP
168,Merrill Kelly,ARI,SP
169,Trevor Rogers,BAL,SP
170,Brandon Lowe,PIT,2B
171,TJ Friedl,CIN,OF
172,Sandy Alcantara,MIA,SP
173,Michael Busch,CHC,1B
174,Ryan Helsley,BAL,RP
175,Shane Baz,BAL,SP
176,Ernie Clement,TOR,3B/2B/SS
177,Jac Caglianone,KC,OF
178,Tatsuya Imai,HOU,SP
179,Kenley Jansen,DET,RP
180,Dansby Swanson,CHC,SS
181,Aaron Nola,PHI,SP
182,Yusei Kikuchi,LAA,SP
183,Kazuma Okamoto,TOR,3B
184,Kris Bubic,KC,SP
185,Ryan O'Hearn,PIT,1B/OF/DH
186,Trevor Megill,MIL,RP
187,Jose Soriano,LAA,SP
188,Heliot Ramos,SF,OF
189,Bubba Chandler,PIT,SP
190,J.T. Realmuto,PHI,C
191,Jo Adell,LAA,OF
192,Luis Garcia Jr.,WSH,2B
193,Bailey Ober,MIN,SP
194,Isaac Paredes,HOU,3B
195,Christian Walker,HOU,1B
196,Ceddanne Rafaela,BOS,OF/2B
197,J.P. Crawford,SEA,SS
198,Jeff McNeil,ATH,2B/OF
199,Joe Musgrove,SD,SP
200,Wilyer Abreu,BOS,OF
201,Marcell Ozuna,PIT,DH
202,Daulton Varsho,TOR,OF
203,Daniel Palencia,CHC,RP
204,Mitch Keller,PIT,SP
205,Lawrence Butler,ATH,OF
206,Spencer Torkelson,DET,1B
207,Adolis Garcia,PHI,OF
208,Gerrit Cole,NYY,SP
209,Alec Bohm,PHI,3B
210,Edward Cabrera,CHC,SP
211,Samuel Basallo,BAL,C
212,Jorge Polanco,NYM,2B/DH
213,Xander Bogaerts,SD,SS
214,Brady Singer,CIN,SP
215,Kerry Carpenter,DET,OF/DH
216,Carlos Rodon,NYY,SP
217,Nolan Arenado,ARI,3B
218,Noelvi Marte,CIN,OF/3B
219,Michael Wacha,KC,SP
220,Matt McLain,CIN,2B
221,Cade Horton,CHC,SP
222,Seth Lugo,KC,SP
223,Austin Wells,NYY,C
224,Mike Trout,LAA,OF/DH
225,Jake Cronenworth,SD,2B
226,Kyle Teel,CWS,C
227,Chandler Simpson,TB,OF
228,Trey Yesavage,TOR,SP
229,Miguel Vargas,CWS,3B/1B
230,Jonathan India,KC,2B/3B/OF/DH
231,Shane McClanahan,TB,SP
232,Andrew Benintendi,CWS,OF/DH
233,Clay Holmes,NYM,SP
234,Willson Contreras,BOS,1B
235,Jackson Holliday,BAL,2B
236,Ryan Jeffers,MIN,C/DH
237,Ramon Laureano,SD,OF
238,Shane Smith,CWS,SP
239,Noah Cameron,KC,SP
240,Carlos Estevez,KC,RP
241,Jack Leiter,TEX,SP
242,Cody Ponce,TOR,SP
243,Lars Nootbaar,STL,OF
244,Chris Bassitt,BAL,SP
245,Carlos Correa,HOU,SS/3B
246,Dylan Crews,WSH,OF
247,Ian Seymour,TB,RP/SP
248,Carter Jensen,KC,C/DH
249,Trent Grisham,NYY,OF
250,Ivan Herrera,STL,DH
251,Ryan Walker,SF,RP
252,Kodai Senga,NYM,SP
253,Nolan Schanuel,LAA,1B
254,Luis Robert Jr.,NYM,OF
255,Trevor Larnach,MIN,OF/DH
256,Spencer Steer,CIN,1B
257,David Peterson,NYM,SP
258,Gavin Sheets,SD,OF/DH
259,Robert Garcia,TEX,RP
260,Addison Barger,TOR,3B/OF
261,Brayan Bello,BOS,SP
262,Francisco Alvarez,NYM,C
263,Trevor Story,BOS,SS
264,Jasson Dominguez,NYY,OF
265,Shane Bieber,TOR,SP
266,Robert Suarez,ATL,RP
267,Andrew Vaughn,MIL,1B
268,Max Muncy,LAD,3B
269,Harrison Bader,SF,OF
270,Dillon Dingler,DET,C
271,Chad Patrick,MIL,SP
272,Andres Gimenez,TOR,2B
273,Giancarlo Stanton,NYY,OF/DH
274,Jeffrey Springs,ATH,SP
275,Jonathan Aranda,TB,1B
276,Cedric Mullins,TB,OF
277,Reid Detmers,LAA,RP
278,Masyn Winn,STL,SS
279,Joey Cantillo,CLE,RP/SP
280,Tyler Stephenson,CIN,C
281,Jameson Taillon,CHC,SP
282,Chase Meidroth,CWS,SS/2B
283,Sal Stewart,CIN,1B/3B
284,Chase DeLauter,CLE,OF
285,Carson Kelly,CHC,C
286,Brandon Pfaadt,ARI,SP
287,Jeremiah Estrada,SD,RP
288,Bo Naylor,CLE,C
289,Brenton Doyle,COL,OF
290,Royce Lewis,MIN,3B
291,Brooks Lee,MIN,SS/2B/3B
292,Grayson Rodriguez,LAA,SP
293,Ezequiel Tovar,COL,SS
294,Dominic Canzone,SEA,OF
295,Keibert Ruiz,WSH,C
296,Ryne Nelson,ARI,SP/RP
297,Evan Carter,TEX,OF
298,Sean Manaea,NYM,SP
299,Mike Burrows,HOU,SP
300,Brandon Marsh,PHI,OF
