IDfg,Name,Team,Position,Projected_PA,Predicted_Fpoints_PA,Projected_Fpoints,Rank
20123,Juan Soto,NYM,OF,674.85,0.7221814103716787,487.3641247893274,1
13510,Jose Ramirez,CLE,3B/DH,649.533,0.6787514424286593,440.87146065501435,2
15640,Aaron Judge,NYY,OF/DH,637.851,0.67610921189701,431.2569369177197,3
25764,Bobby Witt Jr.,KCR,SS,659.965,0.6507523284200616,429.473760425746,4
19611,Vladimir Guerrero Jr.,TOR,1B/DH,665.751,0.6125933159748347,407.83461270356213,5
22799,Geraldo Perdomo,ARI,SS,648.379,0.6256273610776689,405.6436427481779,6
18345,Kyle Tucker,LAD,OF,619.354,0.6338845656746026,392.59894128882786,7
19755,Shohei Ohtani,LAD,DH/SP,659.709,0.5949949529625319,392.5235254239589,8
22715,Maikel Garcia,KCR,3B,640.153,0.611237221524618,391.2853410706488,9
13611,Mookie Betts,LAD,SS,622.219,0.6230742085961949,387.6886109985158,10
27676,Vinnie Pasquantino,KCR,1B/DH,630.397,0.6116549489328594,385.5854448424278,11
19709,Fernando Tatis Jr.,SDP,OF,647.719,0.5941999487739603,384.87459661992085,12
17678,Alex Bregman,CHC,3B,641.379,0.5978914548522374,383.47502342167314,13
12916,Francisco Lindor,NYM,SS,632.509,0.6024839155345174,381.0764989308221,14
18401,Ronald Acuna Jr.,ATL,OF,623.271,0.6052086628194153,377.2090084841198,15
26289,Gunnar Henderson,BAL,SS,657.586,0.5717943788446476,376.0039784069364,16
28163,Junior Caminero,TBR,3B,631.182,0.595007791950152,375.5582081386808,17
13613,Ketel Marte,ARI,2B/DH,616.155,0.6088188829658172,375.1267988338031,18
23697,Julio Rodriguez,SEA,OF,659.093,0.5510256269910446,363.17713357040856,19
16997,Gleyber Torres,DET,2B,639.179,0.5663356028429793,361.98982428957265,20
12856,George Springer,TOR,OF/DH,568.148,0.6345228711296816,360.5029001865864,21
15998,Cody Bellinger,NYY,OF,594.783,0.6030666943126242,358.69381764334554,22
16578,Yandy Diaz,TBR,1B/DH,614.692,0.5817517888908317,357.5981706168831,23
19251,Pete Alonso,BAL,1B,654.513,0.5419037332556547,354.6830381643583,24
27615,Alec Burleson,STL,OF/1B/DH,577.308,0.6101881894855959,352.2665232955504,25
19556,Yordan Alvarez,HOU,OF/DH,550.538,0.6369819348791108,350.6827604644759,26
29576,Ben Rice,NYY,1B/C/DH,538.684,0.649509493191164,349.880371830189,27
25878,Corbin Carroll,ARI,OF,632.021,0.550959356689568,348.2178835742974,28
14344,Matt Olson,ATL,1B,666.004,0.5226098079599089,348.06022254053113,29
18839,Josh Naylor,SEA,1B/DH,606.719,0.5704090151985609,346.0779872922557,30
5361,Freddie Freeman,LAD,1B,618.031,0.5579873218162101,344.85346248939413,31
19627,Brent Rooker,ATH,OF/DH,640.531,0.532518152005822,341.0943844224411,32
16478,Kyle Schwarber,PHI,DH,657.414,0.5175586296037993,340.25028892235207,33
33189,Nolan Schanuel,LAA,1B,599.165,0.567133803873815,339.8067255980543,34
11493,Manny Machado,SDP,3B,623.311,0.5441933732314235,339.20171566225184,35
18360,Austin Riley,ATL,3B,626.01,0.5415145748085689,338.9935389759122,36
21636,Jeremy Pena,HOU,SS,631.049,0.5347502266860291,337.453595799992,37
21479,Nico Hoerner,CHC,2B,605.139,0.5523912242782244,334.27347306850044,38
19612,Bo Bichette,NYM,SS,607.973,0.5493964678765235,334.01821876429364,39
20503,William Contreras,MIL,C/DH,603.063,0.5527990804823141,333.37267187290576,40
13624,Corey Seager,TEX,SS,529.353,0.6288802178281292,332.89962994797366,41
17350,Rafael Devers,SFG,1B/DH,656.095,0.5040130571014886,330.68044669900115,42
24610,Steven Kwan,CLE,OF,645.573,0.5121467325709564,330.62810258603,43
24617,Jarren Duran,BOS,OF,606.941,0.5433994789163554,329.8114231329717,44
17919,Ian Happ,CHC,OF,632.99,0.5200490442723891,329.18584453397955,45
29490,Jackson Merrill,SDP,OF,607.362,0.5377538469393857,326.61125198479914,46
10815,Jurickson Profar,ATL,OF,589.708,0.5522305045526976,325.6547463787622,47
22186,Brice Turang,MIL,2B,635.963,0.5115151965401471,325.30473893726156,48
11579,Bryce Harper,PHI,1B,606.017,0.5365014567462463,325.12900331298994,49
24679,Brendan Donovan,SEA,2B,548.16,0.5927409417336948,324.91687462074213,50
31347,Zach Neto,LAA,SS,633.259,0.5117189146197507,324.0506081531887,51
16505,Matt Chapman,SFG,3B,612.774,0.527096438275242,322.9909928676731,52
27815,Jordan Westburg,BAL,3B,565.457,0.5702361272514949,322.4440098072485,53
27769,Pete Crow-Armstrong,CHC,OF,619.466,0.5185414222681749,321.2187806867772,54
33824,Jung Hoo Lee,SFG,OF,559.728,0.5726529292537689,320.5298787853535,55
19290,Randy Arozarena,SEA,OF,654.009,0.48744104367325314,318.79082953170064,56
28806,Jackson Chourio,MIL,OF,629.221,0.5046100437282056,317.5112363247053,57
7304,Salvador Perez,KCR,C/1B/DH,576.18,0.5507204880179537,317.31413078618453,58
25976,Riley Greene,DET,OF/DH,629.43,0.500210804283189,314.84768653996764,59
15986,Willy Adames,SFG,SS,649.386,0.4843107178439611,314.50459981781853,60
30116,Seiya Suzuki,CHC,OF/DH,605.004,0.5196276532044927,314.37680869933087,61
24064,Ezequiel Tovar,COL,SS,629.642,0.4971027214322272,312.99675172803046,62
29995,Daylen Lile,WSN,OF,541.869,0.5766320802944818,312.4590487170906,63
26319,Michael Busch,CHC,1B,583.621,0.5351649133450916,312.3334818913757,64
16556,Ozzie Albies,ATL,2B,592.258,0.5272944145398393,312.29433536653613,65
26668,Elly De La Cruz,CIN,SS,636.565,0.4892149320175773,311.41710319976914,66
27467,Tyler Soderstrom,ATH,OF/1B,584.968,0.5309598804909481,310.59453937102893,67
18568,Luis Arraez,SFG,1B/DH,608.422,0.5085017975997221,309.38368069921813,68
14162,Carlos Correa,HOU,SS/3B,550.427,0.5602602656741997,308.38237725425273,69
22515,Heliot Ramos,SFG,OF,613.516,0.5022922589553004,308.16433754522006,70
12161,Xander Bogaerts,SDP,SS,566.971,0.5423414184055221,307.49185633479726,71
17548,Taylor Ward,BAL,OF,628.437,0.48853752554704954,307.0150569422112,72
12927,Brandon Nimmo,TEX,OF,624.009,0.4906676286418436,306.1810162811682,73
20391,Luis Garcia Jr.,WSN,2B,504.981,0.606129316734376,306.0837884938419,74
31370,Jakob Marsee,MIA,OF,571.478,0.5330268319689764,304.61310787996666,75
25768,CJ Abrams,WSN,SS,610.312,0.4988727376282834,304.4680182473929,76
33333,Wyatt Langford,TEX,OF,613.447,0.49594134912216853,304.23373279494695,77
31812,Roman Anthony,BOS,OF,598.872,0.5079688233420641,304.2083051725086,78
10324,Marcell Ozuna,ATL,DH,592.0,0.5108811046047872,302.441613926034,79
25816,Shea Langeliers,ATH,C,526.016,0.5745709485287577,302.233512061303,80
21837,Jonathan Aranda,TBR,1B,564.569,0.5348326059896759,301.9499095309853,81
19608,Otto Lopez,MIA,SS/2B,556.459,0.5422024601684245,301.7134387828613,82
20599,Ivan Herrera,STL,DH,535.855,0.5629600569596067,301.66496132209005,83
27479,Masyn Winn,STL,SS,610.953,0.4931648172018485,301.30052456392093,84
20220,Jo Adell,LAA,OF,558.755,0.5380053358510882,300.6131714334748,85
18314,Dansby Swanson,CHC,SS,628.149,0.47782330322895794,300.1442300999667,86
26151,Kyle Stowers,MIA,OF,576.132,0.5207362627087153,300.0128245068975,87
19326,Bryan Reynolds,PIT,OF/DH,632.717,0.4734062802940241,299.532201448794,88
20352,Ernie Clement,TOR,3B/2B/SS,555.349,0.5389774777735626,299.3206033040703,89
21618,Alec Bohm,PHI,3B,565.446,0.5286995873892593,298.9510668909071,90
16252,Trea Turner,PHI,SS,624.522,0.4784413866249074,298.7971716577605,91
15362,Jeff McNeil,ATH,2B/OF,535.158,0.5583154641403859,298.78698715844064,92
21534,Cal Raleigh,SEA,C/DH,626.146,0.4744435913954813,297.07095697791505,93
31539,Drake Baldwin,ATL,C,516.621,0.57472822067599,296.91666809385066,94
25931,Michael Harris II,ATL,OF,567.321,0.5196486435016232,294.8075880799844,95
11477,Christian Yelich,MIL,DH,576.994,0.5104851250873259,294.5468542646365,96
26546,Agustin Ramirez,MIA,C/DH,501.856,0.5832748203656117,292.7199682494044,97
11609,Willson Contreras,BOS,1B,561.926,0.520568160291084,292.5207840397277,98
27465,Spencer Torkelson,DET,1B,615.772,0.47466757365927087,292.2870011673166,99
29518,James Wood,WSN,OF/DH,630.72,0.4627009163767498,291.83472197714366,100
23003,Yainer Diaz,HOU,C/DH,529.397,0.5487318375900113,290.49698862463924,101
20178,Miguel Vargas,CHW,3B/1B,576.05,0.504177617491659,290.43151655607016,102
9218,Paul Goldschmidt,NYY,1B,534.0,0.540715611111857,288.7421363337316,103
9777,Nolan Arenado,ARI,3B,551.353,0.5231564935934151,288.44390221221016,104
24816,Andy Pages,LAD,OF,582.41,0.49517606757469823,288.39549351617995,105
5417,Jose Altuve,HOU,2B/OF/DH,594.905,0.4841707093706919,288.03557585817146,106
29646,Caleb Durbin,BOS,3B,538.684,0.5336679758440965,287.4783998996013,107
22266,Xavier Edwards,MIA,2B/SS,578.213,0.49592513323244,286.7503590617288,108
26288,Adley Rutschman,BAL,C,564.1,0.5065116946049746,285.72324692666615,109
20454,Jazz Chisholm Jr.,NYY,2B/3B,589.395,0.48459995400928735,285.62078989330394,110
13145,Josh Bell,MIN,1B,542.767,0.5257872475596881,285.37996699622926,111
13152,Jorge Polanco,NYM,2B/DH,507.418,0.5615594977117587,284.9453972099052,112
15491,J.P. Crawford,SEA,SS,597.065,0.4769352992352707,284.76137443790697,113
26294,Bryson Stott,PHI,2B,573.606,0.49402972950462826,283.3784170222318,114
12533,Marcus Semien,NYM,2B,580.546,0.48560990133001203,281.9188857775332,115
29715,Hunter Goodman,COL,C/DH,558.386,0.5042709479562991,281.57783754552605,116
25961,Kerry Carpenter,DET,OF/DH,479.519,0.5827186101009033,279.42464519697506,117
22581,Alejandro Kirk,TOR,C,483.865,0.5769053964984834,279.14432967673866,118
29622,Sal Frelick,MIL,OF,546.978,0.5096655117607919,278.7758222918944,119
sa3063134,Kazuma Okamoto,TOR,3B,516.096,0.539498917775051,278.4332334680327,120
33266,Jacob Wilson,ATH,SS,565.066,0.49115527251288904,277.53514521776816,121
35110,Nick Kurtz,ATH,1B,576.766,0.47959015679879896,276.61129637621605,122
26197,Andrew Vaughn,MIL,1B,533.226,0.518225114997052,276.3311051694181,123
18882,Brandon Lowe,PIT,2B,533.93,0.5083253075685873,271.4101314700958,124
sa3063258,Munetaka Murakami,CHW,3B,557.021,0.4871783733527675,271.36858470333186,125
13066,Teoscar Hernandez,LAD,OF,553.731,0.489780632134531,271.20671921248595,126
19901,Gavin Sheets,SDP,LF,483.267,0.5609706877073564,271.098621336271,127
33321,Luke Keaschall,MIN,2B,533.907,0.5066534361916104,270.5058161567542,128
18036,Jake Cronenworth,SDP,2B,579.657,0.4646187020670132,269.3194829840587,129
16442,Ryan O'Hearn,PIT,1B/OF/DH,509.049,0.5286309925366869,269.0990781198079,130
22275,Jake Burger,TEX,1B,530.123,0.5067534032127914,268.6416343713746,131
29794,Kyle Manzardo,CLE,1B,549.094,0.4890432318004937,268.5307043222603,132
24598,Addison Barger,TOR,3B/OF,473.107,0.5667452637320999,268.1311514885026,133
19522,TJ Friedl,CIN,OF,577.163,0.46397367718376487,267.7884394444133,134
24262,Ceddanne Rafaela,BOS,OF/2B,557.581,0.47830579435917914,266.69422312458545,135
19197,Will Smith,LAD,C,500.839,0.530216953944904,265.5533289968118,136
19287,Adolis Garcia,PHI,OF,547.392,0.4847771428785271,265.3631297945627,137
17128,Ramon Laureano,SDP,RF,511.191,0.5183304121083043,264.9658416960562,138
25493,Joey Ortiz,MIL,SS,540.833,0.48810003305243577,263.980605175848,139
31580,Chase Meidroth,CHW,SS,530.264,0.4947800893939587,262.3640693223981,140
21454,Lars Nootbaar,STL,LF,527.285,0.49693643328560744,262.0271272250015,141
29712,Colson Montgomery,CHW,SS,549.487,0.47654145735146136,261.8533357756824,142
13419,Christian Walker,HOU,1B,574.734,0.45491536227792856,261.455325823443,143
23772,Wilyer Abreu,BOS,OF,504.716,0.5175906869488708,261.2363011540863,144
18564,Trent Grisham,NYY,OF,526.393,0.4940907231445341,260.08589802822075,145
22542,Lawrence Butler,ATH,OF,555.678,0.46626031014214847,259.09059661916876,146
19950,Andres Gimenez,TOR,2B,558.159,0.46209560678134537,257.92282178546895,147
21523,Jonathan India,KCR,2B/3B/OF/DH,524.719,0.4914588664083863,257.87780492294206,148
22664,Gabriel Moreno,ARI,C,440.63,0.5850907587854464,257.80854104363124,149
31505,Sal Stewart,CIN,3B,479.13,0.5377538469393857,257.65400068406785,150
21711,Oneil Cruz,PIT,OF,528.34,0.487370453200013,257.4973052436949,151
10155,Mike Trout,LAA,OF/DH,510.886,0.503423154362491,257.1918416396356,152
14161,Byron Buxton,MIN,OF,519.734,0.49388698628110594,256.68985892782433,153
19956,Mickey Moniak,COL,RF,478.554,0.5344243757858993,255.75092272984523,154
33541,Dylan Crews,WSN,OF,559.897,0.45650248686492456,255.5943728882107,155
25479,Brenton Doyle,COL,OF,563.211,0.45236869019517995,254.7790223735175,156
17901,Andrew Benintendi,CHW,OF/DH,493.732,0.5140816052690508,253.818539132699,157
20036,Isaac Paredes,HOU,3B,489.415,0.5181938016869461,253.61181945261671,158
27899,Colt Keith,DET,2B/3B/DH,475.223,0.5310307928899083,252.3580464895209,159
35041,Jac Caglianone,KCR,RF,512.393,0.49015276818650344,251.15084734938708,160
20043,Luis Robert Jr.,NYM,OF,516.531,0.4828481238901674,249.40602428111202,161
26517,Noelvi Marte,CIN,OF/3B,517.041,0.48219265123714694,249.31337058830573,162
19918,Daulton Varsho,TOR,OF,543.164,0.4571683232356737,248.31737512198146,163
12552,Eugenio Suarez,CIN,3B,598.36,0.41470011261994755,248.13995938727183,164
26299,Josh Jung,TEX,3B,517.759,0.47885352932587805,247.9307244902373,165
31781,Jackson Holliday,BAL,2B,550.268,0.4490534933351492,247.0997676705459,166
12564,Trevor Story,BOS,SS,575.548,0.4290596544278423,246.94442598663576,167
20437,Royce Lewis,MIN,3B,486.412,0.5073876748803354,246.7994537138937,168
26466,Matt Wallner,MIN,RF,479.933,0.513145397581924,246.27541009768552,169
31595,Brooks Lee,MIN,3B,547.645,0.44728619282296206,244.95404706853105,170
24618,Ryan Jeffers,MIN,C,504.142,0.47667953804901203,240.31417567110503,171
17338,Willi Castro,COL,LF,524.618,0.4516218964983305,236.92897609716118,172
26477,Spencer Horwitz,PIT,1B,477.487,0.495143947545057,236.42479808144662,173
22857,Wenceel Perez,DET,RF,463.329,0.5086498505323211,235.67222659728984,174
13301,Max Muncy,LAD,3B,459.018,0.5114932743679658,234.7846198138349,175
22896,Lenyn Sosa,CHW,2B,416.865,0.552241928001204,230.2103313162219,176
18577,Ke'Bryan Hayes,CIN,3B,503.689,0.45619741708674993,229.781620815008,177
26123,Brett Baty,NYM,3B,452.53,0.5074837193917802,229.65160753636226,178
20202,Brandon Marsh,PHI,CF,466.266,0.4889758864895613,227.9928306899418,179
26438,Dominic Canzone,SEA,RF,409.545,0.5544763181612895,227.08300372136532,180
26396,Josh Smith,TEX,SS,490.641,0.46134107700234217,226.35284736150618,181
32127,Chase DeLauter,CLE,Unknown,462.684,0.48810003305243577,225.8360756928332,182
14854,Mike Yastrzemski,ATL,RF,441.995,0.5070054830042335,224.0938884604562,183
19913,Jesus Sanchez,TOR,Unknown,439.917,0.508657591520028,223.76712168871614,184
21501,Trevor Larnach,MIN,RF,443.704,0.5025288400016177,222.9740564240778,185
19470,Tommy Edman,LAD,2B/OF,462.234,0.48052730596369186,222.11605874482115,186
27464,Dillon Dingler,DET,C,416.06,0.5314204627550558,221.10279773386853,187
33549,Kyle Teel,CHW,C,462.804,0.4731079000799919,218.95622858862058,188
11739,J.T. Realmuto,PHI,C,469.0,0.4667538429033236,218.90755232165878,189
31912,Chandler Simpson,TBR,OF,453.572,0.48204294847332946,218.641184224945,190
31431,Jordan Beck,COL,LF,524.115,0.4167321982030753,218.4155960612048,191
27647,Anthony Volpe,NYY,SS,451.885,0.48225518496894687,217.92388425969256,192
25807,Jared Triolo,PIT,SS,507.388,0.42878595262022096,217.56084692806866,193
29695,Matt McLain,CIN,2B,534.656,0.4028177824375712,215.36894428694205,194
17929,Cedric Mullins,TBR,OF,450.021,0.4784140576057836,215.29637261781235,195
18123,Nathan Lukes,TOR,RF,419.37,0.5126974718046377,215.0099387507109,196
26121,Francisco Alvarez,NYM,C,437.92,0.49058219198977615,214.83575351616278,197
22184,Mark Vientos,NYM,3B,450.43,0.4767524920819539,214.7436250084745,198
19953,Josh Lowe,LAA,RF,471.234,0.4545075356022911,214.17940403201004,199
15878,Miguel Andujar,SDP,LF,424.62,0.4999136712564053,212.27334308889482,200
27475,Jordan Walker,STL,RF,507.672,0.4151997973212815,210.78531150568963,201
23690,Brayan Rocchio,CLE,SS,471.779,0.4461434353943597,210.48110380691563,202
19363,Austin Hays,CHW,LF,451.605,0.462453327056016,208.84623476513212,203
sa3025154,JJ Wetherholt,STL,Unknown,429.281,0.4839767218832425,207.76201114676022,204
29591,Colton Cowser,BAL,LF,514.622,0.4018415768856524,206.7965159800482,205
20308,Jake Meyers,HOU,CF,446.483,0.4630160169973969,206.72878031704877,206
29993,Brady House,WSN,3B,488.264,0.42221776081586476,206.1537327669974,207
27478,Patrick Bailey,SFG,C,487.569,0.421615828183503,205.56680773160238,208
24729,Logan O'Hoppe,LAA,C,450.266,0.455541728475975,205.11495191396338,209
23800,Parker Meadows,DET,CF,467.826,0.4360356823340107,203.9888291235909,210
31349,Victor Scott II,STL,CF,507.659,0.40114061326453465,203.6426425892604,211
14221,Jorge Soler,LAA,RF,479.986,0.4238562696855533,203.44507546128997,212
15112,Ryan McMahon,NYY,3B,481.768,0.41626696419280695,200.54410280524021,213
19392,Zach McKinstry,DET,3B,425.678,0.4686674046363072,199.50140347077397,214
27790,Evan Carter,TEX,CF,416.029,0.47847592271387673,199.05985965073143,215
23792,Alek Thomas,ARI,CF,439.015,0.45220079391974866,198.52293154267846,216
19955,Gavin Lux,TBR,LF,444.548,0.4433133723213784,197.07407303872412,217
26323,Spencer Steer,CIN,SP,437.757,0.44829484355615,196.24420583060956,218
18030,Harrison Bader,SFG,LF,485.059,0.403565288236533,195.75297514672445,219
11899,Joc Pederson,TEX,1B,402.05,0.4837827343957931,194.50484836382861,220
22263,Nolan Gorman,STL,2B,494.939,0.3918942136930494,193.9637302310242,221
27562,Austin Wells,NYY,C,447.672,0.43238958831820923,193.56871178158937,222
16930,Jonah Heim,TEX,C,433.0,0.44427950023030016,192.37302359971997,223
34979,Christian Moore,LAA,2B,441.27,0.434601951490488,191.77680313420765,224
31695,Dylan Beavers,BAL,RF,407.942,0.4657307630388101,189.99113893557828,225
28022,Edgar Quero,CHW,C,428.373,0.4430152765917201,189.7757830794249,226
28824,Samuel Basallo,BAL,C,425.353,0.44439570284917856,189.02504539400667,227
25477,Isaac Collins,KCR,LF,399.859,0.46961781858464735,187.7809113214385,228
21865,Bo Naylor,CLE,C,449.241,0.41653247887807254,187.12346734366417,229
27490,Nick Gonzales,PIT,2B,400.479,0.46433569651813983,185.95669540588813,230
29592,Connor Norby,MIA,3B,436.33,0.4223850186423578,184.29925518421996,231
19858,Luis Rengifo,MIL,3B,397.955,0.46246400871706755,184.03986458900062,232
21614,Kyle Isbel,KCR,CF,442.137,0.41048012488567837,181.48845097657917,233
31680,Cole Young,SEA,2B,375.348,0.4820568168719891,180.93906209926737,234
31394,Brooks Baldwin,CHW,LF,386.86,0.46354727026616366,179.32789697516807,235
19892,Pavin Smith,ARI,1B,402.662,0.44300804869694366,178.38250690440873,236
21840,Freddy Fermin,SDP,C,429.167,0.41478861511419163,178.01358558271227,237
22532,Tyler Freeman,COL,RF,333.853,0.533122457209493,177.9845317067609,238
14968,Victor Caratini,MIN,C,364.925,0.48557811777136484,177.19959462771533,239
13620,Carson Kelly,CHC,C,370.236,0.47318247723293444,175.18918764081272,240
19722,Carlos Narvaez,BOS,C,415.426,0.41911156691795215,174.10984179845718,241
29478,Carter Jensen,KCR,C,384.714,0.4522299777799761,173.97920367164573,242
16939,Lane Thomas,KCR,CF,387.995,0.44604743999208396,173.06417647972862,243
24878,Heriberto Hernandez,MIA,LF,344.312,0.5009405182061589,172.479831704599,244
28820,Moisés Ballesteros,CHC,C,348.759,0.49135260854496227,171.3636444035325,245
21622,Jake McCarthy,COL,CF,357.129,0.4794409988674898,171.22228448454777,246
22563,Gabriel Arias,CLE,SS,435.997,0.39197292351677426,170.89901873454303,247
15711,Tyler O'Neill,BAL,RF,360.768,0.47102375680122394,169.93029869366396,248
17988,Tyler Stephenson,CIN,C,425.234,0.39812833343384746,169.2977037394087,249
19610,Keibert Ruiz,WSN,C,330.232,0.5111258305363928,168.7901052696941,250
35108,Cam Smith,HOU,RF,405.975,0.4136903424460688,167.9479367745428,251
27462,Austin Martin,MIN,CF,333.387,0.5025460797111742,167.5423298766692,252
16472,Rhys Hoskins,MIL,1B,402.173,0.4158613302219236,167.24819875934168,253
33704,C.J. Kayfus,CLE,1B,398.487,0.4170418885522513,166.185771043521,254
16530,Mauricio Dubon,ATL,2B,345.273,0.48021105196405034,165.80391054478358,255
16376,Michael Conforto,LAD,LF,320.695,0.5107860787104402,163.80654151204462,256
17232,Yoan Moncada,LAA,3B,358.318,0.45620007777825927,163.4646994693503,257
19260,Jake Fraley,TBR,RF,359.754,0.45352797015616503,163.158501375561,258
2967,Tommy Pham,PIT,LF,338.193,0.4821994562872278,163.07648072014644,259
23565,Davis Schneider,TOR,LF,369.269,0.4362722078717629,161.101801928598,260
27684,Michael Massey,KCR,2B,317.799,0.5032701857113699,159.93876174888766,261
27506,Ha-seong Kim,ATL,SS,309.134,0.5142741342548062,158.97962021872524,262
sa3065496,Konnor Griffin,PIT,Unknown,360.252,0.4412253665080492,158.95232073525776,263
4949,Giancarlo Stanton,NYY,DH,400.898,0.39579325909475066,158.67272598456736,264
18363,Victor Robles,SEA,RF,357.602,0.43979136236195887,157.2702707633612,265
27496,Owen Caissie,MIA,RF,402.217,0.3908516194211214,157.20716580870518,266
33390,Bryce Eldridge,SFG,1B,405.057,0.38721448619551196,156.8439381348955,267
2396,Carlos Santana,ARI,1B,338.85,0.4627259233901119,156.79467914073945,268
19566,Nathaniel Lowe,CIN,1B,346.649,0.44742379903221435,155.09901251071807,269
17982,Ty France,- - -,1B,315.634,0.48630756926811164,153.49520331837115,270
15274,Mike Tauchman,CHW,RF,318.08,0.4804280070973417,152.81454049752244,271
29931,Jacob Young,WSN,CF,325.127,0.46985632382624476,152.76297699665548,272
29668,Marcelo Mayer,BOS,3B,403.342,0.37411623668639876,150.89679113756543,273
26548,Luisangel Acuna,CHW,2B,351.897,0.42471313497674346,149.4552780589111,274
29844,Liam Hicks,MIA,C,315.841,0.472298377546665,149.17119186271623,275
27534,Edouard Julien,COL,2B,359.372,0.4136529689591417,148.65529476078467,276
20572,Kody Clemens,MIN,2B,285.306,0.5207534232467961,148.5740761728504,277
22541,George Valera,CLE,RF,358.07,0.4127932607540147,147.80888287819005,278
21562,Romy Gonzalez,BOS,1B,302.934,0.4867301870425279,147.44712248154116,279
27577,Casey Schmitt,SFG,3B,287.401,0.5129100468046751,147.41086036171043,280
19238,Lourdes Gurriel Jr.,ARI,LF,284.065,0.5159879885357015,146.57412796339403,281
sa3022895,Kevin McGonigle,DET,Unknown,275.025,0.5321339607680539,146.350142560234,282
26202,Jake Mangum,PIT,LF,316.016,0.45359435184637964,143.3430726930855,283
11737,Nick Castellanos,SDP,RF,301.555,0.4744588020805185,143.07542406139075,284
15194,Jake Bauers,MIL,1B,314.08,0.454907390039367,142.87731306356437,285
9847,Andrew McCutchen,PIT,RF,314.743,0.45290683923493896,142.5492573013224,286
22217,Luis Campusano,SDP,C,298.264,0.4753234329515375,141.7718684058574,287
12979,Javier Baez,DET,CF,319.071,0.4435181323055296,141.51377399285764,288
13590,Jesse Winker,,LF,292.34,0.4818858237897025,140.87450172668161,289
15679,Rowdy Tellez,- - -,1B,304.038,0.4602431967635081,139.9314210575835,290
23401,Jose Caballero,NYY,SS,352.065,0.397294943001749,139.87364410791076,291
21538,Nick Fortes,TBR,C,308.164,0.453755703959444,139.8311727549581,292
31363,Graham Pauley,MIA,3B,318.177,0.4321503155658505,137.5002909557956,293
sa3020240,Justin Crawford,PHI,Unknown,299.385,0.45889312152299727,137.38571718716253,294
13675,Tyrone Taylor,NYM,CF,293.618,0.4668185440756741,137.06632727441126,295
10243,Randal Grichuk,- - -,RF,237.486,0.5762675517486612,136.85547579458253,296
15518,Amed Rosario,NYY,3B,254.909,0.5295169063412226,134.97862507853472,297
27555,Garrett Mitchell,MIL,CF,338.364,0.3961854142302478,134.05488150060356,298
26031,Vaughn Grissom,LAA,Unknown,321.055,0.4169100934451492,133.85107005103237,299
16535,Danny Jansen,TEX,C,329.801,0.4051458294824031,133.617499709126,300
21693,Miguel Amaya,CHC,C,284.558,0.4684417216778865,133.29883943721603,301
33322,Matt Shaw,CHC,3B,270.068,0.4882886663928818,131.8711435553928,302
27883,Thomas Saggese,STL,2B,330.123,0.3961509124912091,130.77852768433542,303
29858,Denzel Clarke,ATH,CF,375.946,0.3461576238058506,130.1365740393143,304
26368,JJ Bleday,CIN,CF,323.991,0.3987270199208506,129.1839659111763,305
26365,Jonny DeLuca,TBR,CF,278.642,0.4631750559515987,129.06002394046536,306
22458,Taylor Walls,TBR,SS,328.475,0.39279693396835613,129.0239728852558,307
30038,Carson Williams,TBR,SS,368.966,0.3493459073960612,128.89676206829512,308
19352,Sean Murphy,ATL,C,331.632,0.38841085854378343,128.809469840592,309
21558,Matt Vierling,DET,CF,246.731,0.5219276198499929,128.7757235732086,310
sa3012529,Sung-Mun Song,SDP,Unknown,275.864,0.46674389473108496,128.757837776096,311
25979,Nasim Nuñez,WSN,SS,313.833,0.4091773129868805,128.41334366661167,312
26540,Angel Martinez,CLE,CF,274.982,0.46655487945855073,128.2941938632712,313
11489,Michael A. Taylor,CHW,RF,325.0,0.3942261782108028,128.1235079185109,314
21524,Joey Bart,PIT,C,323.642,0.39403932960837834,127.52767671311479,315
28253,Javier Sanoja,MIA,2B,239.751,0.5275507446355753,126.48081857712381,316
21797,Andrés Chaparro,WSN,1B,283.74,0.4430091328811601,125.69941136370038,317
5517,Kyle Higashioka,TEX,C,265.467,0.47303787556286936,125.57594571204824,318
26143,Troy Johnston,COL,OF,240.149,0.5227351635462978,125.53432679047987,319
16426,Thairo Estrada,COL,2B,283.559,0.44142549891610194,125.17017304715097,320
21897,Christopher Morel,MIA,LF,325.24,0.38120635565309036,123.98355511261111,321
14813,Kyle Farmer,COL,2B,300.0,0.4127924553864549,123.83773661593648,322
16725,Jose Trevino,CIN,C,267.061,0.4632280689363326,123.71015131820592,323
23789,Blaze Alexander,BAL,SS,307.634,0.4000345781749439,123.06423742227071,324
21626,Griffin Conine,MIA,LF,346.656,0.3538567908464233,122.66657968765772,325
15223,Adam Frazier,- - -,2B,285.662,0.42856970875039224,122.42608014105454,326
29779,Max Muncy,ATH,3B,338.639,0.36145887051969455,122.40407045391885,327
29976,Jordan Lawlar,ARI,SS,295.137,0.4122311963735359,121.66467860409627,328
21853,Will Benson,CIN,LF,244.245,0.49442010880690423,120.75963947554233,329
25782,Pedro Pages,STL,C,328.817,0.3668720593261384,120.63376993144286,330
21746,José Fermín,STL,2B,227.65,0.5215753608690339,118.73663090183557,331
23733,Ezequiel Duran,TEX,SS,288.055,0.41142839607667925,118.51400663186784,332
9241,Starling Marte,NYM,LF,253.125,0.46023499288151165,116.49698257313264,333
13770,Rob Refsnyder,SEA,RF,234.137,0.492903035907093,115.40683811817904,334
15905,Luis Torrens,NYM,C,223.25,0.5160104389500486,115.19933049559835,335
31583,Zach Cole,HOU,CF,338.934,0.33610256667120997,113.91658733213988,336
11850,Tyler Austin,CHC,Unknown,235.903,0.4822022427213138,113.75295566468608,337
31837,Masataka Yoshida,BOS,LF,208.151,0.5464180373011643,113.73746088227466,338
15653,Dominic Smith,SFG,1B,259.871,0.43758209599366027,113.71489686796848,339
22054,Dane Myers,CIN,CF,232.512,0.4816501367642621,111.98943659933211,340
29958,Harry Ford,WSN,C,278.012,0.40276897215997526,111.97460748813904,341
23691,Jose Tena,WSN,3B,241.167,0.46191413519742563,111.39844624315755,342
28080,Jasson Dominguez,NYY,OF,243.185,0.4522538554837985,109.98135384582754,343
sa3025452,Carson Benge,NYM,Unknown,258.719,0.4236394153093537,109.60356588942066,344
5827,Wilmer Flores,SFG,1B,240.783,0.45500408682852983,109.55724903883389,345
19354,Luke Raley,SEA,RF,268.275,0.39931924446528677,107.1273703089248,346
17027,Alex Verdugo,ATL,LF,205.536,0.5197534303553085,106.8280410615087,347
18795,Ramon Urias,- - -,Unknown,228.471,0.46730868933573944,106.76648356122573,348
7802,Miguel Rojas,LAD,2B,210.851,0.49874388261806096,105.16064639390078,349
10472,Enrique Hernandez,LAD,1B,255.22,0.40611563712946763,103.64883290818273,350
31855,Colby Thomas,ATH,RF,265.445,0.3871379496652317,102.76383304888742,351
28142,Jhostynxon Garcia,PIT,CF,272.986,0.37461452433840187,102.26452054104297,352
17022,Edmundo Sosa,PHI,2B,221.977,0.4570917853002605,101.46386322559593,353
29617,Henry Davis,PIT,C,269.351,0.37522354257973894,101.06683641739527,354
sa3022923,Colt Emerson,SEA,Unknown,253.973,0.3872958252807824,98.36268263403615,355
22823,Oswald Peraza,LAA,3B,251.346,0.38333470913634715,96.3496458025843,356
33197,Ben Williamson,TBR,3B,221.953,0.4294279621965205,95.31282449340432,357
31545,Drew Gilbert,SFG,CF,221.983,0.4281523591980097,95.04254515185178,358
18054,Sam Haggerty,TEX,CF,216.297,0.43634481463631597,94.38007437139123,359
16512,Isiah Kiner-Falefa,BOS,SS,212.864,0.4425512986608968,94.20323963815314,360
19921,Blake Perkins,MIL,CF,228.262,0.4115775165100773,93.94750707362326,361
25180,Daniel Schneemann,CLE,2B,220.984,0.42352264756832314,93.59172875023833,362
22842,Alexander Canario,PIT,LF,234.0,0.39899357871201474,93.36449741861145,363
27482,Robert Hassell III,WSN,CF,254.037,0.3671753838390082,93.27613298431014,364
5235,Justin Turner,CHC,1B,203.783,0.4564943613715331,93.02579044337513,365
31357,Nathan Church,STL,LF,192.339,0.47846038147384057,92.02659131229701,366
25629,Cody Freeman,TEX,3B,199.966,0.4554035363282987,91.06522354542459,367
18819,Andy Ibanez,ATH,Unknown,185.961,0.48836224852027443,90.81633209707876,368
7739,Travis d'Arnaud,LAA,C,228.019,0.39642683759570313,90.39285108173463,369
23372,Hunter Feduccia,TBR,C,255.949,0.3507632547518294,89.77750429047599,370
31792,Otto Kemp,PHI,1B,214.024,0.4176430343033145,89.38563277373258,371
26224,Darell Hernaiz,ATH,3B,180.562,0.49471125004155253,89.32605273000281,372
18872,Jahmai Jones,DET,RF,141.049,0.6252118535149546,88.18550672643083,373
19997,Santiago Espinal,CIN,3B,193.569,0.45240322501021873,87.57123986200303,374
25714,Blaine Crim,COL,1B,186.697,0.46209560678134537,86.27186349925684,375
19896,Connor Wong,BOS,C,220.869,0.38967026796123316,86.06608241432961,376
24934,David Fry,CLE,1B,232.382,0.3699555519524945,85.97101107382458,377
18848,Yohel Pozo,STL,C,167.392,0.5090750820908686,85.21509614135468,378
19296,Alex Call,LAD,RF,175.045,0.4866715559869177,85.18942251773,379
12859,James McCann,ARI,C,192.098,0.4415727696906736,84.82524591203902,380
27531,David Hamilton,MIL,2B,196.881,0.4285417257535527,84.37172350808521,381
29704,Braxton Fulford,COL,C,210.32,0.40083573944335954,84.30377271972738,382
10681,Gio Urshela,ATH,3B,197.0,0.42437287492960907,83.60145636113299,383
33252,Kyle Karros,COL,3B,224.784,0.3707190449578619,83.33170980180803,384
17620,Myles Straw,TOR,CF,169.422,0.4906824979639663,83.1324101700511,385
29554,Adrian Del Castillo,ARI,C,247.211,0.33600821824856303,83.06492764144552,386
29606,Justyn-Henry Malloy,TBR,RF,207.387,0.3998212689181701,82.91773349713255,387
18373,Ryan Mountcastle,BAL,1B,176.505,0.46740602444386453,82.49950034446431,388
10231,Jose Iglesias,SDP,2B,184.308,0.4474088547750258,82.46103120587544,389
29524,Bryce Teodosio,LAA,CF,211.03,0.38769554614238716,81.81539110242797,390
24770,James Outman,MIN,CF,226.574,0.36071575516377363,81.72881151047685,391
13757,Chris Taylor,LAA,CF,214.981,0.37938578864129247,81.5607362278937,392
9774,Christian Vazquez,MIN,C,190.576,0.4223007021734275,80.48037861740312,393
22514,Triston Casas,BOS,1B,194.338,0.4127964822242536,80.22204276249698,394
21707,Oswaldo Cabrera,NYY,3B,188.134,0.4250259835011143,79.96183837999864,395
12144,Max Kepler,PHI,LF,157.621,0.5032535993542954,79.3233355838234,396
sa3016926,Abimelec Ortiz,WSN,Unknown,189.849,0.4164528244724929,79.06315227327829,397
24589,Richie Palacios,TBR,LF,172.742,0.4513483980958713,77.96682498387699,398
26467,Luis Matos,SFG,RF,151.112,0.5134103129018974,77.58245920323152,399
31500,Ryan Ritter,COL,SS,209.163,0.3699396339910418,77.37768366446828,400
22239,Jeremiah Jackson,BAL,2B,197.327,0.3901692915717557,76.99093579797984,401
23695,Everson Pereira,CHW,CF,218.964,0.3513772374476814,76.93896542049411,402
12037,Jon Berti,CHC,3B,175.249,0.43868564805737464,76.87922113640684,403
15161,Mitch Garver,SEA,C,207.237,0.3647415206679599,75.58793851866601,404
sa3017374,Joe Mack,MIA,Unknown,208.705,0.3614217147518985,75.43051897729498,405
31396,Tyler Locklear,ARI,1B,222.611,0.3372576653220324,75.07726613500294,406
22530,Johnathan Rodríguez,CLE,RF,190.779,0.3913143309570012,74.65455674564573,407
19452,Jake Rogers,DET,C,190.514,0.3908276916728213,74.45814685135588,408
16622,Luis Urias,ATH,2B,159.546,0.4656985997420623,74.30034879444706,409
31564,Alan Roden,MIN,LF,184.943,0.39134666822970987,72.37682686240724,410
14551,Anthony Santander,TOR,OF/DH,168.331,0.42782454339021103,72.0161332134176,411
16153,Austin Slater,- - -,LF,160.0,0.44283021611026585,70.85283457764254,412
18126,LaMonte Wade Jr.,CHW,1B,153.746,0.4524647108269461,69.56463943079966,413
31382,Dalton Rushing,LAD,C,199.276,0.3444002266717231,68.6306995702343,414
21009,Leo Rivas,SEA,2B,148.314,0.45799854061732104,67.92759555311734,415
29788,Brett Harris,ATH,3B,165.524,0.4085623040774189,67.62686682011069,416
27630,Nick Loftin,KCR,LF,134.654,0.5021335819426223,67.61429534290185,417
24605,Michael Helman,TEX,CF,149.696,0.4409807602315403,66.01305588362065,418
20084,J.C. Escarra,NYY,C,150.137,0.4389620766335207,65.9044492995269,419
sa3025257,Charlie Condon,COL,Unknown,168.989,0.38523598537750153,65.1006439329586,420
21646,Rafael Marchan,PHI,C,159.303,0.4078323514978869,64.96891709066787,421
27962,Adael Amador,COL,2B,158.773,0.40589420624832734,64.44504080866568,422
29571,Tim Tawa,ARI,2B,161.698,0.3962002006898358,64.06478005114508,423
13897,Tyler Heineman,TOR,C,147.642,0.4312075172969815,63.66434026876094,424
35322,Hyeseong Kim,LAD,2B,166.198,0.3754971686152713,62.406878429520866,425
sa3025261,Ryan Waldschmidt,ARI,Unknown,139.055,0.44480958374182855,61.85299666721997,426
23395,Eric Wagaman,MIN,1B,118.612,0.5202068435995119,61.7027741330253,427
sa3025129,Travis Bazzana,CLE,Unknown,179.438,0.34270096746632545,61.4935762002225,428
23698,Ronny Mauricio,NYM,3B,153.509,0.3998883909321872,61.38646700360912,429
29766,Zack Gelof,ATH,2B,159.477,0.36987598993056003,58.98671324615592,430
15271,Austin Wynns,ATH,C,153.118,0.3731341562287107,57.13355573342773,431
26284,John Rave,KCR,RF,133.768,0.42689784467179775,57.10527088605704,432
25643,Drew Millas,WSN,C,126.759,0.44794605892629347,56.781194483438036,433
19818,Joshua Palacios,CHW,RF,145.0,0.3845543487215521,55.76038056462505,434
29634,Will Wagner,SDP,3B,121.702,0.45125723196171824,54.918907644205035,435
11445,Mark Canha,TEX,LF,143.488,0.3824996008240635,54.88410272304322,436
13185,Orlando Arcia,MIN,SS,148.487,0.3659112857382811,54.33306908542014,437
6887,Martin Maldonado,SDP,C,161.0,0.3371691001636757,54.284225126351785,438
20529,Nolan Jones,CLE,RF,132.222,0.41028054886759546,54.248114732371214,439
22277,Nick Allen,HOU,SS,152.711,0.3551960906671544,54.24235020187182,440
9874,DJ LeMahieu,NYY,2B,123.313,0.4314575861606949,53.204329322233775,441
27915,Alejandro Osuna,TEX,LF,102.489,0.5173562498884787,53.023324694820296,442
33644,Kristian Campbell,BOS,2B,137.049,0.38564535399013505,52.85231011899402,443
16947,Derek Hill,CHW,CF,128.235,0.4116355962842118,52.786090689505905,444
13324,Ildemaro Vargas,ARI,2B,98.241,0.5361586083230443,52.6727578402642,445
11680,Elias Diaz,SDP,C,135.487,0.3738101160252219,50.64641118990924,446
26536,Warming Bernabel,WSN,3B,107.675,0.4691371103802606,50.514338360194564,447
13723,Jacob Stallings,- - -,C,129.0,0.3899534922065561,50.30400049464574,448
19346,Eli White,ATL,RF,108.515,0.45387535511359833,49.25228416015212,449
15674,Reese McGuire,MIL,C,125.222,0.3872472875656321,48.49187984354358,450
12976,Austin Hedges,CLE,C,141.867,0.3366372077328759,47.7577107494399,451
19599,Chas McCormick,CHC,LF,112.833,0.4122016564254875,46.50994949945703,452
27653,Christian Koss,SFG,2B,106.766,0.4281848302346145,45.715581584828854,453
24336,Johan Rojas,PHI,CF,104.399,0.43540758922799866,45.45611690781383,454
11442,Gary Sanchez,BAL,C,101.0,0.44822727579233607,45.27095485502594,455
15464,Hunter Renfroe,KCR,RF,108.0,0.4170401058457089,45.04033143133656,456
12005,Nick Martini,COL,RF,111.0,0.40160920494646823,44.57862174905797,457
23986,Curtis Mead,CHW,1B,98.99,0.44485557050767854,44.0362529245551,458
19458,Cooper Hummel,- - -,LF,105.0,0.40336317712638187,42.3531335982701,459
22244,Jack Suwinski,PIT,RF,99.862,0.41545287864545694,41.48795536729262,460
25483,Nick Sogard,BOS,1B,91.979,0.4508637649988685,41.469998240830925,461
29630,Joey Loperfido,HOU,LF,98.683,0.41489071626961566,40.94266055363448,462
18042,Dylan Moore,PHI,2B,103.254,0.38990865387092155,40.25962814678814,463
19455,Andruw Monasterio,BOS,SS,92.924,0.4249978369634285,39.492499001989636,464
31562,Zach Dezenzo,HOU,LF,87.165,0.4333897255989341,37.77641543183109,465
29575,Trey Sweeney,DET,SS,91.52,0.39019025413565606,35.71021205849524,466
20126,Dylan Carlson,CHC,LF,83.008,0.4251507012447032,35.29090940892032,467
26208,Tyler Fitzgerald,SFG,2B,92.974,0.37893143231990334,35.23077098851069,468
30011,Christian Encarnacion-Strand,CIN,1B,79.863,0.4304393010655443,34.376173900997564,469
19864,Riley Adams,WSN,C,98.953,0.33760318985013255,33.406848445240165,470
19734,Josh Rojas,KCR,3B,77.089,0.40932691339373845,31.554602426609904,471
24488,Max Schuemann,NYY,3B,77.196,0.4085623040774189,31.539375625560428,472
31765,Nacho Alvarez Jr.,ATL,SS,71.255,0.42894352441101924,30.564370831907173,473
18015,Paul DeJong,NYY,3B,79.87,0.38099060932925705,30.429719967127763,474
26420,Kyren Paris,LAA,2B,77.298,0.38399870585235907,29.682331964975653,475
17907,Brendan Rodgers,BOS,2B,79.232,0.3590412786671074,28.44755859135225,476
18900,Leody Taveras,BAL,OF,66.994,0.4169100934451492,27.930474800264324,477
25845,Michael Toglia,CIN,1B,71.068,0.3898278838893337,27.70428805224717,478
28312,Coby Mayo,BAL,1B,68.864,0.38496307296907917,26.51009705694267,479
21496,Brandon Lockridge,MIL,LF,65.422,0.3946236459845898,25.817068167603836,480
26374,Kameron Misner,KCR,CF,62.265,0.38730439075992656,24.115507890666827,481
20017,Miles Mastrobuoni,SEA,3B,47.012,0.498536020418816,23.43717539192938,482
20505,Drew Waters,KCR,LF,56.482,0.3813637799706538,21.540189020302467,483
19844,Abraham Toro,KCR,1B,41.846,0.5031320827399154,21.054065134334497,484
19960,Taylor Trammell,HOU,LF,51.043,0.391306246638824,19.973444747185493,485
15730,Tyler Wade,TEX,2B,49.988,0.3805085296387248,19.020860379580576,486
28552,Yanquiel Fernandez,NYY,RF,51.752,0.3525174910256922,18.24348519556162,487
24759,Mickey Gasper,BOS,2B,35.535,0.4776328851716546,16.972684574574743,488
21716,Enmanuel Valdez,PIT,1B,29.062,0.5584570181437474,16.229877861293588,489
17276,Alex Jackson,MIN,C,51.985,0.3089054045554062,16.058447455812793,490
27845,Matt Mervis,WSN,1B,41.849,0.3471119917618804,14.526289743242932,491
26599,Jonatan Clase,TOR,LF,35.355,0.40586430292755116,14.34933243000357,492
31166,Heston Kjerstad,BAL,LF,34.756,0.4128083796013392,14.347568041424145,493
19358,Weston Wilson,BAL,LF,30.248,0.46787298620874607,14.152222086842151,494
20287,Ben Rortvedt,NYM,C,32.958,0.39938818492156564,13.163035798644959,495
24641,Willie MacIver,TEX,C,32.565,0.40004173432777373,13.02735907838395,496
24257,Jhonkensy Noel,BAL,RF,29.684,0.40915091291508204,12.145235698971296,497
8623,Donovan Solano,- - -,1B,31.169,0.37664021792202235,11.739498952411514,498
24703,Jonah Bride,TEX,3B,28.383,0.39333058082025374,11.163901875421262,499
17696,Kevin Newman,KCR,3B,25.101,0.42133016473988755,10.575808465135918,500
17040,Jose Herrera,TEX,RP,26.8,0.3799616801562364,10.182973028187135,501
19890,Emmanuel Rivera,BAL,3B,15.227,0.4361532055804333,6.641304861373258,502
25040,Vinny Capra,BOS,3B,13.225,0.3987368991685404,5.273295491503946,503
19318,Matt Thaiss,BOS,C,13.234,0.39356247420115437,5.208405783578077,504
