IDfg,Name,Team,Age_2025,PA_2025,Fpoints_PA_2025,Predicted_Fpoints_PA
20123,Juan Soto,NYM,26,715,0.7776223776223776,0.7715656563356859
15640,Aaron Judge,NYY,33,679,0.882179675994109,0.7676305055405538
19755,Shohei Ohtani,LAD,30,727,0.7840440165061898,0.7095562165158401
13510,Jose Ramirez,CLE,32,673,0.7756315007429421,0.7077569149209977
25764,Bobby Witt Jr.,KCR,25,687,0.6710334788937409,0.6741757089819377
19556,Yordan Alvarez,HOU,28,199,0.5577889447236181,0.6697350392287913
18345,Kyle Tucker,CHC,28,597,0.7035175879396985,0.6629843996658228
13613,Ketel Marte,ARI,31,556,0.7050359712230215,0.6343655660890647
13624,Corey Seager,TEX,31,445,0.6067415730337079,0.6318469940712692
19611,Vladimir Guerrero Jr.,TOR,26,680,0.6588235294117647,0.6276873956625667
13611,Mookie Betts,LAD,32,663,0.6289592760180995,0.610972805708841
12856,George Springer,TOR,35,586,0.7593856655290102,0.6082027295426764
18401,Ronald Acuna Jr.,ATL,27,412,0.6529126213592233,0.6059636680512017
27615,Alec Burleson,STL,26,546,0.5787545787545788,0.6048237126487019
27676,Vinnie Pasquantino,KCR,27,682,0.6202346041055719,0.6006991711120767
18839,Josh Naylor,- - -,28,604,0.6937086092715232,0.595724161584993
19709,Fernando Tatis Jr.,SDP,26,691,0.6353111432706223,0.5942458456688817
22715,Maikel Garcia,KCR,25,666,0.6351351351351351,0.5918811430910982
26289,Gunnar Henderson,BAL,24,651,0.554531490015361,0.5896134936899
12916,Francisco Lindor,NYM,31,732,0.639344262295082,0.5892567155677942
29576,Ben Rice,NYY,26,530,0.6132075471698113,0.5868379316223791
21479,Nico Hoerner,CHC,28,649,0.6240369799691834,0.5822445399054974
25878,Corbin Carroll,ARI,24,642,0.6884735202492211,0.5780792568052815
20391,Luis Garcia Jr.,WSN,25,526,0.5532319391634981,0.5778812764862444
10243,Randal Grichuk,- - -,33,293,0.4334470989761092,0.5754553958172255
16578,Yandy Diaz,TBR,33,651,0.631336405529954,0.5744311741294813
33824,Jung Hoo Lee,SFG,26,617,0.5542949756888168,0.5729820942396165
22664,Gabriel Moreno,ARI,25,309,0.5889967637540453,0.5726619396832924
24679,Brendan Donovan,STL,28,515,0.5553398058252427,0.5715974879159461
20599,Ivan Herrera,STL,25,452,0.5907079646017699,0.5706313079536232
22799,Geraldo Perdomo,ARI,25,720,0.7111111111111111,0.5693910761345394
22581,Alejandro Kirk,TOR,26,506,0.5948616600790514,0.567553536822476
17678,Alex Bregman,BOS,31,495,0.6222222222222222,0.5673833794996692
29490,Jackson Merrill,SDP,22,483,0.5238095238095238,0.5611447197840204
5361,Freddie Freeman,LAD,35,627,0.6188197767145136,0.5607353012974695
25816,Shea Langeliers,ATH,27,523,0.655831739961759,0.5544496418289225
22532,Tyler Freeman,COL,26,428,0.5093457943925234,0.5538280551012089
10815,Jurickson Profar,ATL,32,371,0.633423180592992,0.5534967818899141
15998,Cody Bellinger,NYY,29,656,0.6844512195121951,0.551586877202711
20220,Jo Adell,LAA,26,573,0.5287958115183246,0.5501600133884782
20503,William Contreras,MIL,27,659,0.5477996965098634,0.5488267094057606
11493,Manny Machado,SDP,32,678,0.6002949852507374,0.5479151862154066
19612,Bo Bichette,TOR,27,628,0.6464968152866242,0.547176121799403
19608,Otto Lopez,MIA,26,594,0.5387205387205387,0.5445585604082783
16478,Kyle Schwarber,PHI,32,724,0.6961325966850829,0.5437618885689938
19627,Brent Rooker,ATH,30,699,0.5679542203147353,0.5430145587958557
19251,Pete Alonso,NYM,30,709,0.6205923836389281,0.5428016133162983
7304,Salvador Perez,KCR,35,641,0.5039001560062403,0.5426847513025893
19197,Will Smith,LAD,30,436,0.6467889908256881,0.5425427333199664
21618,Alec Bohm,PHI,28,504,0.498015873015873,0.5420327476386729
23697,Julio Rodriguez,SEA,24,710,0.6084507042253521,0.5401605673670276
33189,Nolan Schanuel,LAA,23,564,0.5319148936170213,0.5398955768391298
21837,Jonathan Aranda,TBR,27,422,0.5450236966824644,0.5381957020726896
21534,Cal Raleigh,SEA,28,705,0.7219858156028369,0.5379172031543717
23003,Yainer Diaz,HOU,26,567,0.4902998236331569,0.5362213981217763
11579,Bryce Harper,PHI,32,580,0.6068965517241379,0.5360339930448423
18568,Luis Arraez,SDP,28,675,0.5837037037037037,0.5356755997286489
28163,Junior Caminero,TBR,21,653,0.6860643185298622,0.5352075162221062
14161,Byron Buxton,MIN,31,542,0.6752767527675276,0.5338867137212973
14162,Carlos Correa,- - -,30,584,0.4503424657534247,0.5333940547002208
20352,Ernie Clement,TOR,29,588,0.5476190476190477,0.5333922617863966
25961,Kerry Carpenter,DET,27,464,0.5517241379310345,0.5324664911680032
27684,Michael Massey,KCR,27,277,0.3249097472924188,0.530986138221781
26288,Adley Rutschman,BAL,27,365,0.4575342465753425,0.5301955465583952
16442,Ryan O'Hearn,- - -,31,544,0.53125,0.5300943996973644
13152,Jorge Polanco,SEA,31,524,0.6507633587786259,0.5299220214361489
16556,Ozzie Albies,ATL,28,667,0.5142428785607196,0.5298087035994179
13145,Josh Bell,WSN,32,533,0.5272045028142589,0.5289111985424539
31837,Masataka Yoshida,BOS,31,205,0.5073170731707317,0.5276447723471861
26438,Dominic Canzone,SEA,27,268,0.5335820895522388,0.5258663007666775
19901,Gavin Sheets,SDP,29,545,0.5100917431192661,0.5244206850305827
16997,Gleyber Torres,DET,28,628,0.552547770700637,0.5225054832206735
24610,Steven Kwan,CLE,27,693,0.5584415584415584,0.5216136728902334
15362,Jeff McNeil,NYM,33,462,0.5562770562770563,0.5209325590954141
26197,Andrew Vaughn,- - -,27,447,0.4876957494407158,0.5197912538259941
17350,Rafael Devers,- - -,28,729,0.5761316872427984,0.5197706137871541
9218,Paul Goldschmidt,NYY,37,534,0.4850187265917603,0.5171793792335996
27899,Colt Keith,DET,23,468,0.4871794871794871,0.5168635613704858
13301,Max Muncy,LAD,34,388,0.6365979381443299,0.5168009151335473
33266,Jacob Wilson,ATH,23,523,0.638623326959847,0.5157658124216818
19956,Mickey Moniak,COL,27,461,0.5986984815618221,0.515293747457989
12533,Marcus Semien,TEX,34,534,0.4925093632958801,0.5136771865519428
20036,Isaac Paredes,HOU,26,438,0.5776255707762558,0.5135562830209499
21454,Lars Nootbaar,STL,27,583,0.4271012006861063,0.5132528753102861
25931,Michael Harris II,ATL,24,641,0.4664586583463339,0.5125907555312866
17901,Andrew Benintendi,CHW,30,470,0.5531914893617021,0.5125528054167733
14344,Matt Olson,ATL,31,724,0.5676795580110497,0.5124645345335391
10324,Marcell Ozuna,ATL,34,592,0.4628378378378378,0.5119727062251743
12161,Xander Bogaerts,SDP,32,552,0.5108695652173914,0.5114595743204354
27815,Jordan Westburg,BAL,26,352,0.5340909090909091,0.5112115490868093
22186,Brice Turang,MIL,25,659,0.5644916540212443,0.5108829557057775
16505,Matt Chapman,SFG,32,535,0.5345794392523364,0.5105801014960469
22896,Lenyn Sosa,CHW,25,544,0.4595588235294117,0.5104812863036442
23772,Wilyer Abreu,BOS,26,417,0.580335731414868,0.5101269717258795
20178,Miguel Vargas,CHW,25,569,0.5342706502636204,0.5100512873128771
21636,Jeremy Pena,HOU,27,543,0.6022099447513812,0.5098939736208513
28806,Jackson Chourio,MIL,21,589,0.5942275042444821,0.509563321611566
15518,Amed Rosario,- - -,29,191,0.518324607329843,0.5088785951346739
9777,Nolan Arenado,STL,34,436,0.5344036697247706,0.508858067509749
13324,Ildemaro Vargas,ARI,33,121,0.512396694214876,0.5076925260435405
10155,Mike Trout,LAA,33,556,0.4460431654676259,0.5075558857041799
27769,Pete Crow-Armstrong,CHC,23,647,0.5857805255023184,0.5073876313919238
11477,Christian Yelich,MIL,33,644,0.5636645962732919,0.507284396495324
24598,Addison Barger,TOR,25,502,0.5239043824701195,0.5065225138529736
19610,Keibert Ruiz,WSN,26,267,0.4007490636704119,0.5058840201510906
19238,Lourdes Gurriel Jr.,ARI,31,546,0.5604395604395604,0.5058042807105958
21558,Matt Vierling,DET,28,100,0.29,0.5051021129967923
16252,Trea Turner,PHI,32,639,0.6322378716744914,0.5049080893147279
26294,Bryson Stott,PHI,27,560,0.5607142857142857,0.502231200193865
17919,Ian Happ,CHC,30,663,0.5233785822021116,0.5018618991550793
26319,Michael Busch,CHC,27,592,0.6131756756756757,0.5015758079130211
21711,Oneil Cruz,PIT,26,544,0.4209558823529412,0.501542752926312
16622,Luis Urias,ATH,28,330,0.4151515151515151,0.5014280766232889
33333,Wyatt Langford,TEX,23,573,0.5078534031413613,0.501409361892523
15905,Luis Torrens,NYM,29,283,0.3639575971731448,0.5006260546453105
20308,Jake Meyers,HOU,29,381,0.4855643044619422,0.5003468431247667
22515,Heliot Ramos,SFG,25,695,0.4345323741007194,0.49931987820302715
16530,Mauricio Dubon,HOU,30,398,0.4824120603015075,0.49879482749945225
27462,Austin Martin,MIN,26,181,0.4861878453038674,0.4982206204480224
30116,Seiya Suzuki,CHC,30,651,0.5576036866359447,0.49797790574407746
17027,Alex Verdugo,ATL,29,213,0.3474178403755869,0.49777235737071934
12144,Max Kepler,PHI,32,474,0.4873417721518987,0.49773433715259274
19913,Jesus Sanchez,- - -,27,497,0.4668008048289738,0.497123623467492
11609,Willson Contreras,STL,33,563,0.4902309058614564,0.49563716389066187
29715,Hunter Goodman,COL,25,579,0.5647668393782384,0.49463794774075864
18360,Austin Riley,ATL,28,447,0.4183445190156599,0.49440309084084566
24816,Andy Pages,LAD,24,624,0.5384615384615384,0.4937902654089501
14854,Mike Yastrzemski,- - -,34,558,0.496415770609319,0.49298541512001515
27467,Tyler Soderstrom,ATH,23,624,0.5705128205128205,0.4926960647154224
17548,Taylor Ward,LAA,31,663,0.555052790346908,0.4924548674184872
26668,Elly De La Cruz,CIN,23,699,0.5550786838340487,0.49234092368244553
27630,Nick Loftin,KCR,26,188,0.4521276595744681,0.4922463356377717
22857,Wenceel Perez,DET,25,383,0.4960835509138381,0.4920933626029671
17128,Ramon Laureano,- - -,30,488,0.6086065573770492,0.49140143818993776
18819,Andy Ibanez,DET,32,193,0.5025906735751295,0.49126808686846096
22275,Jake Burger,TEX,29,376,0.4388297872340425,0.49098630000804633
24617,Jarren Duran,BOS,28,696,0.5158045977011494,0.4902564017793757
20572,Kody Clemens,- - -,29,386,0.4922279792746113,0.4902418012668462
26467,Luis Matos,SFG,23,184,0.592391304347826,0.4899779597204505
20437,Royce Lewis,MIN,26,403,0.4739454094292804,0.4885463678274119
21716,Enmanuel Valdez,PIT,26,102,0.4607843137254901,0.48844565379561844
29622,Sal Frelick,MIL,25,594,0.5707070707070707,0.488244252180211
27465,Spencer Torkelson,DET,25,649,0.4961479198767334,0.48787910071518725
29518,James Wood,WSN,22,689,0.4992743105950653,0.4877904269874903
21523,Jonathan India,KCR,28,567,0.4021164021164021,0.4864670241359492
27479,Masyn Winn,STL,23,537,0.4506517690875233,0.4843408612528701
18564,Trent Grisham,NYY,28,581,0.5817555938037866,0.4841086251134243
15878,Miguel Andujar,- - -,30,341,0.5865102639296188,0.4840880674857615
12927,Brandon Nimmo,NYM,32,652,0.5383435582822086,0.4840871545617438
27577,Casey Schmitt,SFG,26,348,0.4109195402298851,0.48407717472649336
27506,Ha-seong Kim,- - -,29,191,0.4083769633507853,0.48311401372275253
16376,Michael Conforto,LAD,32,486,0.3395061728395062,0.4825404277556739
7802,Miguel Rojas,LAD,36,317,0.5047318611987381,0.48202634945215445
21853,Will Benson,CIN,27,253,0.4861660079051383,0.4816389679931805
31595,Brooks Lee,MIN,24,527,0.4478178368121442,0.4812154227959608
18882,Brandon Lowe,TBR,30,553,0.5352622061482821,0.4803383887657612
5417,Jose Altuve,HOU,35,654,0.5703363914373089,0.4801560171908123
26224,Darell Hernaiz,ATH,23,197,0.416243654822335,0.47975635565322705
19470,Tommy Edman,LAD,30,377,0.506631299734748,0.4787094420668553
19844,Abraham Toro,BOS,28,284,0.4577464788732394,0.4783525266707985
26121,Francisco Alvarez,NYM,23,277,0.4620938628158845,0.4772819563004516
15986,Willy Adames,SFG,29,686,0.5,0.4771087850619145
20017,Miles Mastrobuoni,SEA,29,175,0.4057142857142857,0.4768786907308472
26123,Brett Baty,NYM,25,432,0.4791666666666667,0.4766971558659343
19997,Santiago Espinal,CIN,30,328,0.3384146341463415,0.4762826707403265
26477,Spencer Horwitz,PIT,27,411,0.5717761557177615,0.4760238359056422
19950,Andres Gimenez,TOR,26,369,0.4010840108401084,0.4758709166686875
25768,CJ Abrams,WSN,24,635,0.5448818897637795,0.4758595159760104
14968,Victor Caratini,HOU,31,386,0.4637305699481865,0.47575687568726827
22266,Xavier Edwards,MIA,25,619,0.4911147011308562,0.4754595499018539
24618,Ryan Jeffers,MIN,28,464,0.4633620689655172,0.47509233541853035
33541,Dylan Crews,WSN,23,322,0.4285714285714285,0.4740005495332574
15679,Rowdy Tellez,- - -,30,312,0.4679487179487179,0.47358898924374365
20202,Brandon Marsh,PHI,27,425,0.4823529411764706,0.4732025306976563
26517,Noelvi Marte,CIN,23,360,0.525,0.47263472312452093
20454,Jazz Chisholm Jr.,NYY,27,531,0.5988700564971752,0.4725039222021866
15711,Tyler O'Neill,BAL,30,209,0.4497607655502392,0.4723251395204842
19290,Randy Arozarena,SEA,30,709,0.4739069111424541,0.47129634071092835
11899,Joc Pederson,TEX,33,306,0.3660130718954248,0.47031618926427066
15491,J.P. Crawford,SEA,30,654,0.45565749235474,0.4702175932890975
13770,Rob Refsnyder,BOS,34,209,0.5741626794258373,0.47011824548935804
31347,Zach Neto,LAA,24,554,0.5270758122743683,0.46939085553740206
25493,Joey Ortiz,MIL,26,506,0.4407114624505929,0.4684026386078087
27790,Evan Carter,TEX,22,220,0.5636363636363636,0.4683154698330296
31394,Brooks Baldwin,CHW,24,328,0.4024390243902439,0.4672741328971617
19918,Daulton Varsho,TOR,28,271,0.6494464944649446,0.4668172038423737
27490,Nick Gonzales,PIT,26,408,0.3799019607843137,0.4665202104681046
19522,TJ Friedl,CIN,29,685,0.4846715328467153,0.46602461083483787
24262,Ceddanne Rafaela,BOS,24,587,0.5178875638841567,0.46594526652145485
15274,Mike Tauchman,CHW,34,385,0.4597402597402597,0.4655799449473146
19326,Bryan Reynolds,PIT,30,654,0.4036697247706422,0.464339221753951
26299,Josh Jung,TEX,27,511,0.3992172211350293,0.46390038591577354
19296,Alex Call,- - -,30,322,0.5,0.4638970147849988
13066,Teoscar Hernandez,LAD,32,546,0.5183150183150184,0.4638818454274297
23792,Alek Thomas,ARI,25,469,0.3304904051172708,0.4632893299936837
11739,J.T. Realmuto,PHI,34,550,0.3927272727272727,0.4631459332482218
25976,Riley Greene,DET,24,655,0.516030534351145,0.4628613033361785
18314,Dansby Swanson,CHC,31,645,0.4744186046511628,0.4627806147514525
29931,Jacob Young,WSN,25,364,0.3708791208791209,0.46178147899382715
24064,Ezequiel Tovar,COL,23,390,0.382051282051282,0.4616568020124047
26151,Kyle Stowers,MIA,27,457,0.6105032822757112,0.46076211937317846
29794,Kyle Manzardo,CLE,24,531,0.4632768361581921,0.4603819461564904
17982,Ty France,- - -,30,490,0.4122448979591837,0.4598644894769716
21693,Miguel Amaya,CHC,26,103,0.6699029126213593,0.45966850116655933
21562,Romy Gonzalez,BOS,28,341,0.5718475073313783,0.45956910451462507
15194,Jake Bauers,MIL,29,218,0.5045871559633027,0.4588957176943786
13620,Carson Kelly,CHC,30,421,0.5296912114014252,0.45843598057286444
19892,Pavin Smith,ARI,29,288,0.4201388888888889,0.45796035184319417
26466,Matt Wallner,MIN,27,392,0.4566326530612244,0.456200425166659
13675,Tyrone Taylor,NYM,31,341,0.3284457478005865,0.4561410658848096
16725,Jose Trevino,CIN,32,302,0.4205298013245033,0.45570071074237073
26396,Josh Smith,TEX,27,563,0.4493783303730018,0.45541243426881045
11737,Nick Castellanos,PHI,33,589,0.4516129032258064,0.45348481903119686
11442,Gary Sanchez,BAL,32,101,0.5148514851485149,0.4533735017736927
5235,Justin Turner,CHC,40,191,0.3507853403141361,0.4529466967385447
5517,Kyle Higashioka,TEX,35,327,0.4678899082568807,0.452939145051349
27562,Austin Wells,NYY,25,448,0.4776785714285714,0.4528660591889581
21622,Jake McCarthy,ARI,27,222,0.3828828828828828,0.45234719857427763
9847,Andrew McCutchen,PIT,38,551,0.4228675136116152,0.4520845612448349
16512,Isiah Kiner-Falefa,- - -,30,459,0.4008714596949891,0.4508997528592855
9774,Christian Vazquez,MIN,34,214,0.2990654205607476,0.45068223685650366
31781,Jackson Holliday,BAL,21,649,0.4283513097072419,0.4505320305155957
2967,Tommy Pham,PIT,37,449,0.4498886414253897,0.4502856863952544
25479,Brenton Doyle,COL,27,538,0.395910780669145,0.45011450412222237
27647,Anthony Volpe,NYY,24,596,0.4345637583892617,0.44977110250148555
21501,Trevor Larnach,MIN,28,567,0.4585537918871252,0.4486391959913374
15653,Dominic Smith,SFG,30,225,0.5288888888888889,0.4485779994091564
2396,Carlos Santana,- - -,39,474,0.4345991561181435,0.448222932231647
19287,Adolis Garcia,TEX,32,547,0.4369287020109689,0.44810904030611737
17022,Edmundo Sosa,PHI,29,261,0.5287356321839081,0.4474681189321971
22184,Mark Vientos,NYM,25,463,0.4233261339092872,0.4471204041561249
19953,Josh Lowe,TBR,27,435,0.4206896551724138,0.4470218894613247
17929,Cedric Mullins,- - -,30,498,0.4799196787148594,0.44635160315734124
4949,Giancarlo Stanton,NYY,35,281,0.6512455516014235,0.4461765125474973
18373,Ryan Mountcastle,BAL,28,357,0.3109243697478991,0.44485542528654365
19363,Austin Hays,CIN,29,416,0.5408653846153846,0.44450871096788286
19858,Luis Rengifo,LAA,28,541,0.3789279112754159,0.443717748647733
18795,Ramon Urias,- - -,31,391,0.3938618925831202,0.44363920915271216
24729,Logan O'Hoppe,LAA,25,451,0.270509977827051,0.4425464750814995
24336,Johan Rojas,PHI,24,172,0.4069767441860465,0.44225721959572056
26540,Angel Martinez,CLE,23,484,0.3760330578512397,0.44001252695955656
17620,Myles Straw,TOR,30,299,0.5418060200668896,0.43960642738704175
29592,Connor Norby,MIA,25,337,0.3946587537091988,0.438823226271367
27531,David Hamilton,BOS,27,194,0.4793814432989691,0.4357346555259916
16426,Thairo Estrada,COL,29,165,0.4424242424242424,0.4350481727076279
5827,Wilmer Flores,SFG,33,463,0.4773218142548596,0.43495830898996096
18577,Ke'Bryan Hayes,- - -,28,570,0.3456140350877193,0.4349339186919882
14551,Anthony Santander,TOR,30,221,0.248868778280543,0.4345065912949181
23565,Davis Schneider,TOR,26,227,0.5506607929515418,0.432688293346706
30011,Christian Encarnacion-Strand,CIN,25,137,0.3795620437956204,0.43206435876281285
26323,Spencer Steer,CIN,27,568,0.4911971830985915,0.43184070093559285
20043,Luis Robert Jr.,CHW,27,431,0.4756380510440835,0.4317308521301064
18036,Jake Cronenworth,SDP,31,515,0.4718446601941747,0.43162205472114623
22054,Dane Myers,MIA,29,333,0.3723723723723723,0.43043109437526605
14221,Jorge Soler,LAA,33,315,0.3396825396825397,0.4303600799659747
17232,Yoan Moncada,LAA,30,289,0.4913494809688581,0.4294480573162637
18054,Sam Haggerty,TEX,31,182,0.521978021978022,0.4288418271748779
16930,Jonah Heim,TEX,30,433,0.3672055427251732,0.42820812961122845
17338,Willi Castro,- - -,28,454,0.3898678414096916,0.4280838153920623
29591,Colton Cowser,BAL,25,360,0.3194444444444444,0.42732470992151095
24488,Max Schuemann,ATH,28,213,0.3615023474178404,0.42667138962973444
19566,Nathaniel Lowe,- - -,29,609,0.4236453201970443,0.42612296326800236
13419,Christian Walker,HOU,34,640,0.4234375,0.42602038710288576
25807,Jared Triolo,PIT,27,376,0.4228723404255319,0.4259605419914871
19734,Josh Rojas,CHW,31,211,0.2322274881516587,0.4256919362200351
12859,James McCann,ARI,35,137,0.4598540145985401,0.4251704601933982
10472,Enrique Hernandez,LAD,33,256,0.390625,0.42315433750425596
18126,LaMonte Wade Jr.,- - -,31,242,0.2479338842975206,0.4231100281472567
12005,Nick Martini,COL,35,111,0.3063063063063063,0.4228099556032485
23690,Brayan Rocchio,CLE,24,383,0.3864229765013054,0.42224173757497374
22542,Lawrence Butler,ATH,24,630,0.4412698412698412,0.42182364780528253
10231,Jose Iglesias,SDP,35,343,0.3731778425655976,0.42178430975383036
23986,Curtis Mead,- - -,24,264,0.2992424242424242,0.4217413249009929
22514,Triston Casas,BOS,25,112,0.2678571428571428,0.42155414181022766
23800,Parker Meadows,DET,25,213,0.3286384976525822,0.4212442894562467
23691,Jose Tena,WSN,24,169,0.4142011834319526,0.41985297524739434
16153,Austin Slater,- - -,32,160,0.31875,0.4183649379812156
21840,Freddy Fermin,- - -,30,347,0.3487031700288184,0.4182742690162183
20529,Nolan Jones,CLE,27,403,0.2729528535980149,0.4177159660514141
9874,DJ LeMahieu,NYY,36,142,0.3309859154929577,0.4168673351525115
9241,Starling Marte,NYM,36,329,0.4620060790273556,0.4166672595379681
17696,Kevin Newman,LAA,31,116,0.293103448275862,0.41592641159732335
21538,Nick Fortes,- - -,28,242,0.3471074380165289,0.41485612543019157
12037,Jon Berti,CHC,35,107,0.2897196261682243,0.4142586908175469
15223,Adam Frazier,- - -,33,459,0.420479302832244,0.41414819542977244
31431,Jordan Beck,COL,24,588,0.3860544217687074,0.41380123867477947
29695,Matt McLain,CIN,25,577,0.3535528596187175,0.4130516229255107
15112,Ryan McMahon,- - -,30,586,0.3293515358361775,0.41304430975169365
12552,Eugenio Suarez,- - -,33,657,0.5662100456621004,0.41233220706678236
16472,Rhys Hoskins,MIL,32,328,0.4207317073170731,0.41221250657468156
23698,Ronny Mauricio,NYM,24,184,0.3043478260869565,0.4116016260334725
19392,Zach McKinstry,DET,30,511,0.5264187866927593,0.4113604968547799
18900,Leody Taveras,- - -,26,180,0.2555555555555555,0.41072368032137546
18030,Harrison Bader,- - -,31,501,0.4590818363273453,0.4100654037642048
21865,Bo Naylor,CLE,25,414,0.4251207729468599,0.40985431445386156
12979,Javier Baez,DET,32,437,0.4210526315789473,0.4091896312634006
19260,Jake Fraley,- - -,30,217,0.4930875576036866,0.4085939335510674
13897,Tyler Heineman,TOR,34,174,0.5172413793103449,0.4085634794550233
19455,Andruw Monasterio,MIL,28,135,0.4962962962962963,0.4084295051013281
21614,Kyle Isbel,KCR,28,409,0.3863080684596577,0.40758095605656147
19955,Gavin Lux,CIN,27,503,0.4214711729622266,0.4056512680209307
26368,JJ Bleday,ATH,27,344,0.4563953488372093,0.40231877540006744
15464,Hunter Renfroe,KCR,33,108,0.1851851851851851,0.4022241699630338
31166,Heston Kjerstad,BAL,26,167,0.2874251497005988,0.4020592453938934
27478,Patrick Bailey,SFG,26,452,0.2942477876106195,0.4019076301940596
16939,Lane Thomas,CLE,29,142,0.204225352112676,0.4017259840522084
21707,Oswaldo Cabrera,NYY,26,122,0.3852459016393442,0.4010549552613965
14813,Kyle Farmer,COL,34,300,0.3566666666666667,0.4009288410636522
19921,Blake Perkins,MIL,28,171,0.4269005847953216,0.3992615664578082
26208,Tyler Fitzgerald,SFG,27,243,0.2469135802469135,0.3991260439736252
19458,Cooper Hummel,- - -,30,105,0.238095238095238,0.3987820143014526
10681,Gio Urshela,ATH,33,197,0.3147208121827411,0.3976219421603894
23401,Jose Caballero,- - -,28,370,0.527027027027027,0.39742034760824735
19346,Eli White,ATL,31,271,0.4907749077490775,0.3964645214485145
18363,Victor Robles,SEA,28,114,0.3421052631578947,0.39519534357082475
23733,Ezequiel Duran,TEX,26,219,0.2465753424657534,0.3940598341241984
22823,Oswald Peraza,- - -,25,265,0.1924528301886792,0.3939745774673951
19890,Emmanuel Rivera,BAL,29,127,0.2755905511811024,0.39334662049726055
20505,Drew Waters,KCR,26,219,0.2557077625570776,0.3922253604971725
19599,Chas McCormick,HOU,30,116,0.2327586206896551,0.3919936425948549
31349,Victor Scott II,STL,24,463,0.3758099352051836,0.3905259870650996
29617,Henry Davis,PIT,25,283,0.215547703180212,0.3903832979751364
20126,Dylan Carlson,BAL,26,241,0.3319502074688796,0.3901500536903609
21897,Christopher Morel,TBR,26,305,0.3377049180327869,0.3899628352365069
22244,Jack Suwinski,PIT,26,178,0.2078651685393258,0.3897693873761692
22263,Nolan Gorman,STL,25,402,0.3383084577114428,0.38929925901515516
29575,Trey Sweeney,DET,25,326,0.2791411042944785,0.3890031347976726
12564,Trevor Story,BOS,32,654,0.5198776758409785,0.3884042331029169
24257,Jhonkensy Noel,CLE,23,153,0.1830065359477124,0.3859123398289912
21524,Joey Bart,PIT,28,332,0.2891566265060241,0.38445591162488524
19818,Joshua Palacios,CHW,29,145,0.2413793103448276,0.38373718480581614
17988,Tyler Stephenson,CIN,28,342,0.4005847953216374,0.38289295521241934
16947,Derek Hill,- - -,29,149,0.2818791946308724,0.3826391357100611
25180,Daniel Schneemann,CLE,28,422,0.3625592417061611,0.380340699836008
25782,Pedro Pages,STL,26,389,0.3239074550128534,0.37902550673582575
29630,Joey Loperfido,TOR,26,104,0.5,0.3787281416085794
27534,Edouard Julien,MIN,26,208,0.2163461538461538,0.3778789445733557
20287,Ben Rortvedt,- - -,27,128,0.234375,0.3765670283157752
18042,Dylan Moore,- - -,32,243,0.3868312757201646,0.3735051699378929
19896,Connor Wong,BOS,29,188,0.2074468085106383,0.37252270879450955
19960,Taylor Trammell,HOU,27,135,0.3333333333333333,0.37120757473118005
16535,Danny Jansen,- - -,30,337,0.43026706231454,0.3710309871296467
22563,Gabriel Arias,CLE,25,471,0.2717622080679405,0.37067380794113236
24703,Jonah Bride,- - -,29,125,0.04,0.370509947104086
11445,Mark Canha,KCR,36,125,0.224,0.3704614180137018
27475,Jordan Walker,STL,23,396,0.2651515151515151,0.36972395236643985
19352,Sean Murphy,ATL,30,337,0.3798219584569733,0.36885717437541193
19452,Jake Rogers,DET,30,142,0.352112676056338,0.36407088867081855
25845,Michael Toglia,COL,26,337,0.1810089020771513,0.36184126224268875
22458,Taylor Walls,TBR,28,317,0.4227129337539432,0.36177472389781684
19318,Matt Thaiss,- - -,30,190,0.3210526315789473,0.36111224199994124
29606,Justyn-Henry Malloy,DET,25,127,0.4094488188976378,0.3596577282501823
13757,Chris Taylor,- - -,34,125,0.208,0.358717223436167
17040,Jose Herrera,ARI,28,204,0.2794117647058823,0.35783086364496314
8623,Donovan Solano,- - -,37,179,0.3072625698324022,0.35772821511965264
24934,David Fry,CLE,29,157,0.2802547770700637,0.35731267704123404
18015,Paul DeJong,WSN,31,208,0.2788461538461538,0.3573004222633312
19864,Riley Adams,WSN,29,286,0.1503496503496503,0.3568071953251215
15674,Reese McGuire,CHC,30,140,0.55,0.35598092815432375
15161,Mitch Garver,SEA,34,290,0.3413793103448276,0.35441379704994913
23789,Blaze Alexander,ARI,26,266,0.3270676691729323,0.35274023971193985
15730,Tyler Wade,SDP,30,127,0.2677165354330709,0.3500164116396629
11680,Elias Diaz,SDP,34,283,0.3392226148409894,0.34600492918797454
19354,Luke Raley,SEA,30,219,0.2557077625570776,0.3456678430829986
11489,Michael A. Taylor,CHW,34,325,0.2984615384615384,0.3449885292577692
13723,Jacob Stallings,- - -,35,129,0.0,0.3422859601111073
29766,Zack Gelof,ATH,25,101,0.0594059405940594,0.34214759182537224
17907,Brendan Rodgers,HOU,28,128,0.15625,0.3415789053973836
22277,Nick Allen,ATL,26,416,0.2091346153846154,0.3354891371370693
15271,Austin Wynns,- - -,34,110,0.5727272727272728,0.3337777009092443
7739,Travis d'Arnaud,LAA,36,231,0.2121212121212121,0.3326854559978598
24770,James Outman,- - -,28,148,0.1554054054054054,0.327482521230778
13185,Orlando Arcia,- - -,30,214,0.2242990654205607,0.3257288424382054
17276,Alex Jackson,BAL,29,100,0.36,0.29003109633494284
12976,Austin Hedges,CLE,32,180,0.2333333333333333,0.2768662204014347
6887,Martin Maldonado,SDP,38,161,0.1366459627329192,0.2548813436698661
