IDfg,Name,Team,Age_2025,PA_2025,Fpoints_PA_2025,Predicted_Fpoints_PA
20123,Juan Soto,NYM,26,715,0.7776223776223776,0.7598947494369489
15640,Aaron Judge,NYY,33,679,0.882179675994109,0.7368896948752746
13510,Jose Ramirez,CLE,32,673,0.7756315007429421,0.7347033500028215
19755,Shohei Ohtani,LAD,30,727,0.7840440165061898,0.700705098379129
18401,Ronald Acuna Jr.,ATL,27,412,0.6529126213592233,0.6715651120435578
22799,Geraldo Perdomo,ARI,25,720,0.7111111111111111,0.6692958521367689
15998,Cody Bellinger,NYY,29,656,0.6844512195121951,0.6676206390927707
18345,Kyle Tucker,CHC,28,597,0.7035175879396985,0.6638954279271309
12856,George Springer,TOR,35,586,0.7593856655290102,0.6387387398264821
29576,Ben Rice,NYY,26,530,0.6132075471698113,0.63059358032522
13613,Ketel Marte,ARI,31,556,0.7050359712230215,0.617429094195371
27676,Vinnie Pasquantino,KCR,27,682,0.6202346041055719,0.6116230595193103
18872,Jahmai Jones,DET,27,150,0.6866666666666666,0.6027318008643351
27615,Alec Burleson,STL,26,546,0.5787545787545788,0.6017930377386085
22715,Maikel Garcia,KCR,25,666,0.6351351351351351,0.6015641583170663
17901,Andrew Benintendi,CHW,30,470,0.5531914893617021,0.6005602501351747
13624,Corey Seager,TEX,31,445,0.6067415730337079,0.600102621398771
13611,Mookie Betts,LAD,32,663,0.6289592760180995,0.5969214536587741
16578,Yandy Diaz,TBR,33,651,0.631336405529954,0.5867569382162651
20599,Ivan Herrera,STL,25,452,0.5907079646017699,0.5866623403661325
25764,Bobby Witt Jr.,KCR,25,687,0.6710334788937409,0.5856563492670784
25878,Corbin Carroll,ARI,24,642,0.6884735202492211,0.5853076269304391
25816,Shea Langeliers,ATH,27,523,0.655831739961759,0.5846663692778842
18839,Josh Naylor,- - -,28,604,0.6937086092715232,0.5844599250598737
33824,Jung Hoo Lee,SFG,26,617,0.5542949756888168,0.5836920264707366
10815,Jurickson Profar,ATL,32,371,0.633423180592992,0.5817339653411178
20178,Miguel Vargas,CHW,25,569,0.5342706502636204,0.581218678907489
13152,Jorge Polanco,SEA,31,524,0.6507633587786259,0.5793987140750624
22581,Alejandro Kirk,TOR,26,506,0.5948616600790514,0.5788758025791132
33189,Nolan Schanuel,LAA,23,564,0.5319148936170213,0.5770137152799419
26546,Agustin Ramirez,MIA,23,585,0.5128205128205128,0.5742588820732659
17678,Alex Bregman,BOS,31,495,0.6222222222222222,0.5740364547550898
19611,Vladimir Guerrero Jr.,TOR,26,680,0.6588235294117647,0.5718267090128939
22664,Gabriel Moreno,ARI,25,309,0.5889967637540453,0.5701124826270698
19556,Yordan Alvarez,HOU,28,199,0.5577889447236181,0.5671258684387032
19251,Pete Alonso,NYM,30,709,0.6205923836389281,0.5670625909320017
24679,Brendan Donovan,STL,28,515,0.5553398058252427,0.566402048515491
28163,Junior Caminero,TBR,21,653,0.6860643185298622,0.5648099020040285
31539,Drake Baldwin,ATL,24,446,0.6636771300448431,0.5627057984826791
29995,Daylen Lile,WSN,22,351,0.6410256410256411,0.5617940885523851
20391,Luis Garcia Jr.,WSN,25,526,0.5532319391634981,0.5614243876631652
19612,Bo Bichette,TOR,27,628,0.6464968152866242,0.5613864839196097
19709,Fernando Tatis Jr.,SDP,26,691,0.6353111432706223,0.5613527894032466
12916,Francisco Lindor,NYM,31,732,0.639344262295082,0.5600617667358955
13324,Ildemaro Vargas,ARI,33,121,0.512396694214876,0.5584734970351443
21716,Enmanuel Valdez,PIT,26,102,0.4607843137254901,0.558421459568461
27630,Nick Loftin,KCR,26,188,0.4521276595744681,0.5582823881726955
26319,Michael Busch,CHC,27,592,0.6131756756756757,0.557878422681365
19901,Gavin Sheets,SDP,29,545,0.5100917431192661,0.5563331467156722
21479,Nico Hoerner,CHC,28,649,0.6240369799691834,0.5534866598337185
20036,Isaac Paredes,HOU,26,438,0.5776255707762558,0.5526836903814218
15362,Jeff McNeil,NYM,33,462,0.5562770562770563,0.5515091694779068
9777,Nolan Arenado,STL,34,436,0.5344036697247706,0.5512141776944304
19956,Mickey Moniak,COL,27,461,0.5986984815618221,0.5499518368618949
26438,Dominic Canzone,SEA,27,268,0.5335820895522388,0.5484451323686974
21837,Jonathan Aranda,TBR,27,422,0.5450236966824644,0.5432270746106148
19238,Lourdes Gurriel Jr.,ARI,31,546,0.5604395604395604,0.5423972137733806
26151,Kyle Stowers,MIA,27,457,0.6105032822757112,0.5420581456855293
15711,Tyler O'Neill,BAL,30,209,0.4497607655502392,0.5415630295062774
23003,Yainer Diaz,HOU,26,567,0.4902998236331569,0.5415111274937477
19608,Otto Lopez,MIA,26,594,0.5387205387205387,0.5398176474226494
19522,TJ Friedl,CIN,29,685,0.4846715328467153,0.5391738643362884
13145,Josh Bell,WSN,32,533,0.5272045028142589,0.5381916480820962
29622,Sal Frelick,MIL,25,594,0.5707070707070707,0.5371805960498054
16997,Gleyber Torres,DET,28,628,0.552547770700637,0.536921909094254
26224,Darell Hernaiz,ATH,23,197,0.416243654822335,0.5362681764326047
27915,Alejandro Osuna,TEX,22,176,0.3465909090909091,0.5355737935918541
22532,Tyler Freeman,COL,26,428,0.5093457943925234,0.5351810381688009
19197,Will Smith,LAD,30,436,0.6467889908256881,0.5342039954988114
16556,Ozzie Albies,ATL,28,667,0.5142428785607196,0.5329498911920565
29646,Caleb Durbin,MIL,25,506,0.5592885375494071,0.5317956418005084
17128,Ramon Laureano,- - -,30,488,0.6086065573770492,0.531779031130323
27465,Spencer Torkelson,DET,25,649,0.4961479198767334,0.5313966215251837
29490,Jackson Merrill,SDP,22,483,0.5238095238095238,0.531234568442428
23697,Julio Rodriguez,SEA,24,710,0.6084507042253521,0.531108820523849
21636,Jeremy Pena,HOU,27,543,0.6022099447513812,0.5307198479662363
31370,Jakob Marsee,MIA,24,234,0.6367521367521367,0.5306442936501042
26477,Spencer Horwitz,PIT,27,411,0.5717761557177615,0.5304069966526354
16442,Ryan O'Hearn,- - -,31,544,0.53125,0.5302555010404274
17350,Rafael Devers,- - -,28,729,0.5761316872427984,0.5301777619014731
13301,Max Muncy,LAD,34,388,0.6365979381443299,0.5296025458164727
24598,Addison Barger,TOR,25,502,0.5239043824701195,0.5289596970132776
16478,Kyle Schwarber,PHI,32,724,0.6961325966850829,0.5289565196544784
20352,Ernie Clement,TOR,29,588,0.5476190476190477,0.5275337104902753
18564,Trent Grisham,NYY,28,581,0.5817555938037866,0.5275074727618799
14344,Matt Olson,ATL,31,724,0.5676795580110497,0.5269869907840757
26143,Troy Johnston,MIA,28,121,0.4628099173553719,0.5267042560444807
27769,Pete Crow-Armstrong,CHC,23,647,0.5857805255023184,0.5256780504571789
25961,Kerry Carpenter,DET,27,464,0.5517241379310345,0.525068291066522
12533,Marcus Semien,TEX,34,534,0.4925093632958801,0.5237376391333225
19610,Keibert Ruiz,WSN,26,267,0.4007490636704119,0.5228909115285348
11579,Bryce Harper,PHI,32,580,0.6068965517241379,0.5224396300138685
27815,Jordan Westburg,BAL,26,352,0.5340909090909091,0.5212490870989902
21534,Cal Raleigh,SEA,28,705,0.7219858156028369,0.519109406716832
22896,Lenyn Sosa,CHW,25,544,0.4595588235294117,0.5188724421113977
31837,Masataka Yoshida,BOS,31,205,0.5073170731707317,0.5181740282718633
16622,Luis Urias,ATH,28,330,0.4151515151515151,0.5175651604610393
11493,Manny Machado,SDP,32,678,0.6002949852507374,0.5171276540209311
33321,Luke Keaschall,MIN,22,207,0.6666666666666666,0.517093825800755
33322,Matt Shaw,CHC,23,437,0.4965675057208238,0.5170436463462489
13770,Rob Refsnyder,BOS,34,209,0.5741626794258373,0.5167492766655066
27462,Austin Martin,MIN,26,181,0.4861878453038674,0.5156069900384113
33333,Wyatt Langford,TEX,23,573,0.5078534031413613,0.5156056009299366
27790,Evan Carter,TEX,22,220,0.5636363636363636,0.5154414623854704
26467,Luis Matos,SFG,23,184,0.592391304347826,0.515047862099726
15905,Luis Torrens,NYM,29,283,0.3639575971731448,0.51325649962107
5361,Freddie Freeman,LAD,35,627,0.6188197767145136,0.5127218703017313
14854,Mike Yastrzemski,- - -,34,558,0.496415770609319,0.5112499400474954
33266,Jacob Wilson,ATH,23,523,0.638623326959847,0.5111278148422211
31680,Cole Young,SEA,21,257,0.3813229571984435,0.5109092118511127
7304,Salvador Perez,KCR,35,641,0.5039001560062403,0.5108214302732101
18123,Nathan Lukes,TOR,30,438,0.589041095890411,0.5107169237291744
28806,Jackson Chourio,MIL,21,589,0.5942275042444821,0.5103184076714917
16252,Trea Turner,PHI,32,639,0.6322378716744914,0.5102264645093642
27899,Colt Keith,DET,23,468,0.4871794871794871,0.510195589590719
19290,Randy Arozarena,SEA,30,709,0.4739069111424541,0.5099197366998767
17620,Myles Straw,TOR,30,299,0.5418060200668896,0.5091843682636615
20220,Jo Adell,LAA,26,573,0.5287958115183246,0.5091695628782371
19470,Tommy Edman,LAD,30,377,0.506631299734748,0.5089427452291538
19918,Daulton Varsho,TOR,28,271,0.6494464944649446,0.5075454672724324
18819,Andy Ibanez,DET,32,193,0.5025906735751295,0.5069483440896088
12144,Max Kepler,PHI,32,474,0.4873417721518987,0.5063706513085496
15518,Amed Rosario,- - -,29,191,0.518324607329843,0.5062958450658194
22266,Xavier Edwards,MIA,25,619,0.4911147011308562,0.5060040426288923
20454,Jazz Chisholm Jr.,NYY,27,531,0.5988700564971752,0.505626239451505
21853,Will Benson,CIN,27,253,0.4861660079051383,0.5054298218752595
26123,Brett Baty,NYM,25,432,0.4791666666666667,0.5047718643397463
31812,Roman Anthony,BOS,21,303,0.5247524752475248,0.5036328483509743
9218,Paul Goldschmidt,NYY,37,534,0.4850187265917603,0.5030150183231324
21558,Matt Vierling,DET,28,100,0.29,0.502354397660624
19627,Brent Rooker,ATH,30,699,0.5679542203147353,0.5015592175849777
22186,Brice Turang,MIL,25,659,0.5644916540212443,0.5012996020290532
18360,Austin Riley,ATL,28,447,0.4183445190156599,0.5008503824034161
11609,Willson Contreras,STL,33,563,0.4902309058614564,0.5007850132557966
28253,Javier Sanoja,MIA,22,342,0.543859649122807,0.5007464829239106
17548,Taylor Ward,LAA,31,663,0.555052790346908,0.49984943457395303
21523,Jonathan India,KCR,28,567,0.4021164021164021,0.4992686044982385
24610,Steven Kwan,CLE,27,693,0.5584415584415584,0.49827491453059275
23772,Wilyer Abreu,BOS,26,417,0.580335731414868,0.49793539438920426
17027,Alex Verdugo,ATL,29,213,0.3474178403755869,0.4978953071131806
18848,Yohel Pozo,STL,28,168,0.4761904761904761,0.497029186610858
29794,Kyle Manzardo,CLE,24,531,0.4632768361581921,0.49622477374746743
20503,William Contreras,MIL,27,659,0.5477996965098634,0.4957644531850552
26197,Andrew Vaughn,- - -,27,447,0.4876957494407158,0.49516227006750557
24605,Michael Helman,TEX,29,110,0.6636363636363637,0.4947278352312946
22857,Wenceel Perez,DET,25,383,0.4960835509138381,0.4946374005985162
31580,Chase Meidroth,CHW,23,505,0.4118811881188118,0.4945376107745897
15679,Rowdy Tellez,- - -,30,312,0.4679487179487179,0.4941752098659725
27464,Dillon Dingler,DET,26,469,0.4456289978678038,0.4937375764942079
29844,Liam Hicks,MIA,26,390,0.4769230769230769,0.493629144921291
18568,Luis Arraez,SDP,28,675,0.5837037037037037,0.49360339991412716
26289,Gunnar Henderson,BAL,24,651,0.554531490015361,0.492574511065358
26288,Adley Rutschman,BAL,27,365,0.4575342465753425,0.49247133791310965
31347,Zach Neto,LAA,24,554,0.5270758122743683,0.49038657807363345
26294,Bryson Stott,PHI,27,560,0.5607142857142857,0.4895969791694978
20572,Kody Clemens,- - -,29,386,0.4922279792746113,0.4892968726108397
27647,Anthony Volpe,NYY,24,596,0.4345637583892617,0.48872881993088646
25976,Riley Greene,DET,24,655,0.516030534351145,0.48860296634337175
21618,Alec Bohm,PHI,28,504,0.498015873015873,0.48843117472583764
26121,Francisco Alvarez,NYM,23,277,0.4620938628158845,0.48826351503458376
31695,Dylan Beavers,BAL,23,137,0.4817518248175182,0.48788705497085794
14968,Victor Caratini,HOU,31,386,0.4637305699481865,0.487479695887666
21622,Jake McCarthy,ARI,27,222,0.3828828828828828,0.48734959024985564
26323,Spencer Steer,CIN,27,568,0.4911971830985915,0.4865805232569311
16725,Jose Trevino,CIN,32,302,0.4205298013245033,0.4859347020816385
5417,Jose Altuve,HOU,35,654,0.5703363914373089,0.48488329958845655
17919,Ian Happ,CHC,30,663,0.5233785822021116,0.4842013648319905
19950,Andres Gimenez,TOR,26,369,0.4010840108401084,0.4835205415074259
19844,Abraham Toro,BOS,28,284,0.4577464788732394,0.48342377244354395
19296,Alex Call,- - -,30,322,0.5,0.48312935702169296
11477,Christian Yelich,MIL,33,644,0.5636645962732919,0.48290266816993127
15986,Willy Adames,SFG,29,686,0.5,0.4826692640126896
12161,Xander Bogaerts,SDP,32,552,0.5108695652173914,0.4825064661386026
31781,Jackson Holliday,BAL,21,649,0.4283513097072419,0.4820489755993604
17929,Cedric Mullins,- - -,30,498,0.4799196787148594,0.4819412479101651
30011,Christian Encarnacion-Strand,CIN,25,137,0.3795620437956204,0.48191280579383794
10324,Marcell Ozuna,ATL,34,592,0.4628378378378378,0.48167546527106625
15653,Dominic Smith,SFG,30,225,0.5288888888888889,0.4811239219602443
20017,Miles Mastrobuoni,SEA,29,175,0.4057142857142857,0.48074502285205667
22275,Jake Burger,TEX,29,376,0.4388297872340425,0.48024752943770804
15491,J.P. Crawford,SEA,30,654,0.45565749235474,0.4797104577113477
20437,Royce Lewis,MIN,26,403,0.4739454094292804,0.4793170845560804
35110,Nick Kurtz,ATH,22,489,0.7157464212678937,0.4790613130514006
24816,Andy Pages,LAD,24,624,0.5384615384615384,0.4789995748854789
28824,Samuel Basallo,BAL,20,118,0.3135593220338983,0.4785902074941321
20308,Jake Meyers,HOU,29,381,0.4855643044619422,0.4779202201066297
31912,Chandler Simpson,TBR,24,441,0.5510204081632653,0.4776724708214655
17982,Ty France,- - -,30,490,0.4122448979591837,0.4769961149543625
14161,Byron Buxton,MIN,31,542,0.6752767527675276,0.4769593770410124
30116,Seiya Suzuki,CHC,30,651,0.5576036866359447,0.4767314133253083
15878,Miguel Andujar,- - -,30,341,0.5865102639296188,0.4759730009242256
16505,Matt Chapman,SFG,32,535,0.5345794392523364,0.4757843143541421
18314,Dansby Swanson,CHC,31,645,0.4744186046511628,0.4749844818991919
33549,Kyle Teel,CHW,23,297,0.4713804713804714,0.4749324084725936
26396,Josh Smith,TEX,27,563,0.4493783303730018,0.4745109526028344
25931,Michael Harris II,ATL,24,641,0.4664586583463339,0.4734950215440697
26517,Noelvi Marte,CIN,23,360,0.525,0.4726251978994133
21711,Oneil Cruz,PIT,26,544,0.4209558823529412,0.47256423582366297
10243,Randal Grichuk,- - -,33,293,0.4334470989761092,0.47242270842479717
24262,Ceddanne Rafaela,BOS,24,587,0.5178875638841567,0.47229722512003103
29715,Hunter Goodman,COL,25,579,0.5647668393782384,0.4722860946672132
27684,Michael Massey,KCR,27,277,0.3249097472924188,0.47225124626557774
18882,Brandon Lowe,TBR,30,553,0.5352622061482821,0.4718787682402856
26466,Matt Wallner,MIN,27,392,0.4566326530612244,0.47187257652795905
21693,Miguel Amaya,CHC,26,103,0.6699029126213593,0.4715687395733968
25768,CJ Abrams,WSN,24,635,0.5448818897637795,0.47116054214436864
12927,Brandon Nimmo,NYM,32,652,0.5383435582822086,0.4706188603036494
27479,Masyn Winn,STL,23,537,0.4506517690875233,0.47055423955619774
19346,Eli White,ATL,31,271,0.4907749077490775,0.4696485170336823
7802,Miguel Rojas,LAD,36,317,0.5047318611987381,0.4693958776056542
19997,Santiago Espinal,CIN,30,328,0.3384146341463415,0.46898589814429587
16376,Michael Conforto,LAD,32,486,0.3395061728395062,0.46866277374103377
16530,Mauricio Dubon,HOU,30,398,0.4824120603015075,0.46822582800446466
14162,Carlos Correa,- - -,30,584,0.4503424657534247,0.4681228917278888
27467,Tyler Soderstrom,ATH,23,624,0.5705128205128205,0.46686595767520456
13897,Tyler Heineman,TOR,34,174,0.5172413793103449,0.4661203120156234
15194,Jake Bauers,MIL,29,218,0.5045871559633027,0.4658349950620193
31595,Brooks Lee,MIN,24,527,0.4478178368121442,0.4653332285716037
20202,Brandon Marsh,PHI,27,425,0.4823529411764706,0.4647400573465981
24064,Ezequiel Tovar,COL,23,390,0.382051282051282,0.4638608259208481
13620,Carson Kelly,CHC,30,421,0.5296912114014252,0.4634018848346871
27490,Nick Gonzales,PIT,26,408,0.3799019607843137,0.46328861251196857
27531,David Hamilton,BOS,27,194,0.4793814432989691,0.4630099741769258
9774,Christian Vazquez,MIN,34,214,0.2990654205607476,0.4629278098510889
19358,Weston Wilson,PHI,30,125,0.424,0.4624863500296214
35041,Jac Caglianone,KCR,22,232,0.2844827586206896,0.46186560612295535
25477,Isaac Collins,MIL,27,441,0.5510204081632653,0.4611444291207817
19287,Adolis Garcia,TEX,32,547,0.4369287020109689,0.4609821980243515
23395,Eric Wagaman,MIA,27,514,0.4377431906614786,0.4601059387128257
22514,Triston Casas,BOS,25,112,0.2678571428571428,0.4589634585796841
28022,Edgar Quero,CHW,22,403,0.3920595533498759,0.45885595280515973
20126,Dylan Carlson,BAL,26,241,0.3319502074688796,0.4585667021292023
26540,Angel Martinez,CLE,23,484,0.3760330578512397,0.45596343898054664
29712,Colson Montgomery,CHW,23,284,0.6161971830985915,0.4559009557360983
11737,Nick Castellanos,PHI,33,589,0.4516129032258064,0.4557752828038466
25493,Joey Ortiz,MIL,26,506,0.4407114624505929,0.45549979934893664
31562,Zach Dezenzo,HOU,25,109,0.3486238532110092,0.45534738869646385
24878,Heriberto Hernandez,MIA,25,294,0.5170068027210885,0.4549520613206971
21865,Bo Naylor,CLE,25,414,0.4251207729468599,0.4540484718108846
24729,Logan O'Hoppe,LAA,25,451,0.270509977827051,0.4540164095673911
19392,Zach McKinstry,DET,30,511,0.5264187866927593,0.4536875284742829
19858,Luis Rengifo,LAA,28,541,0.3789279112754159,0.45325334151549684
25629,Cody Freeman,TEX,24,121,0.4462809917355372,0.45273086085748027
22515,Heliot Ramos,SFG,25,695,0.4345323741007194,0.4517321128341814
22842,Alexander Canario,PIT,25,234,0.2478632478632478,0.45169972009050513
12979,Javier Baez,DET,32,437,0.4210526315789473,0.45107761404517305
19913,Jesus Sanchez,- - -,27,497,0.4668008048289738,0.4495430217606971
31394,Brooks Baldwin,CHW,24,328,0.4024390243902439,0.4490935589599696
19455,Andruw Monasterio,MIL,28,135,0.4962962962962963,0.44891234313775114
11442,Gary Sanchez,BAL,32,101,0.5148514851485149,0.44816670813372567
27577,Casey Schmitt,SFG,26,348,0.4109195402298851,0.44797201249422863
24759,Mickey Gasper,MIN,29,110,0.3636363636363636,0.44789972434415104
16426,Thairo Estrada,COL,29,165,0.4424242424242424,0.44782696860127996
5517,Kyle Higashioka,TEX,35,327,0.4678899082568807,0.44776889954296883
17232,Yoan Moncada,LAA,30,289,0.4913494809688581,0.4476886765387985
16472,Rhys Hoskins,MIL,32,328,0.4207317073170731,0.4468567835384467
29634,Will Wagner,- - -,26,149,0.3221476510067114,0.4463100327292435
29931,Jacob Young,WSN,25,364,0.3708791208791209,0.4460571520602533
23565,Davis Schneider,TOR,26,227,0.5506607929515418,0.4451906749354107
20287,Ben Rortvedt,- - -,27,128,0.234375,0.4449482893347673
21646,Rafael Marchan,PHI,26,118,0.3983050847457627,0.4448561449440656
19318,Matt Thaiss,- - -,30,190,0.3210526315789473,0.4446829638359756
20043,Luis Robert Jr.,CHW,27,431,0.4756380510440835,0.4445362483670669
21009,Leo Rivas,SEA,27,111,0.5405405405405406,0.4440243217223536
25483,Nick Sogard,BOS,27,104,0.3653846153846153,0.4434195810950002
22184,Mark Vientos,NYM,25,463,0.4233261339092872,0.4432616733496104
5827,Wilmer Flores,SFG,33,463,0.4773218142548596,0.4430609009579279
29617,Henry Davis,PIT,25,283,0.215547703180212,0.4429722392965422
23690,Brayan Rocchio,CLE,24,383,0.3864229765013054,0.4424460784378534
24488,Max Schuemann,ATH,28,213,0.3615023474178404,0.4424265163817695
26299,Josh Jung,TEX,27,511,0.3992172211350293,0.4419713577327027
25180,Daniel Schneemann,CLE,28,422,0.3625592417061611,0.44172582094468
27962,Adael Amador,COL,22,128,0.234375,0.441323147544527
27506,Ha-seong Kim,- - -,29,191,0.4083769633507853,0.4413160515993988
27653,Christian Koss,SFG,27,191,0.418848167539267,0.43868306885527497
26536,Warming Bernabel,COL,23,146,0.4726027397260274,0.4376177544166521
26668,Elly De La Cruz,CIN,23,699,0.5550786838340487,0.43701088196586274
16512,Isiah Kiner-Falefa,- - -,30,459,0.4008714596949891,0.4368319905809595
10155,Mike Trout,LAA,33,556,0.4460431654676259,0.43675688463864565
23691,Jose Tena,WSN,24,169,0.4142011834319526,0.4366634035113038
17022,Edmundo Sosa,PHI,29,261,0.5287356321839081,0.43654118202167624
23789,Blaze Alexander,ARI,26,266,0.3270676691729323,0.4340532460360771
15674,Reese McGuire,CHC,30,140,0.55,0.43404527329998915
24617,Jarren Duran,BOS,28,696,0.5158045977011494,0.43303208835686974
19260,Jake Fraley,- - -,30,217,0.4930875576036866,0.43297202608190544
21562,Romy Gonzalez,BOS,28,341,0.5718475073313783,0.432649134783205
16153,Austin Slater,- - -,32,160,0.31875,0.4325050387432847
2396,Carlos Santana,- - -,39,474,0.4345991561181435,0.43247409161167283
13675,Tyrone Taylor,NYM,31,341,0.3284457478005865,0.43198374283219804
18036,Jake Cronenworth,SDP,31,515,0.4718446601941747,0.4318809048840733
28312,Coby Mayo,BAL,23,294,0.3605442176870748,0.4314096495117428
18577,Ke'Bryan Hayes,- - -,28,570,0.3456140350877193,0.4305090706431798
21538,Nick Fortes,- - -,28,242,0.3471074380165289,0.4299454247482681
29592,Connor Norby,MIA,25,337,0.3946587537091988,0.42970914727580206
24336,Johan Rojas,PHI,24,172,0.4069767441860465,0.42930978570788336
33541,Dylan Crews,WSN,23,322,0.4285714285714285,0.4292940247608486
18795,Ramon Urias,- - -,31,391,0.3938618925831202,0.4286966299171183
27562,Austin Wells,NYY,25,448,0.4776785714285714,0.4282347831385953
13066,Teoscar Hernandez,LAD,32,546,0.5183150183150184,0.42817394601816366
15223,Adam Frazier,- - -,33,459,0.420479302832244,0.42790558936690604
19722,Carlos Narvaez,BOS,26,446,0.4439461883408072,0.42770903122010573
19363,Austin Hays,CIN,29,416,0.5408653846153846,0.4274166108519372
24641,Willie MacIver,ATH,28,111,0.2882882882882883,0.42715086055205226
31545,Drew Gilbert,SFG,24,109,0.4403669724770642,0.42693600588591274
12005,Nick Martini,COL,35,111,0.3063063063063063,0.4263944459171381
22054,Dane Myers,MIA,29,333,0.3723723723723723,0.42617426728394114
16535,Danny Jansen,- - -,30,337,0.43026706231454,0.42528937070035466
22542,Lawrence Butler,ATH,24,630,0.4412698412698412,0.42511604772183537
31765,Nacho Alvarez Jr.,ATL,22,208,0.2788461538461538,0.4244372044837504
23986,Curtis Mead,- - -,24,264,0.2992424242424242,0.4239246007460553
26548,Luisangel Acuna,NYM,23,193,0.4041450777202072,0.4238885483912111
21840,Freddy Fermin,- - -,30,347,0.3487031700288184,0.4235383564300493
9241,Starling Marte,NYM,36,329,0.4620060790273556,0.4222606121908123
17338,Willi Castro,- - -,28,454,0.3898678414096916,0.4220009134978565
26202,Jake Mangum,TBR,29,428,0.4859813084112149,0.42194038867355776
17988,Tyler Stephenson,CIN,28,342,0.4005847953216374,0.42192137285568854
13419,Christian Walker,HOU,34,640,0.4234375,0.42096276783651637
29704,Braxton Fulford,COL,26,120,0.2833333333333333,0.42072912082933556
19892,Pavin Smith,ARI,29,288,0.4201388888888889,0.4204228159353773
25479,Brenton Doyle,COL,27,538,0.395910780669145,0.42016499902087645
19953,Josh Lowe,TBR,27,435,0.4206896551724138,0.41979343341897796
19354,Luke Raley,SEA,30,219,0.2557077625570776,0.41971517508225814
33197,Ben Williamson,SEA,24,295,0.335593220338983,0.4194005814527791
21454,Lars Nootbaar,STL,27,583,0.4271012006861063,0.41933877390544594
23792,Alek Thomas,ARI,25,469,0.3304904051172708,0.418827651063855
19326,Bryan Reynolds,PIT,30,654,0.4036697247706422,0.4183780816257744
18126,LaMonte Wade Jr.,- - -,31,242,0.2479338842975206,0.4181700481907691
11899,Joc Pederson,TEX,33,306,0.3660130718954248,0.4175561577535864
5235,Justin Turner,CHC,40,191,0.3507853403141361,0.41740383240490897
31792,Otto Kemp,PHI,25,218,0.3761467889908257,0.417260991157544
29630,Joey Loperfido,TOR,26,104,0.5,0.4156430545870655
16930,Jonah Heim,TEX,30,433,0.3672055427251732,0.41496858427587474
24618,Ryan Jeffers,MIN,28,464,0.4633620689655172,0.41493454251736794
22244,Jack Suwinski,PIT,26,178,0.2078651685393258,0.4144353347832383
21501,Trevor Larnach,MIN,28,567,0.4585537918871252,0.4141867913993961
9847,Andrew McCutchen,PIT,38,551,0.4228675136116152,0.4134815904716219
19452,Jake Rogers,DET,30,142,0.352112676056338,0.4132071997906165
24257,Jhonkensy Noel,CLE,23,153,0.1830065359477124,0.41263870031615046
26284,John Rave,KCR,27,175,0.3314285714285714,0.41252956852317796
11739,J.T. Realmuto,PHI,34,550,0.3927272727272727,0.41201761775292367
19458,Cooper Hummel,- - -,30,105,0.238095238095238,0.41138927079101245
26599,Jonatan Clase,TOR,23,112,0.3035714285714285,0.4097994709290857
28080,Jasson Dominguez,NYY,22,429,0.4708624708624708,0.4095328110831638
23800,Parker Meadows,DET,25,213,0.3286384976525822,0.4094790504834537
12859,James McCann,ARI,35,137,0.4598540145985401,0.4093852115796446
21614,Kyle Isbel,KCR,28,409,0.3863080684596577,0.4082598896291072
18363,Victor Robles,SEA,28,114,0.3421052631578947,0.4082078695680413
12564,Trevor Story,BOS,32,654,0.5198776758409785,0.40789490972932513
18030,Harrison Bader,- - -,31,501,0.4590818363273453,0.4061774171591809
29524,Bryce Teodosio,LAA,26,150,0.1733333333333333,0.40613655688690736
29695,Matt McLain,CIN,25,577,0.3535528596187175,0.4059486458186143
31564,Alan Roden,- - -,25,153,0.2483660130718954,0.4052348497574974
19566,Nathaniel Lowe,- - -,29,609,0.4236453201970443,0.40459368967858106
10231,Jose Iglesias,SDP,35,343,0.3731778425655976,0.4044653401820762
23401,Jose Caballero,- - -,28,370,0.527027027027027,0.40413384811688674
18373,Ryan Mountcastle,BAL,28,357,0.3109243697478991,0.4040139408589314
22263,Nolan Gorman,STL,25,402,0.3383084577114428,0.40387123098222316
19890,Emmanuel Rivera,BAL,29,127,0.2755905511811024,0.4038351586838249
31166,Heston Kjerstad,BAL,26,167,0.2874251497005988,0.40349480061674087
19818,Joshua Palacios,CHW,29,145,0.2413793103448276,0.4033302665776579
19921,Blake Perkins,MIL,28,171,0.4269005847953216,0.4030666111857812
22458,Taylor Walls,TBR,28,317,0.4227129337539432,0.402307240536868
31349,Victor Scott II,STL,24,463,0.3758099352051836,0.4020307837493782
26374,Kameron Misner,TBR,27,217,0.3317972350230415,0.4016829303907714
33704,C.J. Kayfus,CLE,23,138,0.4565217391304347,0.40079187440357694
29518,James Wood,WSN,22,689,0.4992743105950653,0.4003733752406227
22823,Oswald Peraza,- - -,25,265,0.1924528301886792,0.4002690002090166
19955,Gavin Lux,CIN,27,503,0.4214711729622266,0.39970564417489063
19734,Josh Rojas,CHW,31,211,0.2322274881516587,0.3996107891056099
14221,Jorge Soler,LAA,33,315,0.3396825396825397,0.399336275200505
25807,Jared Triolo,PIT,27,376,0.4228723404255319,0.3990796455044453
9874,DJ LeMahieu,NYY,36,142,0.3309859154929577,0.3976342157008713
2967,Tommy Pham,PIT,37,449,0.4498886414253897,0.3965549050176875
15274,Mike Tauchman,CHW,34,385,0.4597402597402597,0.3963377346469694
15112,Ryan McMahon,- - -,30,586,0.3293515358361775,0.3956716595228809
27534,Edouard Julien,MIN,26,208,0.2163461538461538,0.3953265717787368
16947,Derek Hill,- - -,29,149,0.2818791946308724,0.39453711986646767
27883,Thomas Saggese,STL,23,295,0.2711864406779661,0.3936832086777329
22563,Gabriel Arias,CLE,25,471,0.2717622080679405,0.3936243351037521
22239,Jeremiah Jackson,BAL,25,183,0.4262295081967213,0.3936102614742218
17696,Kevin Newman,LAA,31,116,0.293103448275862,0.392678755725685
29993,Brady House,WSN,22,274,0.2700729927007299,0.39179242048829194
35108,Cam Smith,HOU,22,493,0.3610547667342799,0.39117687403182544
19599,Chas McCormick,HOU,30,116,0.2327586206896551,0.3906326940553007
27478,Patrick Bailey,SFG,26,452,0.2942477876106195,0.3906255099463941
18054,Sam Haggerty,TEX,31,182,0.521978021978022,0.3906042968865695
34979,Christian Moore,LAA,22,184,0.3043478260869565,0.3895943448018012
18900,Leody Taveras,- - -,26,180,0.2555555555555555,0.3886297659270965
14551,Anthony Santander,TOR,30,221,0.248868778280543,0.388115904402461
27475,Jordan Walker,STL,23,396,0.2651515151515151,0.38700006607199067
19960,Taylor Trammell,HOU,27,135,0.3333333333333333,0.38680259216993734
21707,Oswaldo Cabrera,NYY,26,122,0.3852459016393442,0.38632639755045256
29668,Marcelo Mayer,BOS,22,136,0.3529411764705882,0.38624570485348464
31431,Jordan Beck,COL,24,588,0.3860544217687074,0.3859785110114589
26368,JJ Bleday,ATH,27,344,0.4563953488372093,0.38522367650412437
18042,Dylan Moore,- - -,32,243,0.3868312757201646,0.3846913073648829
21897,Christopher Morel,TBR,26,305,0.3377049180327869,0.3846704556188773
11489,Michael A. Taylor,CHW,34,325,0.2984615384615384,0.38458579646083313
29606,Justyn-Henry Malloy,DET,25,127,0.4094488188976378,0.3835488757567857
16939,Lane Thomas,CLE,29,142,0.204225352112676,0.38346312987584646
12976,Austin Hedges,CLE,32,180,0.2333333333333333,0.3832821913079984
20529,Nolan Jones,CLE,27,403,0.2729528535980149,0.38203255408542924
27482,Robert Hassell III,WSN,23,206,0.2524271844660194,0.3819240559494784
20505,Drew Waters,KCR,26,219,0.2557077625570776,0.3809735755276141
31363,Graham Pauley,MIA,24,184,0.4076086956521739,0.38096300899114693
29591,Colton Cowser,BAL,25,360,0.3194444444444444,0.37980431422710026
29571,Tim Tawa,ARI,26,225,0.3555555555555555,0.3786636825433062
29554,Adrian Del Castillo,ARI,25,131,0.2595419847328244,0.37847579185214725
23733,Ezequiel Duran,TEX,26,219,0.2465753424657534,0.3751682425063283
14813,Kyle Farmer,COL,34,300,0.3566666666666667,0.3750226531815715
26420,Kyren Paris,LAA,23,140,0.2642857142857143,0.37380477649614136
33252,Kyle Karros,COL,22,156,0.2628205128205128,0.3736424537946763
19352,Sean Murphy,ATL,30,337,0.3798219584569733,0.37332270404071904
18015,Paul DeJong,WSN,31,208,0.2788461538461538,0.3731946614408955
15464,Hunter Renfroe,KCR,33,108,0.1851851851851851,0.3722765692721835
15161,Mitch Garver,SEA,34,290,0.3413793103448276,0.3717979467922348
33644,Kristian Campbell,BOS,23,263,0.3155893536121673,0.3716574376324184
24934,David Fry,CLE,29,157,0.2802547770700637,0.3708911105754416
17040,Jose Herrera,ARI,28,204,0.2794117647058823,0.3707247555555825
21524,Joey Bart,PIT,28,332,0.2891566265060241,0.3700662655427346
10472,Enrique Hernandez,LAD,33,256,0.390625,0.36993261246065573
23372,Hunter Feduccia,- - -,28,105,0.1714285714285714,0.3696200425074052
11445,Mark Canha,KCR,36,125,0.224,0.36786695047445017
35322,Hyeseong Kim,LAD,26,170,0.388235294117647,0.36763549633282466
25845,Michael Toglia,COL,26,337,0.1810089020771513,0.36677070670668355
29575,Trey Sweeney,DET,25,326,0.2791411042944785,0.3663477089522098
31500,Ryan Ritter,COL,24,207,0.2657004830917874,0.36625423936041257
12552,Eugenio Suarez,- - -,33,657,0.5662100456621004,0.36513853608960245
29766,Zack Gelof,ATH,25,101,0.0594059405940594,0.3647404932385705
31855,Colby Thomas,ATH,24,132,0.3712121212121212,0.36449658850541977
31396,Tyler Locklear,ARI,24,116,0.1206896551724138,0.3630943314690159
25782,Pedro Pages,STL,26,389,0.3239074550128534,0.3625662284462483
12037,Jon Berti,CHC,35,107,0.2897196261682243,0.3609925319710047
26208,Tyler Fitzgerald,SFG,27,243,0.2469135802469135,0.3609634923256573
29858,Denzel Clarke,ATH,25,159,0.2012578616352201,0.3606390021580526
30038,Carson Williams,TBR,22,106,0.2075471698113207,0.35976498125908507
25040,Vinny Capra,- - -,28,105,0.1238095238095238,0.3595292952874566
29779,Max Muncy,ATH,22,220,0.2772727272727273,0.35864438627028883
4949,Giancarlo Stanton,NYY,35,281,0.6512455516014235,0.3584839141128216
28552,Yanquiel Fernandez,COL,22,147,0.2448979591836734,0.35698432851206485
23698,Ronny Mauricio,NYM,24,184,0.3043478260869565,0.3552131892851609
10681,Gio Urshela,ATH,33,197,0.3147208121827411,0.3516527106742074
13185,Orlando Arcia,- - -,30,214,0.2242990654205607,0.35119789796517986
13757,Chris Taylor,- - -,34,125,0.208,0.34851547149115514
19896,Connor Wong,BOS,29,188,0.2074468085106383,0.3477775594688366
11680,Elias Diaz,SDP,34,283,0.3392226148409894,0.3471680996522219
21496,Brandon Lockridge,- - -,28,148,0.3378378378378378,0.34659675179544586
24770,James Outman,- - -,28,148,0.1554054054054054,0.34272467669669865
19864,Riley Adams,WSN,29,286,0.1503496503496503,0.33848451245865674
8623,Donovan Solano,- - -,37,179,0.3072625698324022,0.338054266401306
22277,Nick Allen,ATL,26,416,0.2091346153846154,0.33491004062829804
24703,Jonah Bride,- - -,29,125,0.04,0.3328266085044326
7739,Travis d'Arnaud,LAA,36,231,0.2121212121212121,0.33179586699801644
17276,Alex Jackson,BAL,29,100,0.36,0.3227387677641114
17907,Brendan Rodgers,HOU,28,128,0.15625,0.32244100777689333
31382,Dalton Rushing,LAD,24,155,0.2387096774193548,0.32047201891559807
15730,Tyler Wade,SDP,30,127,0.2677165354330709,0.31986388178322156
15271,Austin Wynns,- - -,34,110,0.5727272727272728,0.3155053162655568
27845,Matt Mervis,MIA,27,134,0.2686567164179104,0.293603396353117
13723,Jacob Stallings,- - -,35,129,0.0,0.27661846808993545
6887,Martin Maldonado,SDP,38,161,0.1366459627329192,0.25376439993184435
