Raw_Rank,PAR_Rank,ESPN_Rank,Name,Team,Position,Type,Projected_Fpoints,PAR
1,3,5,Tarik Skubal,DET,SP,SP,528.7463340759277,215.44155409336088
2,2,4,Juan Soto,NYM,OF,Batter,518.9670399864711,221.72460759842835
3,6,7,Garrett Crochet,BOS,SP,SP,500.18843626976013,186.88365628719328
4,4,2,Aaron Judge,NYY,OF/DH,Batter,495.30592247052704,198.06349008248424
5,172,1,Shohei Ohtani,LAD,DH/SP,Batter,470.7851430131132,470.7851430131132
6,1,1,Shohei Ohtani,LAD,DH/SP,Batter,470.7851430131132,470.7851430131132
7,7,6,Jose Ramirez,CLE,3B/DH,Batter,462.16611855822,171.00635515752202
8,8,8,Bobby Witt Jr.,KCR,SS,Batter,454.14520516005985,135.70589545085454
9,9,31,Hunter Greene,CIN,SP,SP,448.0817482471466,134.77696826457975
10,10,3,Paul Skenes,PIT,SP,SP,438.2446780204773,124.93989803791044
11,11,41,Cole Ragans,KCR,SP,SP,435.93080472946167,122.62602474689481
12,12,61,Dylan Cease,TOR,SP,SP,431.8912196159363,118.58643963336942
13,18,29,Vladimir Guerrero Jr.,TOR,1B/DH,Batter,418.2797477695271,89.28406256962052
14,15,16,Bryan Woo,SEA,SP,SP,414.21199798583984,100.90721800327299
15,13,9,Kyle Tucker,LAD,OF,Batter,413.2574121170677,116.0149797290249
16,17,42,Jacob deGrom,TEX,SP,SP,409.590961933136,96.28618195056913
17,19,19,Cristopher Sanchez,PHI,SP,SP,401.3373532295227,88.03257324695585
18,16,17,Fernando Tatis Jr.,SDP,OF,Batter,395.38118595417103,98.13875356612823
19,14,13,Ketel Marte,ARI,2B/DH,Batter,395.1789986732753,109.03718069419125
20,22,28,Chris Sale,ATL,SP,SP,388.6525049209595,75.34772493839262
21,26,27,Gunnar Henderson,BAL,SS,Batter,384.8284585486944,66.38914883948911
22,38,120,Vinnie Pasquantino,KCR,1B/DH,Batter,384.54677294846647,55.551087748559894
23,27,51,Mookie Betts,LAD,SS,Batter,383.34030783928256,64.90099813007726
24,23,14,Logan Gilbert,SEA,SP,SP,382.0238287448883,68.71904876232145
25,20,103,Maikel Garcia,KCR,3B,Batter,376.373211285585,85.21344788488705
26,34,70,Geraldo Perdomo,ARI,SS,Batter,376.10139160876315,57.66208189955785
27,21,11,Corbin Carroll,ARI,OF,Batter,374.5321553200057,77.2897229319629
28,36,21,Francisco Lindor,NYM,SS,Batter,374.47434541846167,56.03503570925636
29,31,45,Jesus Luzardo,PHI,SP,SP,373.3243350982666,60.019555115699745
30,35,64,Sonny Gray,BOS,SP,SP,369.8830232620239,56.57824327945707
31,37,24,Hunter Brown,HOU,SP,SP,369.0141398906708,55.70935990810392
32,39,22,Max Fried,NYY,SP,SP,368.82273387908936,55.5179538965225
33,42,15,Logan Webb,SFG,SP,SP,366.06432127952576,52.7595412969589
34,43,34,Joe Ryan,MIN,SP,SP,362.76224851608276,49.45746853351591
35,28,39,Yordan Alvarez,HOU,OF/DH,Batter,359.9349703504675,62.692537962424694
36,29,32,Ronald Acuna Jr.,ATL,OF,Batter,359.6033277735813,62.36089538553853
37,47,35,Edwin Diaz,LAD,RP,RP,359.5653929710388,46.26061298847196
38,25,30,Alex Bregman,CHC,3B,Batter,358.13893837623255,66.97917497553459
39,50,68,Zack Wheeler,PHI,SP,SP,357.95690155029297,44.65212156772611
40,66,18,Kyle Schwarber,PHI,DH,Batter,357.05612153761194,28.06043633770537
41,68,102,Josh Naylor,SEA,1B/DH,Batter,355.85053781415735,26.854852614250774
42,54,163,Drew Rasmussen,TBR,SP,SP,354.83418130874634,41.52940132617948
43,71,81,Pete Alonso,BAL,1B,Batter,354.22069746211133,25.225012262204757
44,56,33,Mason Miller,SDP,RP,RP,353.7283043861389,40.42352440357206
45,75,221,Yandy Diaz,TBR,1B/DH,Batter,352.44857300676176,23.452887806855188
46,40,23,Julio Rodriguez,SEA,OF,Batter,351.6545709962985,54.4121386082557
47,58,73,Kyle Bradish,BAL,SP,SP,350.04939699172974,36.74461700916288
48,33,20,Junior Caminero,TBR,3B,Batter,349.9557549456302,58.795991544932235
49,32,48,Nico Hoerner,CHC,2B,Batter,346.11045014165205,59.968632162567985
50,44,63,George Springer,TOR,OF/DH,Batter,344.6936395845382,47.451207196495375
51,45,168,Alec Burleson,STL,OF/1B/DH,Batter,344.53313800397177,47.29070561592897
52,59,128,Emmet Sheehan,LAD,SP,SP,344.4331169128418,31.12833693027494
53,60,52,Nick Pivetta,SDP,SP,SP,344.10837745666504,30.803597474098183
54,46,43,Brent Rooker,ATH,OF/DH,Batter,343.9607995327243,46.71836714468151
55,69,115,Corey Seager,TEX,SS,Batter,343.905678911229,25.466369202023714
56,96,69,Matt Olson,ATL,1B,Batter,342.9658318528551,13.970146652948529
57,61,58,Blake Snell,LAD,SP,SP,342.5884323120117,29.283652329444863
58,24,12,Cal Raleigh,SEA,C/DH,Batter,342.4179678723147,67.64167406682844
59,62,161,Robbie Ray,SFG,SP,SP,341.93003487586975,28.625254893302895
60,63,50,George Kirby,SEA,SP,SP,341.56734025478363,28.262560272216774
61,51,60,Jackson Merrill,SDP,OF,Batter,341.4663345896861,44.223902201643284
62,65,86,Brandon Woodruff,MIL,SP,SP,341.39970326423645,28.094923281669594
63,100,97,Freddie Freeman,LAD,1B,Batter,341.0973489438712,12.10166374396465
64,52,57,Steven Kwan,CLE,OF,Batter,340.2546242921043,43.012191904061524
65,53,116,Jurickson Profar,ATL,OF,Batter,339.3593975550947,42.11696516705189
66,41,107,Gleyber Torres,DET,2B,Batter,339.0785733907872,52.93675541170313
67,70,38,Framber Valdez,DET,SP,SP,338.7680469751358,25.463266992568947
68,107,92,Rafael Devers,SFG,1B/DH,Batter,337.6456805813608,8.649995381454232
69,49,25,Manny Machado,SDP,3B,Batter,336.49802418848356,45.3382607877856
70,76,114,Eury Perez,MIA,SP,SP,335.44996905326843,22.145189070701576
71,30,37,William Contreras,MIL,C/DH,Batter,334.9288449751583,60.15255116967205
72,77,77,Nathan Eovaldi,TEX,SP,SP,334.3062152862549,21.001435303688027
73,80,147,Jack Flaherty,DET,SP,SP,333.6614999771118,20.35671999454496
74,82,40,Cade Smith,CLE,RP,RP,332.95607805252075,19.651298069953896
75,86,56,Devin Williams,NYM,RP,RP,331.02117919921875,17.716399216651894
76,89,165,Sandy Alcantara,MIA,SP,SP,330.261372089386,16.95659210681913
77,93,26,Freddy Peralta,NYM,SP,SP,329.3478524684906,16.043072485923744
78,133,294,Luis Arraez,SFG,1B/DH,Batter,329.056144867233,0.060459667326426825
79,94,44,Josh Hader,HOU,RP,RP,328.16977167129517,14.86499168872831
80,105,133,Bo Bichette,NYM,SS,Batter,328.0276235546258,9.588313845420487
81,95,65,Aroldis Chapman,BOS,RP,RP,327.8364133834839,14.53163340091703
82,97,76,Ryan Pepiot,TBR,SP,SP,327.1666650772095,13.861885094642616
83,55,88,Brice Turang,MIL,2B,Batter,327.0070256433598,40.865207664275715
84,64,47,Cody Bellinger,NYY,OF,Batter,325.4487891965183,28.206356808475505
85,102,182,Shane Baz,BAL,SP,SP,323.8208808898926,10.516100907325722
86,116,94,Trea Turner,PHI,SS,Batter,323.77652043700743,5.33721072780213
87,118,148,Jeremy Pena,HOU,SS,Batter,323.65996340596797,5.2206536967626676
88,72,100,Randy Arozarena,SEA,OF,Batter,322.066931164644,24.824498776601217
89,152,300,Nolan Schanuel,LAA,1B,Batter,321.3896488738066,-7.606036326099968
90,48,66,Ben Rice,NYY,1B/C/DH,Batter,320.54592366912414,45.769629863637874
91,111,67,David Bednar,NYY,RP,RP,319.9366888999939,6.63190891742704
92,113,236,Reid Detmers,LAA,RP,RP,319.4946479797363,6.189867997169472
93,114,46,Jhoan Duran,PHI,RP,RP,319.3642635345459,6.059483551979042
94,117,10,Yoshinobu Yamamoto,LAD,SP,SP,318.53604388237,5.231263899803139
95,79,195,Jung Hoo Lee,SFG,OF,Batter,317.7773873183844,20.5349549303416
96,119,85,Spencer Strider,ATL,SP,SP,317.44617199897766,4.141392016410805
97,81,49,Jackson Chourio,MIL,OF,Batter,317.42651623419556,20.18408384615276
98,136,54,Elly De La Cruz,CIN,SS,Batter,317.32492640373283,-1.1143833054724723
99,120,132,Gavin Williams,CLE,SP,SP,317.29197120666504,3.987191224098183
100,123,180,Aaron Nola,PHI,SP,SP,316.0919919013977,2.787211918830849
101,125,62,Kevin Gausman,TOR,SP,SP,315.85836029052734,2.5535803079604875
102,163,89,Bryce Harper,PHI,1B,Batter,315.78960273326123,-13.206082466645341
103,139,141,Willy Adames,SFG,SS,Batter,315.6634658853111,-2.7758438238942063
104,84,75,Pete Crow-Armstrong,CHC,OF,Batter,315.4471493738711,18.204716985828327
105,90,111,Ian Happ,CHC,OF,Batter,313.8774352681102,16.635002880067418
106,132,235,Jose Soriano,LAA,SP,SP,313.76985931396484,0.4650793313979875
107,57,118,Salvador Perez,KCR,C/1B/DH,Batter,313.71896320669117,38.94266940120491
108,67,167,Brendan Donovan,SEA,2B,Batter,313.67814202430685,27.536324045222784
109,92,177,Jo Adell,LAA,OF,Batter,313.67730630106445,16.434873913021647
110,135,104,Tyler Glasnow,LAD,SP,SP,312.2787046432495,-1.0260753393173445
111,78,179,Alec Bohm,PHI,3B,Batter,312.07741028573093,20.91764688503298
112,150,188,Zach Neto,LAA,SS,Batter,311.7716724140071,-6.667637295198176
113,170,300,Jonathan Aranda,TBR,1B,Batter,311.0377155252941,-17.957969674612457
114,74,83,Ozzie Albies,ATL,2B,Batter,310.2834115394264,24.141593560342358
115,99,78,Roman Anthony,BOS,OF,Batter,309.61414122744173,12.371708839398934
116,101,106,Taylor Ward,BAL,OF,Batter,308.70885575980293,11.46642337176013
117,145,135,Zac Gallen,ARI,SP,SP,308.52498376369476,-4.779796218872093
118,88,108,Matt Chapman,SFG,3B,Batter,308.469566135759,17.309802735061055
119,158,300,Masyn Winn,STL,SS,Batter,308.3667587446619,-10.072550964543382
120,147,154,MacKenzie Gore,TEX,SP,SP,307.7291896343231,-5.575590348243736
121,103,79,Wyatt Langford,TEX,OF,Batter,307.3919354934558,10.149503105412975
122,148,136,Daniel Palencia,CHC,RP,RP,307.0017080307007,-6.303071951866173
123,149,93,Luis Castillo,SEA,SP,SP,306.7455234527588,-6.559256529808067
124,179,262,Ivan Herrera,STL,DH,Batter,306.244264920675,-22.75142027923158
125,153,36,Andres Munoz,SEA,RP,RP,305.63697814941406,-7.667801833152794
126,108,53,Jarren Duran,BOS,OF,Batter,305.3429902884419,8.10055790039911
127,155,110,Pablo Lopez,MIN,SP,SP,304.4523355960846,-8.852444386482262
128,156,122,Tanner Bibee,CLE,SP,SP,304.19111144542694,-9.113668537139915
129,112,91,Brandon Nimmo,TEX,OF,Batter,303.8017971125111,6.55936472446831
130,87,126,Marcus Semien,NYM,2B,Batter,303.5879975939809,17.446179614896835
131,184,227,Marcell Ozuna,ATL,DH,Batter,303.2090503442341,-25.786634855672503
132,115,214,Daylen Lile,WSN,OF,Batter,302.84973320815885,5.607300820116052
133,91,220,Ernie Clement,TOR,3B/2B/SS,Batter,302.59937970410994,16.45756172502587
134,159,137,Michael King,SDP,SP,SP,302.4365804195404,-10.868199563026451
135,162,140,Ranger Suarez,BOS,SP,SP,301.49692964553833,-11.807850337028526
136,164,189,Kris Bubic,KCR,SP,SP,299.51483595371246,-13.789944028854393
137,126,109,Riley Greene,DET,OF/DH,Batter,299.4333122119105,2.1908798238677036
138,73,101,Drake Baldwin,ATL,C,Batter,299.3553434764121,24.579049670925826
139,98,210,Otto Lopez,MIA,SS/2B,Batter,298.974486427116,12.832668448031939
140,110,272,Carlos Correa,HOU,SS/3B,Batter,298.63095650066396,7.471193099966001
141,165,99,Chase Burns,CIN,SP,SP,297.9853458404541,-15.319434142112755
142,176,300,Ezequiel Tovar,COL,SS,Batter,297.98263906758154,-20.45667064162376
143,166,152,Nolan McLean,NYM,SP,SP,296.42361438274384,-16.88116559982302
144,134,263,Heliot Ramos,SFG,OF,Batter,296.28655156975407,-0.9558808182887333
145,201,258,Spencer Torkelson,DET,1B,Batter,296.14253546249057,-32.853149737416004
146,167,300,Luis Severino,ATH,SP,SP,296.0789850950241,-17.225794887542747
147,168,300,Brandon Pfaadt,ARI,SP,SP,296.01938557624817,-17.285394406318687
148,104,146,Bryson Stott,PHI,2B,Batter,295.9649194839271,9.82310150484301
149,171,197,Bubba Chandler,PIT,SP,SP,294.672908782959,-18.631871199607872
150,172,1,Shohei Ohtani,LAD,SP,SP,293.94717383384705,-19.35760614871981
151,140,98,James Wood,WSN,OF/DH,Batter,293.9177052428982,-3.3247271451446068
152,211,80,Christian Yelich,MIL,DH,Batter,293.78251150592484,-35.21317369398173
153,141,87,Seiya Suzuki,CHC,OF/DH,Batter,293.72485970749244,-3.5175726805503587
154,173,113,Emilio Pagan,CIN,RP,RP,293.5665616989136,-19.738218283653282
155,175,251,Mitch Keller,PIT,SP,SP,293.4240173101425,-19.88076267242434
156,127,59,Austin Riley,ATL,3B,Batter,293.1087172642469,1.9489538635489225
157,83,112,Adley Rutschman,BAL,C,Batter,293.03527738094857,18.25898357546231
158,143,176,Jakob Marsee,MIA,OF,Batter,292.8427777466832,-4.399654641359575
159,85,84,Shea Langeliers,ATH,C,Batter,292.74334122119086,17.9670474157046
160,128,212,Miguel Vargas,CHW,3B/1B,Batter,292.4824930966752,1.322729695977273
161,130,240,Nolan Arenado,ARI,3B,Batter,291.98072018604773,0.8209567853497788
162,177,124,Jacob Misiorowski,MIL,SP,SP,291.8659111261368,-21.438868856430076
163,131,151,Jordan Westburg,BAL,3B,Batter,291.8272155849511,0.6674521842531362
164,146,156,Michael Harris II,ATL,OF,Batter,291.7271321379489,-5.515300250093901
165,215,271,Michael Busch,CHC,1B,Batter,291.13851255274824,-37.857172647158336
166,191,183,CJ Abrams,WSN,SS,Batter,290.84977722079975,-27.589532488405553
167,180,205,Yusei Kikuchi,LAA,SP,SP,290.1546632051468,-23.150116777420067
168,121,162,Luis Garcia Jr.,WSN,2B,Batter,289.9166398800485,3.7748219009644117
169,122,181,Xavier Edwards,MIA,2B/SS,Batter,289.37937730143364,3.2375593223495684
170,194,164,Jacob Wilson,ATH,SS,Batter,288.90898590259053,-29.530323806614774
171,154,125,Tyler Soderstrom,ATH,OF/1B,Batter,288.6865770824931,-8.555855305549699
172,181,246,Ryne Nelson,ARI,SP,SP,288.21119689941406,-25.093583083152794
173,182,117,Jeff Hoffman,TOR,RP,RP,288.10179924964905,-25.20298073291781
174,224,300,Josh Bell,MIN,1B,Batter,287.2438007969288,-41.751884402977794
175,188,204,Carlos Rodon,NYY,SP,SP,286.80753695964813,-26.497243022918724
176,198,233,Xander Bogaerts,SDP,SS,Batter,286.5649980530958,-31.874311656109512
177,144,166,Caleb Durbin,BOS,3B,Batter,286.3996708715688,-4.760092529129167
178,160,153,Bryan Reynolds,PIT,OF/DH,Batter,286.1257506456666,-11.116681742376215
179,200,300,J.P. Crawford,SEA,SS,Batter,285.8810976831859,-32.55821202601942
180,161,139,Andy Pages,LAD,OF,Batter,285.765044400711,-11.477387987331781
181,192,155,Matthew Boyd,CHC,SP,SP,285.01787090301514,-28.28690907955172
182,205,215,Dansby Swanson,CHC,SS,Batter,284.3495938385919,-34.08971587061342
183,193,297,Joey Cantillo,CLE,SP,SP,284.34955883026123,-28.955221152305626
184,138,277,Jeff McNeil,ATH,2B/OF,Batter,283.46196327622215,-2.679854702861917
185,109,160,Hunter Goodman,COL,C/DH,Batter,282.25386834007503,7.4775745345887685
186,142,55,Jose Altuve,HOU,2B/OF/DH,Batter,281.984014627435,-4.157803351649079
187,199,300,Max Meyer,MIA,SP,SP,281.0393215417862,-32.26545844078066
188,151,74,Jazz Chisholm Jr.,NYY,2B/3B,Batter,279.3815526277877,-6.760265351296368
189,204,121,Ryan Helsley,BAL,RP,RP,279.31028747558594,-33.99449250698092
190,209,134,Nick Lodolo,CIN,SP,SP,278.4013968706131,-34.90338311195376
191,210,193,Edward Cabrera,CHC,SP,SP,278.3909294605255,-34.91385052204134
192,124,123,Yainer Diaz,HOU,C/DH,Batter,277.36750541846106,2.591211612974803
193,212,169,Andrew Abbott,CIN,SP,SP,276.96315813064575,-36.341621851921104
194,129,208,Alejandro Kirk,TOR,C,Batter,276.01229711111665,1.2360033056303905
195,178,225,TJ Friedl,CIN,OF,Batter,275.416409065677,-21.826023322365813
196,216,174,Merrill Kelly,ARI,SP,SP,275.21193623542786,-38.092843747139
197,218,224,Brady Singer,CIN,SP,SP,273.94548058509827,-39.35929939746859
198,219,158,Abner Uribe,MIL,RP,RP,273.66192626953125,-39.642853713035606
199,137,127,Agustin Ramirez,MIA,C/DH,Batter,273.34534779034965,-1.4309460151366125
200,221,72,Raisel Iglesias,ATL,RP,RP,273.0917534828186,-40.21302649974825
201,255,300,Willson Contreras,BOS,1B,Batter,272.3624114102424,-56.6332737896642
202,226,267,Chris Bassitt,BAL,SP,SP,271.20044124126434,-42.10433874130251
203,186,300,Lars Nootbaar,STL,LF,Batter,271.0059356648532,-26.23649672318959
204,227,90,Carlos Estevez,KCR,RP,RP,269.88560473918915,-43.41917524337771
205,228,105,Pete Fairbanks,MIA,RP,RP,269.5745153427124,-43.730264639854454
206,262,300,Andrew Vaughn,MIL,1B,Batter,269.4779666206214,-59.5177185792852
207,263,300,Paul Goldschmidt,NYY,1B,Batter,269.47576212689376,-59.51992307301282
208,231,196,Dennis Santana,PIT,RP,RP,269.1564497947693,-44.14833018779757
209,169,144,Luke Keaschall,MIN,2B,Batter,268.7903590804575,-17.35145889862656
210,232,300,Cade Cavalli,WSN,SP,SP,268.7573127746582,-44.54746720790865
211,234,170,Ryan Walker,SFG,RP,RP,267.8231316804886,-45.48164830207827
212,235,275,Clay Holmes,NYM,SP,SP,267.48757219314575,-45.817207789421104
213,174,194,Jorge Polanco,NYM,2B/DH,Batter,266.338801814121,-19.803016164963083
214,239,264,Shane Smith,CHW,SP,SP,266.20761692523956,-47.09716305732729
215,196,159,Oneil Cruz,PIT,OF,Batter,265.8040859911789,-31.438346396863892
216,197,191,Sal Frelick,MIL,OF,Batter,265.53274311991595,-31.70968926812685
217,241,300,Dustin May,STL,SP,SP,265.25544571876526,-48.0493342638016
218,250,300,Chase Meidroth,CHW,SS,Batter,265.10666197247286,-53.33264773673244
219,157,96,Will Smith,LAD,C,Batter,264.9024503674291,-9.873843438057179
220,242,300,Braxton Ashcraft,PIT,SP,SP,264.3104792833328,-48.99430069923403
221,202,299,Andrew Benintendi,CHW,OF/DH,Batter,263.91763762001113,-33.324794768031666
222,244,171,Shota Imanaga,CHC,SP,SP,263.3871713876724,-49.91760859489443
223,245,300,Quinn Priester,MIL,SP,SP,263.30710434913635,-49.997675633430504
224,206,232,Wilyer Abreu,BOS,OF,Batter,262.90780012406003,-34.33463226398277
225,208,129,Byron Buxton,MIN,OF,Batter,262.6461816754465,-34.596250712596316
226,195,300,Brooks Lee,MIN,3B,Batter,261.55407692845694,-29.60568647224102
227,248,300,Jeffrey Springs,ATH,SP,SP,261.49876499176025,-51.8060149908066
228,278,300,Jake Burger,TEX,1B,Batter,261.4684068948543,-67.52727830505228
229,183,226,Jake Cronenworth,SDP,2B,Batter,260.7180883347228,-25.423729644361288
230,213,211,Kyle Stowers,MIA,OF,Batter,260.4909208727844,-36.751511515258414
231,214,219,Daulton Varsho,TOR,OF,Batter,260.0383937927414,-37.20403859530143
232,187,300,Andres Gimenez,TOR,2B,Batter,259.81807608502777,-26.323741894056297
233,189,286,Jonathan India,KCR,2B/3B/OF/DH,Batter,259.33490705872515,-26.806910920358916
234,190,178,Ceddanne Rafaela,BOS,OF/2B,Batter,259.2400135110822,-26.901804468001842
235,253,269,Sean Manaea,NYM,SP,SP,257.5706932544708,-55.73408672809603
236,220,288,Dylan Crews,WSN,OF,Batter,257.19325448742416,-40.049177900618645
237,222,229,Ryan O'Hearn,PIT,1B/OF/DH,Batter,256.70221856921756,-40.54021381882524
238,207,138,Isaac Paredes,HOU,3B,Batter,256.6607168901246,-34.49904651057335
239,257,209,Bryce Miller,SEA,SP,SP,256.30701875686646,-56.9977612257004
240,258,143,Griffin Jax,TBR,SP,SP,255.7524185180664,-57.55236146450045
241,294,300,Kyle Manzardo,CLE,1B,Batter,255.68744500747303,-73.30824019243354
242,225,257,Mike Trout,LAA,OF/DH,Batter,255.1536349594675,-42.088797428575305
243,260,173,Trevor Rogers,BAL,SP,SP,254.9886293411255,-58.31615064144137
244,261,300,Ryan Weathers,NYY,SP,SP,254.51277232170105,-58.792007660865806
245,229,228,Kerry Carpenter,DET,OF/DH,Batter,253.2097674638951,-44.032664924147696
246,230,242,Lawrence Butler,ATH,OF,Batter,253.10943160926266,-44.13300077878014
247,267,300,Tyler Mahle,SFG,SP,SP,252.55924558639526,-60.74553439617159
248,203,157,Brandon Lowe,PIT,2B,Batter,252.45067323542472,-33.69114474365935
249,273,300,Joey Ortiz,MIL,SS,Batter,252.42121871104337,-66.01809099816194
250,217,200,Noelvi Marte,CIN,OF/3B,Batter,252.05970828371196,-39.100055116986
251,236,270,Trent Grisham,NYY,OF,Batter,251.21732923373284,-46.02510315430996
252,240,300,Jac Caglianone,KCR,RF,Batter,250.06291771581056,-47.179514672232244
253,268,300,Jacob Lopez,ATH,SP,SP,249.8569324016571,-63.44784758090975
254,185,253,Gabriel Moreno,ARI,C,Batter,248.69123142498808,-26.085062380498186
255,270,300,Will Warren,NYY,SP,SP,248.57135009765625,-64.7334298849106
256,271,222,Seranthony Dominguez,CHW,RP,RP,248.20085191726685,-65.10392806530001
257,317,247,Christian Walker,HOU,1B,Batter,247.70342659117406,-81.29225860873251
258,243,300,Gavin Sheets,SDP,LF,Batter,247.53073150544168,-49.71170088260112
259,274,172,Edwin Uceta,TBR,RP,RP,247.12027645111084,-66.18450353145602
260,246,296,Brenton Doyle,COL,OF,Batter,247.08832821927612,-50.15410416876668
261,275,300,Taj Bradley,MIN,SP,SP,246.9877952337265,-66.31698474884035
262,289,300,Colson Montgomery,CHW,SS,Batter,246.91702128683437,-71.52228842237093
263,233,119,Eugenio Suarez,CIN,3B,Batter,246.60133494266975,-44.5584284580282
264,280,249,Casey Mize,DET,SP,SP,245.19807124137878,-68.10670874118807
265,223,230,Colt Keith,DET,2B/3B/DH,Batter,244.48153136257386,-41.660286616510206
266,281,300,Mike Burrows,HOU,SP,SP,244.4082932472229,-68.89648673534396
267,249,300,Mickey Moniak,COL,RF,Batter,244.22523425466696,-53.01719813337584
268,283,280,Grant Taylor,CHW,SP,SP,243.85703659057617,-69.44774339199068
269,284,300,Slade Cecconi,CLE,SP,SP,243.82260131835938,-69.48217866420748
270,285,300,Chad Patrick,MIL,SP,SP,243.69231939315796,-69.6124605894089
271,287,300,Victor Vodnik,COL,RP,RP,243.35707092285156,-69.9477090597153
272,328,82,Nick Kurtz,ATH,1B,Batter,243.098645879492,-85.89703932041456
273,251,300,Ramon Laureano,SDP,RF,Batter,242.41342179037377,-54.829010597669026
274,288,300,Jameson Taillon,CHC,SP,SP,242.36977529525757,-70.93500468730929
275,252,150,Teoscar Hernandez,LAD,OF,Batter,241.8465904470445,-55.39584194099831
276,247,289,Addison Barger,TOR,3B/OF,Batter,240.73325777163134,-50.42650562906661
277,291,207,Robert Garcia,TEX,RP,RP,240.6018295288086,-72.70295045375826
278,292,300,Clayton Beeter,WSN,RP,RP,240.28185296058655,-73.02292702198031
279,293,300,Cameron Schlittler,NYY,SP,SP,240.1377763748169,-73.16700360774996
280,237,130,Jackson Holliday,BAL,2B,Batter,239.7938569531436,-46.347961025940464
281,259,248,Adolis Garcia,PHI,OF,Batter,239.2647317925736,-57.9777005954692
282,296,268,Brayan Bello,BOS,SP,SP,239.06770706176758,-74.23707292079928
283,299,285,David Peterson,NYM,SP,SP,237.62911069393158,-75.67566928863528
284,264,245,Luis Robert Jr.,NYM,OF,Batter,237.15009885672325,-60.092333531319554
285,302,95,Trevor Megill,MIL,RP,RP,237.04952478408813,-76.25525519847872
286,304,300,Lucas Giolito,BOS,SP,SP,236.45893514156342,-76.84584484100344
287,307,290,Michael Wacha,KCR,SP,SP,235.55853605270386,-77.746243929863
288,310,244,Jack Leiter,TEX,SP,SP,234.80499958992004,-78.49978039264681
289,311,282,Seth Lugo,KCR,SP,SP,234.7646951675415,-78.54008481502535
290,256,300,Josh Jung,TEX,3B,Batter,234.33577607057313,-56.82398733012482
291,312,300,Kyle Leahy,STL,SP,SP,234.01312518119812,-79.29165480136874
292,314,300,Brad Lord,WSN,SP,SP,233.31583213806152,-79.98894784450533
293,315,131,Kenley Jansen,DET,RP,RP,232.63808298110962,-80.66669700145724
294,316,300,Zebby Matthews,MIN,SP,SP,232.10229969024658,-81.20248029232027
295,318,300,Grant Holmes,ATL,SP,SP,231.74046325683594,-81.56431672573092
296,332,218,Trevor Story,BOS,SS,Batter,231.64569057957047,-86.79361912963483
297,277,201,Chandler Simpson,TBR,OF,Batter,230.29681848789826,-66.94561390014454
298,322,265,Steven Matz,TBR,SP,SP,229.95168018341064,-83.35309979915621
299,323,274,Logan Henderson,MIL,SP,SP,229.47904706001282,-83.82573292255404
300,279,300,Nathan Lukes,TOR,RF,Batter,229.4035035162184,-67.83892887182441
301,238,300,Ryan Jeffers,MIN,C,Batter,228.40127228322237,-46.37502152226389
302,326,300,Justin Verlander,DET,SP,SP,227.63857913017273,-85.66620085239413
303,327,217,Noah Cameron,KCR,SP,SP,227.53835678100586,-85.766423201561
304,333,300,Cristian Javier,HOU,SP,SP,226.47611117362976,-86.8286688089371
305,571,186,Max Muncy,LAD,3B,Batter,226.43456370319512,-64.72519969750283
306,269,186,Max Muncy,LAD,3B,Batter,226.43456370319512,-64.72519969750283
307,334,300,Michael McGreevy,STL,SP,SP,225.99608945846558,-87.30869052410128
308,265,259,Matt McLain,CIN,2B,Batter,225.76312972498158,-60.378688254102485
309,266,287,Tommy Edman,LAD,2B/OF,Batter,225.48108632651477,-60.6607316525693
310,347,300,Josh Smith,TEX,SS,Batter,225.39100580462696,-93.04830390457835
311,336,300,Johan Oviedo,BOS,SP,SP,224.5682954788208,-88.73648450374606
312,377,300,Spencer Horwitz,PIT,1B,Batter,223.83309149630156,-105.16259370360501
313,295,300,Willi Castro,COL,LF,Batter,223.64885433491608,-73.59357805312672
314,339,300,Adrian Houser,SFG,SP,SP,223.022616147995,-90.28216383457186
315,282,175,Royce Lewis,MIN,3B,Batter,222.10389657557835,-69.05586682511961
316,297,300,Jake Meyers,HOU,CF,Batter,221.95696113197255,-75.28547125607025
317,341,300,Parker Messick,CLE,SP,SP,221.8638640642166,-91.44091591835024
318,300,300,Matt Wallner,MIN,RF,Batter,221.55048500216517,-75.69194738587763
319,344,300,Davis Martin,CHW,SP,SP,221.2957592010498,-92.00902078151705
320,301,300,Brandon Marsh,PHI,CF,Batter,221.0929487325745,-76.14948365546829
321,303,300,Colton Cowser,BAL,LF,Batter,220.9025085150129,-76.3399238730299
322,350,300,Zack Littell,- - -,SP,SP,218.83259439468384,-94.47218558788302
323,309,300,Wenceel Perez,DET,RF,Batter,218.7746545652537,-78.46777782278909
324,254,300,Francisco Alvarez,NYM,C,Batter,218.39313067379305,-56.38316313169321
325,351,300,Matthew Liberatore,STL,SP,SP,218.17883348464966,-95.1259464979172
326,352,145,Shane Bieber,TOR,SP,SP,217.96396255493164,-95.34081742763522
327,313,300,Mike Yastrzemski,ATL,RF,Batter,217.61809484937922,-79.62433753866358
328,353,254,Garrett Cleavinger,TBR,RP,RP,217.40509748458862,-95.89968249797823
329,354,300,Taylor Rogers,MIN,RP,RP,216.89783012866974,-96.40694985389712
330,355,203,Jeremiah Estrada,SDP,RP,RP,216.51663827896118,-96.78814170360567
331,357,300,Dean Kremer,BAL,SP,SP,216.03233921527863,-97.27244076728823
332,358,300,Nick Martinez,TBR,SP,SP,215.89334774017334,-97.41143224239352
333,360,300,Andre Pallante,STL,SP,SP,215.37189483642578,-97.93288514614107
334,362,185,Robert Suarez,ATL,RP,RP,214.29459595680237,-99.01018402576449
335,305,300,Brett Baty,NYM,3B,Batter,213.68175530341227,-77.47800809728568
336,365,206,Bailey Ober,MIN,SP,SP,213.53155505657196,-99.7732249259949
337,324,300,Dominic Canzone,SEA,RF,Batter,213.21822516334174,-84.02420722470106
338,366,192,Cade Horton,CHC,SP,SP,213.1986927986145,-100.10608718395235
339,378,300,Jared Triolo,PIT,SS,Batter,213.07973619151753,-105.35957351768778
340,369,239,Kodai Senga,NYM,SP,SP,212.51350104808807,-100.79127893447878
341,401,300,Jesus Sanchez,TOR,Unknown,Batter,211.53941403231343,-117.45627116759314
342,329,300,Victor Scott II,STL,CF,Batter,211.28104627675648,-85.96138611128632
343,330,300,Jordan Beck,COL,LF,Batter,210.93052514235552,-86.31190724568728
344,331,291,Cedric Mullins,TBR,OF,Batter,210.8951092931819,-86.34732309486091
345,298,300,Lenyn Sosa,CHW,2B,Batter,210.53253914530916,-75.60927883377491
346,372,149,Bryan Abreu,HOU,RP,RP,210.52536010742188,-102.77941987514498
347,319,300,Ke'Bryan Hayes,CIN,3B,Batter,209.47615135054724,-81.68361205015071
348,272,300,J.T. Realmuto,PHI,C,Batter,209.44398755847052,-65.33230624701574
349,375,300,Kyle Freeland,COL,SP,SP,208.59041047096252,-104.71436951160433
350,376,300,Max Scherzer,TOR,SP,SP,208.53082883358002,-104.77395114898684
351,276,300,Kyle Teel,CHW,C,Batter,208.20763840469124,-66.56865540079502
352,337,300,Miguel Andujar,SDP,LF,Batter,208.08817523813073,-89.15425714991207
353,379,300,Sean Burke,CHW,SP,SP,207.10231161117554,-106.20246837139132
354,388,300,Anthony Volpe,NYY,SS,Batter,207.05356888454727,-111.38574082465803
355,380,241,Riley O'Brien,STL,RP,RP,206.43837070465088,-106.86640927791598
356,325,300,Brady House,WSN,3B,Batter,205.9351976222515,-85.22456577844645
357,343,300,Jorge Soler,LAA,RF,Batter,205.34537176853976,-91.89706061950304
358,383,300,Kevin Ginkel,ARI,RP,RP,205.14924144744873,-108.15553853511813
359,286,300,Dillon Dingler,DET,C,Batter,204.96806776570313,-69.80822603978314
360,345,300,Josh Lowe,LAA,RF,Batter,204.74514463020003,-92.49728775784277
361,346,300,Alek Thomas,ARI,CF,Batter,204.31745072066238,-92.92498166738042
362,348,300,Parker Meadows,DET,CF,Batter,203.8346569095972,-93.40777547844561
363,387,300,Jose Berrios,TOR,SP,SP,202.44829654693604,-110.85648343563082
364,290,300,Logan O'Hoppe,LAA,C,Batter,202.12672875689262,-72.64956504859364
365,338,300,Mark Vientos,NYM,3B,Batter,201.27869002314742,-89.88107337755054
366,391,252,JoJo Romero,STL,RP,RP,200.1005859375,-113.20419404506686
367,359,300,Austin Hays,CHW,LF,Batter,199.6317643049468,-97.61066808309599
368,395,300,Landen Roupp,SFG,SP,SP,199.03426456451416,-114.2705154180527
369,363,300,Harrison Bader,SFG,LF,Batter,198.21197718268633,-99.03045520535647
370,397,300,Michael Soroka,ARI,SP,SP,198.0747528076172,-115.23002717494967
371,364,300,Evan Carter,TEX,CF,Batter,198.056103295783,-99.1863290922598
372,306,300,Bo Naylor,CLE,C,Batter,197.14750887960346,-77.6287849258828
373,308,300,Austin Wells,NYY,C,Batter,196.77541257515452,-78.00088123033174
374,400,300,Cole Henry,WSN,RP,RP,196.25035095214844,-117.05442903041842
375,408,300,Brayan Rocchio,CLE,SS,Batter,195.83060290679788,-122.60870680240743
376,340,300,Nolan Gorman,STL,2B,Batter,195.53004575558225,-90.61177222350182
377,371,300,Jordan Walker,STL,RF,Batter,195.23114405139165,-102.01128833665115
378,356,300,Ryan McMahon,NYY,3B,Batter,194.01979094969224,-97.13997245100572
379,402,300,Aaron Civale,ATH,SP,SP,193.53347885608673,-119.77130112648013
380,403,300,Zach Eflin,BAL,SP,SP,193.50957870483398,-119.79520127773287
381,437,300,Joc Pederson,TEX,1B,Batter,192.88243016967812,-136.11325503022846
382,320,300,Patrick Bailey,SFG,C,Batter,192.8114172076192,-81.96487659786706
383,321,256,Samuel Basallo,BAL,C,Batter,192.76652239077254,-82.00977141471373
384,405,300,Simeon Woods Richardson,MIN,SP,SP,191.79098308086395,-121.5137969017029
385,406,300,Michael Lorenzen,COL,SP,SP,191.70275139808655,-121.60202858448031
386,5,300,Spencer Steer,CIN,SP,Batter,191.38794566724278,191.38794566724278
387,407,213,Garrett Whitlock,BOS,RP,RP,191.31909084320068,-121.98568913936617
388,409,250,Adrian Morejon,SDP,RP,RP,190.52788639068604,-122.77689359188082
389,410,231,Luke Weaver,NYM,RP,RP,190.50897598266602,-122.79580399990084
390,411,273,Andrew Kittredge,BAL,RP,RP,190.47501349449158,-122.82976648807528
391,412,300,Luis Morales,ATH,SP,SP,190.36458384990692,-122.94019613265993
392,413,298,Tony Santillan,CIN,RP,RP,189.90943956375122,-123.39534041881564
393,370,300,Connor Norby,MIA,3B,Batter,189.66961450440627,-101.49014889629169
394,382,300,Trevor Larnach,MIN,RF,Batter,189.45329300615077,-107.78913938189203
395,385,300,Kyle Isbel,KCR,CF,Batter,187.8565834842642,-109.3858489037786
396,414,237,Tanner Scott,LAD,RP,RP,187.57653760910034,-125.72824237346651
397,415,292,Roki Sasaki,LAD,SP,SP,187.27247619628906,-126.0323037862778
398,335,300,Edgar Quero,CHW,C,Batter,187.02586193302943,-87.75043187245683
399,389,300,Brooks Baldwin,CHW,LF,Batter,185.78545591573578,-111.45697647230702
400,416,300,Hogan Harris,ATH,RP,RP,185.78253507614136,-127.5222449064255
401,367,300,Nick Gonzales,PIT,2B,Batter,185.77154176614337,-100.3702762129407
402,417,300,Chris Paddack,MIA,SP,SP,185.73585605621338,-127.56892392635348
403,390,300,Tyler Freeman,COL,RF,Batter,185.64527010527965,-111.59716228276315
404,418,279,Phil Maton,CHC,RP,RP,185.24733901023865,-128.0574409723282
405,468,300,Pavin Smith,ARI,1B,Batter,184.04788255257301,-144.94780264733356
406,381,300,Zach McKinstry,DET,3B,Batter,184.03036310783347,-107.12940029286449
407,419,300,Eduardo Rodriguez,ARI,SP,SP,183.81091916561127,-129.4938608169556
408,342,300,Freddy Fermin,SDP,C,Batter,183.28714497695432,-91.48914882853194
409,393,300,Dylan Beavers,BAL,RF,Batter,183.2253140523899,-114.0171183356529
410,384,300,Luis Rengifo,MIL,3B,Batter,182.33299931580066,-108.82676408489729
411,396,300,Isaac Collins,KCR,LF,Batter,182.18954036402067,-115.05289202402213
412,398,300,Tyler O'Neill,BAL,RF,Batter,181.87768847199058,-115.36474391605222
413,422,300,Jose Alvarado,PHI,RP,RP,181.72837829589844,-131.57640168666842
414,424,198,Will Vest,DET,RP,RP,181.640887260437,-131.66389272212984
415,425,300,Jose A. Ferrer,SEA,RP,RP,181.6387960910797,-131.66598389148714
416,426,300,Dylan Lee,ATL,RP,RP,181.47130036354065,-131.8334796190262
417,427,300,Chase Dollander,COL,SP,SP,181.17308735847473,-132.13169262409212
418,428,300,Luis Gil,NYY,SP,SP,181.15795040130615,-132.1468295812607
419,429,300,Matt Svanson,STL,RP,RP,180.9658796787262,-132.33890030384066
420,349,300,Jonah Heim,TEX,C,Batter,180.66630653454075,-94.10998727094551
421,430,300,Fernando Cruz,NYY,RP,RP,180.47824144363403,-132.82653853893282
422,432,300,Yimi Garcia,TOR,RP,RP,180.0096263885498,-133.29515359401705
423,434,300,Mark Leiter Jr.,ATH,RP,RP,177.6327133178711,-135.67206666469576
424,435,300,Alex Vesia,LAD,RP,RP,177.60594201087952,-135.69883797168734
425,436,300,Randy Vasquez,SDP,SP,SP,177.37697112560272,-135.92780885696413
426,438,295,Brad Keller,PHI,SP,SP,177.17514038085938,-136.12963960170748
427,439,234,Matt Brash,SEA,RP,RP,176.85955142974854,-136.44522855281832
428,442,300,Bryan Baker,TBR,RP,RP,176.4921531677246,-136.81262681484225
429,361,300,Carson Kelly,CHC,C,Batter,176.49097219352944,-98.28532161195682
430,443,300,Justin Sterner,ATH,SP,SP,176.33226883411407,-136.97251114845278
431,444,293,Matt Strahm,KCR,RP,RP,176.15917873382568,-137.14560124874117
432,386,300,Cole Young,SEA,2B,Batter,176.1152775115364,-110.02654046754768
433,446,243,Jordan Leasure,CHW,SP,SP,175.52931213378906,-137.7754678487778
434,447,300,Calvin Faucher,MIA,RP,RP,174.18849182128906,-139.1162881612778
435,368,300,Victor Caratini,MIN,C,Batter,173.9956797618437,-100.78061404364257
436,448,300,Andrew Alvarez,WSN,SP,SP,173.5467586517334,-139.75802133083346
437,450,300,Kumar Rocker,TEX,SP,SP,173.0689821243286,-140.23579785823824
438,511,300,Rhys Hoskins,MIL,1B,Batter,172.32516685637881,-156.67051834352776
439,451,300,Bryan King,HOU,RP,RP,172.235675573349,-141.06910440921786
440,394,300,Mauricio Dubon,ATL,2B,Batter,172.07778799978863,-114.06402997929544
441,452,300,Louie Varland,TOR,SP,SP,171.99044919013977,-141.31433079242709
442,453,300,Mike Vasil,CHW,SP,SP,171.93512296676636,-141.3696570158005
443,454,300,Jimmy Herget,COL,RP,RP,171.9044361114502,-141.40034387111666
444,455,300,Patrick Corbin,TEX,SP,SP,171.82770764827728,-141.47707233428957
445,513,300,C.J. Kayfus,CLE,1B,Batter,171.79817921648635,-157.19750598342023
446,373,300,Keibert Ruiz,WSN,C,Batter,171.54739622635458,-103.22889757913168
447,374,300,Carlos Narvaez,BOS,C,Batter,171.07765886474044,-103.69863494074582
448,456,300,Gregory Soto,PIT,RP,RP,170.59582912921906,-142.7089508533478
449,457,300,Mick Abel,MIN,SP,SP,170.45530724525452,-142.84947273731234
450,399,300,Christian Moore,LAA,2B,Batter,170.3974005681362,-115.74441741094788
451,517,300,Giancarlo Stanton,NYY,DH,Batter,170.11119981865536,-158.8844853812512
452,459,300,Hunter Gaddis,CLE,RP,RP,169.8686535358429,-143.43612644672396
453,460,300,Shawn Armstrong,CLE,SP,SP,169.46397733688354,-143.8408026456833
454,461,300,Jared Koenig,MIL,RP,RP,169.28197932243347,-144.02280066013338
455,462,300,Lance McCullers Jr.,HOU,SP,SP,168.99063849449158,-144.31414148807528
456,463,284,Ian Seymour,TBR,SP,SP,168.93082475662231,-144.37395522594454
457,464,300,Keegan Akin,BAL,SP,SP,168.84708285331726,-144.4576971292496
458,465,300,Kyle Harrison,MIL,SP,SP,168.68080472946167,-144.6239752531052
459,466,300,Logan Allen,CLE,SP,SP,168.6296670436859,-144.67511293888094
460,471,300,Tyler Rogers,TOR,RP,RP,168.15486907958984,-145.149910902977
461,472,300,Orion Kerkering,PHI,RP,RP,167.94285821914673,-145.36192176342013
462,473,300,Erik Miller,SFG,RP,RP,167.82473802566528,-145.48004195690157
463,474,300,Jacob Latz,TEX,SP,SP,167.57785892486572,-145.72692105770113
464,476,300,Aaron Ashby,MIL,SP,SP,166.7247314453125,-146.58004853725436
465,420,300,Gavin Lux,TBR,LF,Batter,166.545233363443,-130.6971990245998
466,477,300,Bryce Elder,ATL,SP,SP,166.53609383106232,-146.76868615150454
467,478,300,Eduard Bazardo,SEA,RP,RP,166.06584215164185,-147.238937830925
468,421,300,Cam Smith,HOU,RF,Batter,165.8905506546841,-131.3518817333587
469,479,71,Spencer Schwellenbach,ATL,SP,SP,165.76784443855286,-147.536935544014
470,480,300,Cole Sands,MIN,SP,SP,165.72130012512207,-147.5834798574448
471,404,300,Michael Massey,KCR,2B,Batter,164.63812020293258,-121.50369777615148
472,486,276,Kirby Yates,LAA,RP,RP,163.92882537841797,-149.3759546041489
473,487,216,Kyle Finnegan,DET,RP,RP,163.8136749267578,-149.49110505580904
474,491,300,Juan Mejia,COL,RP,RP,162.8590064048767,-150.44577357769015
475,493,300,Blake Treinen,LAD,RP,RP,162.53169107437134,-150.77308890819552
476,494,300,Ryan Feltner,COL,SP,SP,162.3587144613266,-150.94606552124026
477,433,300,Austin Martin,MIN,CF,Batter,162.304597401252,-134.9378349867908
478,508,300,Gabriel Arias,CLE,SS,Batter,162.23186488342265,-156.20744482578266
479,495,300,Jose Quintana,COL,SP,SP,161.20545029640198,-152.09932968616488
480,392,300,Tyler Stephenson,CIN,C,Batter,160.8917479554061,-113.88454585008017
481,440,300,Heriberto Hernandez,MIA,LF,Batter,160.68799169295193,-136.55444069509088
482,441,300,Davis Schneider,TOR,LF,Batter,160.6366391238053,-136.6057932642375
483,497,300,Griffin Canning,SDP,SP,SP,160.26880264282227,-153.0359773397446
484,445,300,Jake McCarthy,COL,CF,Batter,160.02229304905552,-137.22013933898728
485,499,300,Caleb Thielbar,CHC,RP,RP,159.43047332763672,-153.87430665493014
486,501,300,Joel Peguero,SFG,RP,RP,159.18141174316406,-154.1233682394028
487,502,300,Jonathan Cannon,CHW,SP,SP,158.77053594589233,-154.53424403667452
488,504,300,Miles Mikolas,WSN,SP,SP,158.45168673992157,-154.8530932426453
489,505,300,Drew Pomeranz,LAA,SP,SP,158.3306918144226,-154.97408816814425
490,431,300,Yoan Moncada,LAA,3B,Batter,158.28746278964053,-132.87230061105743
491,507,300,German Marquez,SDP,SP,SP,157.86114740371704,-155.44363257884982
492,509,300,Tyler Anderson,LAA,SP,SP,156.85129237174988,-156.45348761081698
493,510,300,Steven Okert,HOU,SP,SP,156.82930755615234,-156.4754724264145
494,458,300,Lane Thomas,KCR,CF,Batter,154.0333819114063,-143.2090504766365
495,518,300,Joe Boyle,TBR,SP,SP,153.91298151016235,-159.3917984724045
496,521,300,Graham Ashcraft,CIN,RP,RP,153.1946268081665,-160.11015317440035
497,523,300,Chris Martin,TEX,RP,RP,152.82535219192505,-160.4794277906418
498,524,300,Kody Funderburk,MIN,RP,RP,152.73117911815643,-160.57360086441042
499,525,300,Justin Topa,MIN,SP,SP,152.66719150543213,-160.63758847713473
500,527,300,Lucas Erceg,KCR,RP,RP,152.59655737876892,-160.70822260379794
501,528,261,Camilo Doval,NYY,RP,RP,152.40000915527344,-160.90477082729342
502,529,300,Ryne Stanek,STL,RP,RP,152.3990306854248,-160.90574929714205
503,530,300,Erik Sabrowski,CLE,RP,RP,152.02824354171753,-161.27653644084933
504,475,300,Michael Conforto,LAD,LF,Batter,151.38086325880013,-145.86156912924267
505,532,300,Cole Winn,TEX,RP,RP,151.19461679458618,-162.11016318798067
506,533,300,Greg Weissert,BOS,RP,RP,151.14261424541473,-162.16216573715212
507,534,300,Tyler Holton,DET,SP,SP,151.10351657867432,-162.20126340389254
508,535,300,Hurston Waldrep,ATL,SP,SP,151.09008944034576,-162.2146905422211
509,537,300,Mason Montgomery,PIT,RP,RP,150.51501846313477,-162.7897615194321
510,538,300,Gabe Speier,SEA,RP,RP,150.08058166503906,-163.2241983175278
511,557,300,Ha-seong Kim,ATL,SS,Batter,149.65024723234038,-168.78906247686493
512,542,300,Ryan Zeferjahn,LAA,SP,SP,149.14564561843872,-164.15913436412814
513,543,300,Dietrich Enns,BAL,SP,SP,149.05066061019897,-164.25411937236788
514,482,300,Jake Fraley,TBR,RF,Batter,148.95912931383012,-148.28330307421268
515,483,300,Jacob Young,WSN,CF,Batter,148.8504372174782,-148.3919951705646
516,592,300,Rowdy Tellez,- - -,1B,Batter,148.70685641333068,-180.2888287865759
517,545,300,Justin Slaten,BOS,RP,RP,148.4067268371582,-164.89805314540865
518,547,300,Richard Fitts,STL,SP,SP,148.26389718055725,-165.0408828020096
519,485,300,Victor Robles,SEA,RF,Batter,148.14097539508043,-149.10145699296237
520,596,300,Carlos Santana,ARI,1B,Batter,147.96895857163642,-181.02672662827015
521,488,300,Tommy Pham,PIT,LF,Batter,147.68763104079395,-149.55480134724885
522,597,300,Ty France,- - -,1B,Batter,147.55801535072564,-181.43766984918093
523,548,300,Tyler Kinley,ATL,RP,RP,147.22539234161377,-166.0793876409531
524,549,300,Spencer Arrighetti,HOU,SP,SP,146.91814827919006,-166.3866317033768
525,550,300,Taijuan Walker,PHI,SP,SP,146.82217049598694,-166.48260948657992
526,599,300,Nathaniel Lowe,CIN,1B,Batter,146.48250731290224,-182.51317788700433
527,551,300,Tyler Phillips,MIA,SP,SP,146.359534740448,-166.94524524211886
528,552,300,Tyler Wells,BAL,SP,SP,146.2077659368515,-167.09701404571535
529,449,300,Luisangel Acuna,CHW,2B,Batter,146.0661346891755,-140.07568328990857
530,553,300,Spencer Bivens,SFG,RP,RP,145.42776107788086,-167.877018904686
531,496,300,Lourdes Gurriel Jr.,ARI,LF,Batter,145.08949829436293,-152.15293409367987
532,555,300,Pierce Johnson,CIN,RP,RP,144.96625399589539,-168.33852598667147
533,556,300,Isaac Mattson,PIT,RP,RP,144.61593627929688,-168.68884370326998
534,558,300,PJ Poulin,WSN,RP,RP,144.43329513072968,-168.87148485183718
535,606,300,Romy Gonzalez,BOS,1B,Batter,144.32756349715737,-184.6681217027492
536,560,300,Sean Newcomb,CHW,SP,SP,143.9518631696701,-169.35291681289675
537,561,300,Jose Butto,SFG,RP,RP,143.9202163219452,-169.38456366062167
538,562,300,Hunter Dobbins,STL,SP,SP,143.90359497070312,-169.40118501186373
539,563,300,Brooks Raley,NYM,RP,RP,143.6871838569641,-169.61759612560274
540,564,300,Kade Strowd,ARI,RP,RP,143.54358291625977,-169.7611970663071
541,565,300,Connor Phillips,CIN,RP,RP,143.41860961914062,-169.88617036342623
542,423,300,Liam Hicks,MIA,C,Batter,143.11808981692855,-131.65820398855772
543,567,300,Anthony Bender,MIA,RP,RP,143.01358830928802,-170.29119167327883
544,503,300,Mike Tauchman,CHW,RF,Batter,142.61814843085847,-154.62428395718433
545,506,300,Andrew McCutchen,PIT,RF,Batter,142.20063041074383,-155.04180197729897
546,569,300,Janson Junk,MIA,SP,SP,142.008291721344,-171.29648826122286
547,570,300,John Schreiber,KCR,RP,RP,141.82537841796875,-171.4794015645981
548,467,300,Kody Clemens,MIN,2B,Batter,141.46172884680462,-144.68008913227945
549,490,300,Marcelo Mayer,BOS,3B,Batter,141.20214975620843,-149.95761364448953
550,572,300,Brock Burke,CIN,SP,SP,141.16681480407715,-172.1379651784897
551,573,300,Elvis Alvarado,ATH,RP,RP,141.08226490020752,-172.22251508235934
552,574,300,Caden Dana,LAA,SP,SP,140.81751108169556,-172.4872689008713
553,575,300,Tomoyuki Sugano,COL,SP,SP,140.79468441009521,-172.51009557247164
554,576,300,Jake Irvin,WSN,SP,SP,139.7667647600174,-173.53801522254946
555,514,300,Jake Mangum,PIT,LF,Batter,139.7335771670831,-157.5088552209597
556,624,300,Jake Bauers,MIL,1B,Batter,139.62027221246487,-189.3754129874417
557,589,300,Jose Caballero,NYY,SS,Batter,139.14512269601633,-179.29418701318897
558,578,300,Justin Steele,CHC,SP,SP,138.5539195537567,-174.75086042881014
559,579,300,Walker Buehler,- - -,SP,SP,137.8375699520111,-175.46721003055575
560,519,300,Randal Grichuk,- - -,RF,Batter,137.67349129590988,-159.56894109213292
561,580,300,Ryan Thompson,ARI,RP,RP,137.16434478759766,-176.1404351949692
562,583,300,Tanner Banks,PHI,SP,SP,136.07463264465332,-177.23014733791354
563,584,300,David Morgan,SDP,SP,SP,135.97060656547546,-177.3341734170914
564,585,300,Rico Garcia,BAL,SP,SP,135.69256782531738,-177.61221215724947
565,492,300,Edouard Julien,COL,2B,Batter,135.5295086500913,-150.61230932899278
566,586,300,Seth Halvorsen,COL,RP,RP,134.86001873016357,-178.44476125240328
567,587,300,Nick Mears,KCR,RP,RP,134.64975500106812,-178.65502498149874
568,588,300,Yohan Ramirez,PIT,RP,RP,134.35640335083008,-178.94837663173678
569,512,300,Casey Schmitt,SFG,3B,Batter,134.17042436411614,-156.9893390365818
570,608,300,Carson Williams,TBR,SS,Batter,133.401112832015,-185.0381968771903
571,539,300,Denzel Clarke,ATH,CF,Batter,133.2176747684994,-164.0247576195434
572,540,300,JJ Bleday,CIN,CF,Batter,133.1696790400188,-164.072753348024
573,541,300,Tyrone Taylor,NYM,CF,Batter,133.12780017107545,-164.11463221696735
574,590,300,Yennier Cano,BAL,RP,RP,133.08851051330566,-180.2162694692612
575,591,300,Anthony Banda,MIN,SP,SP,133.03209447860718,-180.27268550395968
576,544,300,Javier Baez,DET,CF,Batter,132.76660545863334,-164.47582692940946
577,594,300,Jordan Romano,LAA,RP,RP,132.75054705142975,-180.5542329311371
578,595,300,Michael Kelly,ATH,RP,RP,132.73115825653076,-180.5736217260361
579,546,300,Nick Castellanos,SDP,RF,Batter,132.27608277178774,-164.96634961625506
580,598,300,Zack Kelly,BOS,RP,RP,131.30013275146484,-182.004647231102
581,600,300,Mason Englert,TBR,RP,RP,129.99786520004272,-183.30691478252413
582,601,300,Matt Festa,CLE,RP,RP,129.96264791488647,-183.34213206768038
583,531,300,Amed Rosario,NYY,3B,Batter,129.8584382769283,-161.30132512376966
584,469,300,Danny Jansen,TEX,C,Batter,129.8116017050733,-144.96469210041298
585,470,300,Miguel Amaya,CHC,C,Batter,129.75210441657683,-145.02418938890943
586,602,300,Jakob Junis,TEX,RP,RP,129.68379306793213,-183.62098691463473
587,604,300,Angel Zerpa,MIL,SP,SP,129.13668727874756,-184.1680927038193
588,516,300,Javier Sanoja,MIA,2B,Batter,127.69679824781272,-158.44501973127134
589,611,300,Luis Garcia,NYM,RP,RP,127.26153600215912,-186.04324398040774
590,612,300,Caleb Ferguson,CIN,RP,RP,127.22682452201843,-186.07795546054842
591,481,300,Jose Trevino,CIN,C,Batter,127.14354342040633,-147.63275038507993
592,614,300,Tommy Nance,TOR,RP,RP,127.08006978034973,-186.22471020221712
593,615,300,Carmen Mlodzinski,PIT,SP,SP,127.06083703041077,-186.2439429521561
594,566,300,Christopher Morel,MIA,LF,Batter,126.97518214079223,-170.26725024725056
595,616,300,Enyel De Los Santos,HOU,RP,RP,126.80514478683472,-186.49963519573214
596,520,300,Thairo Estrada,COL,2B,Batter,126.35224136200645,-159.7895766170776
597,618,300,Paul Blackburn,NYY,SP,SP,126.32275998592377,-186.9820199966431
598,484,300,Joey Bart,PIT,C,Batter,126.0314970739231,-148.74479673156316
599,526,300,Kyle Farmer,COL,2B,Batter,125.44571807515385,-160.69609990393022
600,489,300,Nick Fortes,TBR,C,Batter,125.03579795493276,-149.7404958505535
601,620,300,Colin Rea,CHC,SP,SP,125.03227531909943,-188.27250466346743
602,621,300,Brendon Little,TOR,RP,RP,124.74711680412292,-188.55766317844393
603,622,300,Jonathan Bowlan,PHI,SP,SP,124.69127464294434,-188.61350533962252
604,623,300,Aaron Bummer,ATL,SP,SP,124.32211494445801,-188.98266503810885
605,536,300,Thomas Saggese,STL,2B,Batter,123.6717885154342,-162.47002946364987
606,577,300,Matt Vierling,DET,CF,Batter,123.50448269280828,-173.73794969523453
607,628,300,Grant Anderson,MIL,RP,RP,122.90939140319824,-190.3953885793686
608,629,300,Emerson Hancock,SEA,SP,SP,122.83888709545135,-190.4658928871155
609,631,300,Erick Fedde,CHW,SP,SP,122.59854769706726,-190.7062322854996
610,632,300,Huascar Brazoban,NYM,SP,SP,122.2132682800293,-191.09151170253756
611,559,300,Matt Shaw,CHC,3B,Batter,122.16626440939329,-168.99349899130465
612,498,300,Sean Murphy,ATL,C,Batter,121.48328384505076,-153.29300996043548
613,636,300,Troy Melton,DET,SP,SP,120.92287254333496,-192.3819074392319
614,500,300,Pedro Pages,STL,C,Batter,120.80288994105948,-153.97340386442679
615,637,300,Jackson Rutledge,WSN,RP,RP,120.72688615322113,-192.57789382934573
616,568,300,Graham Pauley,MIA,3B,Batter,120.7130909505146,-170.44667245018337
617,638,300,Scott Barlow,ATH,SP,SP,120.70201659202576,-192.6027633905411
618,582,300,Angel Martinez,CLE,CF,Batter,120.6851841054706,-176.5572482825722
619,639,300,Tim Hill,NYY,RP,RP,120.28468370437622,-193.02009627819064
620,640,300,Brandon Sproat,MIL,SP,SP,120.21643781661987,-193.08834216594698
621,641,300,Tyler Alexander,TEX,SP,SP,120.08721661567688,-193.21756336688998
622,642,300,Brant Hurter,DET,SP,SP,119.99088752269745,-193.3138924598694
623,706,300,Dominic Smith,SFG,1B,Batter,119.76666225528578,-209.2290229446208
624,571,186,Max Muncy,ATH,3B,Batter,119.07519169140083,-172.0845717092971
625,269,186,Max Muncy,ATH,3B,Batter,119.07519169140083,-172.0845717092971
626,554,300,Adam Frazier,- - -,2B,Batter,118.20803992699634,-167.93377805208775
627,645,300,Cole Sulser,TBR,RP,RP,118.19727063179016,-195.1075093507767
628,646,300,Jacob Webb,CHC,RP,RP,118.10268211364746,-195.2020978689194
629,647,300,Hayden Birdsong,SFG,SP,SP,117.79068970680237,-195.5140902757645
630,648,300,Ben Casparius,LAD,SP,SP,117.7606258392334,-195.54415414333346
631,649,300,Cade Gibson,MIA,SP,SP,117.68370294570923,-195.62107703685763
632,651,266,Reese Olson,DET,SP,SP,117.21727845668794,-196.0875015258789
633,652,300,Taylor Clarke,ARI,RP,RP,117.21415424346924,-196.09062573909762
634,653,300,Hoby Milner,CHC,RP,RP,117.20402765274048,-196.10075232982638
635,515,300,Kyle Higashioka,TEX,C,Batter,117.09323601231608,-157.68305779317018
636,654,300,Brent Suter,LAA,SP,SP,116.9904556274414,-196.31432435512545
637,655,300,Jake Bird,NYY,RP,RP,116.79302942752838,-196.51175055503847
638,593,300,Troy Johnston,COL,OF,Batter,116.77100237844735,-180.47143000959545
639,657,300,Wandy Peralta,SDP,SP,SP,116.25160896778107,-197.0531710147858
640,678,300,Taylor Walls,TBR,SS,Batter,116.143183624621,-202.2961260845843
641,660,300,Brent Headrick,NYY,RP,RP,115.61417531967163,-197.69060466289523
642,661,300,Jason Adam,SDP,RP,RP,115.40452027320862,-197.90025970935824
643,662,300,Tim Herrin,CLE,RP,RP,115.19797086715698,-198.10680911540987
644,663,300,Joel Payamps,ATL,RP,RP,115.12389528751373,-198.18088469505312
645,665,300,Gordon Graceffo,STL,RP,RP,115.10628628730774,-198.19849369525912
646,522,300,Luis Torrens,NYM,C,Batter,114.44703784584259,-160.32925595964366
647,666,300,Eric Orze,MIN,RP,RP,114.40617275238037,-198.89860723018649
648,667,300,Jack Dreyer,LAD,SP,SP,114.14161849021912,-199.16316149234774
649,668,300,Jordan Hicks,CHW,SP,SP,114.02391338348389,-199.28086659908297
650,669,300,Brennan Bernardino,COL,SP,SP,113.78863835334778,-199.51614162921908
651,670,300,Braydon Fisher,TOR,SP,SP,113.48847770690918,-199.81630227565768
652,605,300,Rob Refsnyder,SEA,RF,Batter,112.84796033420325,-184.39447205383954
653,607,300,Michael A. Taylor,CHW,RF,Batter,112.34030133348877,-184.90213105455405
654,610,300,Masataka Yoshida,BOS,LF,Batter,111.57969231286135,-185.66274007518143
655,675,300,Brenan Hanifee,DET,RP,RP,111.46700620651245,-201.8377737760544
656,613,300,Will Benson,CIN,LF,Batter,111.05810596019636,-186.18432642784643
657,697,300,Ezequiel Duran,TEX,SS,Batter,110.62405576306985,-207.81525394613544
658,680,300,Stephen Kolek,KCR,SP,SP,110.36817741394043,-202.93660256862643
659,681,300,Carlos Vargas,SEA,RP,RP,110.31621932983398,-202.98856065273287
660,682,300,Casey Legumina,SEA,SP,SP,110.0526385307312,-203.25214145183566
661,684,300,Mitchell Parker,WSN,SP,SP,109.43569707870483,-203.86908290386202
662,685,300,Yuki Matsui,SDP,RP,RP,108.98116946220398,-204.32361052036288
663,687,300,Bennett Sousa,HOU,RP,RP,108.36029410362244,-204.94448587894442
664,739,300,Enrique Hernandez,LAD,1B,Batter,108.33321903293927,-220.6624661669673
665,743,300,Wilmer Flores,SFG,1B,Batter,108.12260140135118,-220.8730837985554
666,689,300,Connor Brogdon,CLE,RP,RP,108.00865888595581,-205.29612109661105
667,690,300,Justin Wrobleski,LAD,SP,SP,107.61027526855469,-205.69450471401217
668,691,300,Logan Evans,SEA,SP,SP,107.48892182111739,-205.81585816144946
669,625,278,Jasson Dominguez,NYY,OF,Batter,107.16859315831837,-190.07383922972443
670,627,300,Starling Marte,NYM,LF,Batter,107.0269614264507,-190.2154709615921
671,695,300,Ryan Yarbrough,NYY,SP,SP,105.90558516979218,-207.39919481277468
672,696,300,J.T. Ginn,ATH,SP,SP,105.80097937583923,-207.50380060672762
673,698,300,Porter Hodge,CHC,RP,RP,105.47806572914124,-207.82671425342562
674,699,300,Antonio Senzatela,COL,SP,SP,105.23199367523193,-208.07278630733492
675,700,300,Daniel Lynch IV,KCR,SP,SP,105.0501891374588,-208.25459084510805
676,702,300,Brock Stewart,LAD,RP,RP,104.83607482910156,-208.4687051534653
677,703,300,Ian Hamilton,ATL,SP,SP,104.56469988822937,-208.7400800943375
678,707,300,Marcus Stroman,NYY,SP,SP,104.06373846530914,-209.2410415172577
679,726,300,Blaze Alexander,BAL,SS,Batter,104.05438990795444,-214.38491980125087
680,708,300,Eric Lauer,TOR,SP,SP,103.94130969047546,-209.3634702920914
681,709,300,Brandon Eisert,CHW,SP,SP,103.56786704063416,-209.7369129419327
682,619,300,Jose Tena,WSN,3B,Batter,103.29530288573598,-187.864460514962
683,710,300,Jose Fermin,LAA,RP,RP,103.0799207687378,-210.22485921382906
684,643,300,Alex Verdugo,ATL,LF,Batter,103.04142483348363,-194.20100755455917
685,713,300,Ryan Bergert,KCR,SP,SP,102.30425083637238,-211.00052914619448
686,714,300,Ryan Pressly,CHC,RP,RP,102.22801307439805,-211.0767669081688
687,716,300,Yoendrys Gomez,TBR,SP,SP,101.37761306762695,-211.9271669149399
688,609,300,Miguel Rojas,LAD,2B,Batter,101.05459371366223,-185.08722426542184
689,767,300,Ramon Urias,- - -,Unknown,Batter,100.97960172869627,-228.01608347121032
690,718,300,Jaden Hill,COL,RP,RP,100.78737688064575,-212.5174031019211
691,719,300,Matt Gage,SFG,SP,SP,100.74475193023682,-212.56002805233004
692,656,300,Dane Myers,CIN,CF,Batter,100.68357520994864,-196.55885717809417
693,721,300,Beau Brieske,DET,SP,SP,100.56355357170105,-212.7412264108658
694,723,300,Steven Wilson,TBR,RP,RP,100.0614800453186,-213.24329993724825
695,633,300,Oswald Peraza,LAA,3B,Batter,100.0045950274236,-191.15516837327436
696,581,300,Henry Davis,PIT,C,Batter,98.4500170504603,-176.32627675502596
697,728,300,Tobias Myers,NYM,SP,SP,98.37607097625732,-214.92870900630953
698,729,300,Andrew Chafin,MIN,RP,RP,98.37087368965149,-214.93390629291537
699,745,300,Isiah Kiner-Falefa,BOS,SS,Batter,97.26787273896213,-221.17143697024318
700,671,300,Colby Thomas,ATH,RF,Batter,96.95754953776475,-200.28488285027805
701,731,300,George Soriano,STL,RP,RP,96.48941111564636,-216.8153688669205
702,732,300,Keider Montero,DET,SP,SP,95.59347009658813,-217.71130988597872
703,630,300,Edmundo Sosa,PHI,2B,Batter,95.48429368612769,-190.6575242929564
704,733,300,Travis Adams,MIN,SP,SP,95.27725541591644,-218.0275245666504
705,679,300,Sam Haggerty,TEX,CF,Batter,94.45219671256511,-202.79023567547767
706,734,300,Bailey Falter,KCR,SP,SP,94.42483806610107,-218.87994191646578
707,735,300,A.J. Blubaugh,HOU,SP,SP,94.10666239261627,-219.19811758995058
708,683,300,Drew Gilbert,SFG,CF,Batter,93.85786111440441,-203.3845712736384
709,659,300,Cody Freeman,TEX,3B,Batter,93.77685500042529,-197.38290840027267
710,664,300,Santiago Espinal,CIN,3B,Batter,92.96858812914085,-198.19117527155709
711,738,300,Justin Wilson,BOS,RP,RP,92.92029023170471,-220.38448975086214
712,741,300,JP Sears,SDP,SP,SP,92.59576261043549,-220.70901737213137
713,688,300,Luke Raley,SEA,RF,Batter,92.23471834600265,-205.00771404204016
714,746,300,Rob Zastryzny,MIL,SP,SP,92.11050033569336,-221.1942796468735
715,747,300,Wikelman Gonzalez,CHW,RP,RP,92.04770469665527,-221.25707528591158
716,748,300,Ben Brown,CHC,SP,SP,92.0472662448883,-221.25751373767855
717,795,300,Andy Ibanez,ATH,Unknown,Batter,91.92439832621291,-237.07128687369368
718,603,300,Hunter Feduccia,TBR,C,Batter,91.0434473576769,-183.73284644780938
719,750,300,Danny Coulombe,- - -,SP,SP,90.9358081817627,-222.36897180080416
720,694,300,Blake Perkins,MIL,CF,Batter,90.58854260797172,-206.6538897800711
721,751,300,Lake Bachar,MIA,SP,SP,90.38014793395996,-222.9246320486069
722,677,300,Ben Williamson,TBR,3B,Batter,88.96334880517338,-202.19641459552457
723,802,300,Otto Kemp,PHI,1B,Batter,88.79963586063498,-240.1960493392716
724,701,300,Robert Hassell III,WSN,CF,Batter,88.79938319346175,-208.44304919458105
725,803,300,Justin Turner,CHC,1B,Batter,88.44893623365303,-240.54674896625355
726,705,300,Alexander Canario,PIT,LF,Batter,88.19643696018427,-209.04599542785854
727,617,300,Braxton Fulford,COL,C,Batter,87.88958798751362,-186.88670581797265
728,757,300,Javier Assad,CHC,SP,SP,87.29727971553802,-226.00750026702883
729,758,300,Ryan Gusto,MIA,SP,SP,87.27319633960724,-226.03158364295962
730,760,300,Charlie Morton,- - -,SP,SP,86.95420455932617,-226.35057542324068
731,686,300,Darell Hernaiz,ATH,3B,Batter,86.80888052365033,-204.35088287704764
732,711,300,Bryce Teodosio,LAA,CF,Batter,86.61388562401245,-210.62854676403035
733,763,300,Joey Wentz,ATL,SP,SP,86.33554553985596,-226.9692344427109
734,672,300,Daniel Schneemann,CLE,2B,Batter,85.50266673165204,-200.63915124743204
735,673,300,David Hamilton,MIL,2B,Batter,85.4569799770759,-200.68483800200818
736,765,300,JT Brubaker,SFG,SP,SP,85.39847612380981,-227.90630385875704
737,766,300,Tanner Gordon,COL,SP,SP,85.30072271823883,-228.00405726432803
738,626,300,Christian Vazquez,MIN,C,Batter,84.660004517784,-190.11628928770227
739,720,300,Jahmai Jones,DET,RF,Batter,84.62546684362981,-212.616965544413
740,768,300,John King,MIA,RP,RP,84.4068021774292,-228.89797780513766
741,770,300,DL Hall,MIL,SP,SP,84.25222826004028,-229.05255172252657
742,771,300,Bowden Francis,TOR,SP,SP,84.18961334228516,-229.1151666402817
743,815,300,Triston Casas,BOS,1B,Batter,84.11217410741128,-244.8835110924953
744,817,300,David Fry,CLE,1B,Batter,83.88666933741798,-245.1090158624886
745,634,300,Adrian Del Castillo,ARI,C,Batter,83.61610262755751,-191.16019117792877
746,774,300,Grant Wolfram,BAL,RP,RP,83.52966666221619,-229.77511332035067
747,635,300,Connor Wong,BOS,C,Batter,83.47634224722324,-191.29995155826302
748,725,300,Alex Call,LAD,RF,Batter,83.16473208898529,-214.0777002990575
749,777,300,David Festa,MIN,SP,SP,82.93603277206421,-230.36874721050265
750,779,300,Mason Fluharty,TOR,RP,RP,82.50332546234131,-230.80145452022555
751,780,300,Steven Cruz,KCR,RP,RP,82.32964956760406,-230.9751304149628
752,781,300,Jose Urena,- - -,SP,SP,81.47636103630066,-231.8284189462662
753,782,300,Paxton Schultz,WSN,SP,SP,81.31633710861206,-231.9884428739548
754,783,300,Tommy Kahnle,DET,RP,RP,81.16499376296997,-232.13978621959689
755,712,300,Kyle Karros,COL,3B,Batter,80.50423106955648,-210.65553233114147
756,785,300,Kyle Nicolas,PIT,RP,RP,80.22417187690735,-233.0806081056595
757,786,300,Zach Agnos,COL,RP,RP,80.12320160865784,-233.18157837390902
758,692,300,Jose Iglesias,SDP,2B,Batter,79.92578849132953,-206.21602948775455
759,644,300,James McCann,ARI,C,Batter,79.72908430319934,-195.04720950228693
760,693,300,Luis Urias,ATH,2B,Batter,79.54004613294975,-206.6017718461343
761,834,300,Tyler Locklear,ARI,1B,Batter,79.41263143487525,-249.5830537650313
762,787,300,Chad Green,TOR,RP,RP,79.2499008178711,-234.05487916469576
763,650,300,Yohel Pozo,STL,C,Batter,78.95580107874103,-195.82049272674521
764,789,300,Ryan Fernandez,STL,RP,RP,78.62586641311646,-234.6789135694504
765,800,300,Ryan Ritter,COL,SS,Batter,78.6217877752465,-239.8175219339588
766,722,300,Gio Urshela,ATH,3B,Batter,78.04469344744396,-213.115069953254
767,736,300,Chris Taylor,LAA,CF,Batter,77.92202908135816,-219.32040330668463
768,792,300,Dylan Dodd,ATL,RP,RP,77.81363868713379,-235.49114129543307
769,658,300,Travis d'Arnaud,LAA,C,Batter,77.56770373723906,-197.2085900682472
770,794,300,Luke Jackson,- - -,RP,RP,77.33697843551636,-235.9678015470505
771,737,300,Max Kepler,PHI,LF,Batter,77.2921870769185,-219.95024531112432
772,841,300,Ryan Mountcastle,BAL,1B,Batter,76.40884215818708,-252.58684304171948
773,742,300,Luis Matos,SFG,RF,Batter,76.39445493104178,-220.84797745700104
774,727,300,Jon Berti,CHC,3B,Batter,76.33016531169315,-214.8295980890048
775,744,300,Justyn-Henry Malloy,TBR,RF,Batter,76.14302231522163,-221.09941007282117
776,797,300,Ryan Brasier,TEX,SP,SP,75.55944204330444,-237.7453379392624
777,730,300,Oswaldo Cabrera,NYY,3B,Batter,74.4345987930212,-216.72516460767676
778,798,300,Kevin Kelly,TBR,RP,RP,74.16379356384277,-239.14098641872408
779,717,300,Jeremiah Jackson,BAL,2B,Batter,73.84283719407085,-212.2989807850132
780,674,300,Mitch Garver,SEA,C,Batter,73.59022693551879,-201.18606686996748
781,753,300,James Outman,MIN,CF,Batter,73.56452672541316,-223.67790566262966
782,801,300,Tyler Ferguson,ATH,RP,RP,73.42900133132935,-239.8757786512375
783,676,300,Jake Rogers,DET,C,Batter,72.7163182090805,-202.05997559640576
784,804,300,Daysbel Hernandez,ATL,RP,RP,72.67186832427979,-240.63291165828707
785,805,300,Colin Holderman,CLE,RP,RP,72.28896021842957,-241.0158197641373
786,755,300,Myles Straw,TOR,CF,Batter,71.92065237713915,-225.32178001090364
787,756,300,Alan Roden,MIN,LF,Batter,71.55666150344618,-225.68577088459662
788,810,300,Corbin Burnes,ARI,SP,SP,71.26694571971893,-242.03783426284792
789,812,300,Andre Granillo,WSN,RP,RP,70.51568531990051,-242.78909466266634
790,764,238,Anthony Santander,TOR,OF/DH,Batter,69.8758542858792,-227.3665781021636
791,814,300,Kai-Wei Teng,HOU,SP,SP,68.62603271007538,-244.67874727249148
792,816,300,Andrew Saalfrank,ARI,RP,RP,68.21247100830078,-245.09230897426607
793,772,300,Nick Loftin,KCR,LF,Batter,67.9634619651308,-229.27897042291198
794,819,300,Gunnar Hoglund,ATH,SP,SP,67.40578436851501,-245.89899561405184
795,776,300,Austin Slater,- - -,LF,Batter,67.11504330502518,-230.12738908301762
796,820,300,Jonathan Loaisiga,ARI,RP,RP,67.07311820983887,-246.231661772728
797,822,300,Jackson Perkins,ATH,SP,SP,67.02660274505615,-246.2781772375107
798,823,300,Jalen Beeks,ARI,SP,SP,67.01052618026733,-246.29425380229952
799,824,300,Pierson Ohl,COL,SP,SP,66.5303726196289,-246.77440736293795
800,704,300,Rafael Marchan,PHI,C,Batter,65.90310772357334,-208.87318608191293
801,826,300,Mason Barnett,ATH,SP,SP,65.67595875263214,-247.62882122993472
802,828,300,Jason Alexander,HOU,SP,SP,65.61356163024902,-247.69121835231783
803,740,300,Adael Amador,COL,2B,Batter,65.46266589179602,-220.67915208728806
804,829,300,Luis Mey,CIN,RP,RP,65.30973625183105,-247.9950437307358
805,830,300,Colton Gordon,HOU,SP,SP,65.24948787689209,-248.05529210567477
806,831,300,Chase Shugart,PHI,RP,RP,64.72243857383728,-248.58234140872958
807,749,300,Leo Rivas,SEA,2B,Batter,64.65043432064468,-221.4913836584394
808,784,300,Michael Helman,TEX,CF,Batter,64.64846912905992,-232.59396325898288
809,874,300,LaMonte Wade Jr.,CHW,1B,Batter,64.37909758472942,-264.61658761517714
810,835,300,Chris Murphy,CHW,RP,RP,63.72119855880737,-249.58358142375948
811,836,300,Clarke Schmidt,NYY,SP,SP,63.66855442523956,-249.6362255573273
812,715,300,Dalton Rushing,LAD,C,Batter,63.15486611203025,-211.621427693456
813,752,300,Hyeseong Kim,LAD,2B,Batter,62.602376814189455,-223.5394411648946
814,773,300,Ronny Mauricio,NYM,3B,Batter,61.87780330061869,-229.28196010007926
815,838,300,Chris Roycroft,STL,RP,RP,61.73975658416748,-251.56502339839938
816,724,300,Tyler Heineman,TOR,C,Batter,61.453594213444894,-213.32269959204137
817,839,300,Joey Lucchesi,SFG,RP,RP,61.20533049106598,-252.09944949150088
818,840,300,Sawyer Gipson-Long,DET,SP,SP,60.79441571235657,-252.5103642702103
819,842,300,Tristan Beck,SFG,SP,SP,60.48546028137207,-252.8193197011948
820,844,300,Alek Jacob,SDP,RP,RP,60.05172312259674,-253.25305685997012
821,761,300,Tim Tawa,ARI,2B,Batter,59.69243506557842,-226.44938291350564
822,847,300,Yariel Rodriguez,TOR,SP,SP,59.200849533081055,-254.1039304494858
823,893,300,Eric Wagaman,MIN,1B,Batter,58.664724796468654,-270.3309604034379
824,848,300,Dan Altavilla,MIN,RP,RP,57.80327606201172,-255.50150392055514
825,849,300,Trent Thornton,CHC,RP,RP,57.18983554840088,-256.114944434166
826,850,300,Michael Tonkin,MIN,RP,RP,55.78297257423401,-257.52180740833285
827,851,300,Max Lazar,PHI,RP,RP,55.77578783035278,-257.5289921522141
828,793,300,Will Wagner,SDP,3B,Batter,55.658132922724704,-235.50163047797326
829,808,300,Joshua Palacios,CHW,RF,Batter,55.529504779773,-241.7129276082698
830,809,300,John Rave,KCR,RF,Batter,55.389265214128535,-241.85316717391427
831,778,300,Zack Gelof,ATH,2B,Batter,55.38555898368398,-230.7562589954001
832,856,300,Sam Bachman,LAA,RP,RP,55.14482879638672,-258.15995118618014
833,858,300,Juan Morillo,ARI,RP,RP,54.73004961013794,-258.5747303724289
834,859,300,Chase Lee,TOR,RP,RP,54.468047857284546,-258.8367321252823
835,813,300,Mark Canha,TEX,LF,Batter,52.83511480189484,-244.40731758614797
836,862,300,Orlando Ribalta,WSN,RP,RP,52.77003073692322,-260.53474924564364
837,880,300,Nick Allen,HOU,SS,Batter,51.41180464758756,-267.0275050616177
838,791,300,DJ LeMahieu,NYY,2B,Batter,51.27489165956573,-234.86692631951834
839,821,300,Nolan Jones,CLE,RF,Batter,51.004937731873795,-246.23749465616902
840,867,300,Hayden Wesneski,HOU,SP,SP,50.933181047439575,-262.3715989351273
841,754,300,Austin Wynns,ATH,C,Batter,50.66492927176795,-224.1113645337183
842,825,300,Derek Hill,CHW,CF,Batter,50.20425101047503,-247.03818137756775
843,868,300,Yerry De Los Santos,NYY,RP,RP,50.1537561416626,-263.15102384090426
844,869,300,Carlos Carrasco,- - -,SP,SP,50.09146232604981,-263.21331765651706
845,827,300,Alejandro Osuna,TEX,LF,Batter,49.58920955966497,-247.65322282837784
846,872,300,Adam Mazur,MIA,SP,SP,48.893367886543274,-264.4114120960236
847,888,300,Orlando Arcia,MIN,SS,Batter,48.82042565566903,-269.61888405353625
848,873,300,Angel Chivilli,NYY,RP,RP,48.77111101150513,-264.53366897106173
849,811,300,Warming Bernabel,WSN,3B,Batter,48.683503443110446,-242.4762599575875
850,759,300,Reese McGuire,MIL,C,Batter,48.683212218317415,-226.09308158716885
851,796,300,Ildemaro Vargas,ARI,2B,Batter,48.67455792696212,-237.46726005212196
852,875,300,Justin Hagenman,NYM,SP,SP,48.559940576553345,-264.7448394060135
853,876,300,Brandon Young,BAL,SP,SP,48.31885838508606,-264.9859215974808
854,877,300,Kaleb Ort,LAA,RP,RP,48.062180042266846,-265.2425999403
855,762,300,Elias Diaz,SDP,C,Batter,47.86290340466188,-226.91339040082437
856,833,300,Johan Rojas,PHI,CF,Batter,47.75479666003506,-249.48763572800775
857,837,300,Nick Martini,COL,RF,Batter,47.47929838655708,-249.76313400148572
858,878,300,Cade Povich,BAL,SP,SP,47.453725695610046,-265.8510542869568
859,879,300,Kyle Hart,SDP,SP,SP,46.78341996669769,-266.52136001586916
860,799,300,Kristian Campbell,BOS,2B,Batter,46.34243512567492,-239.79938285340916
861,881,300,Carson Whisenhunt,SFG,SP,SP,46.11565458774567,-267.1891253948212
862,769,300,Jacob Stallings,- - -,C,Batter,45.86408641463375,-228.9122073908525
863,882,300,Rafael Montero,NYY,RP,RP,45.174591302871704,-268.13018867969515
864,807,300,Christian Koss,SFG,2B,Batter,44.793871334464754,-241.3479466446193
865,775,300,Gary Sanchez,BAL,C,Batter,44.68463955034177,-230.09165425514448
866,885,300,Jorge Lopez,WSN,RP,RP,44.37428665161133,-268.9304933309555
867,843,300,Chas McCormick,CHC,LF,Batter,44.186901524707935,-253.05553086333487
868,887,300,Martin Perez,ATL,SP,SP,43.692100048065186,-269.61267993450167
869,845,300,Eli White,ATL,RF,Batter,43.63543847820795,-253.60699390983484
870,890,300,Trevor Williams,WSN,SP,SP,43.54496383666992,-269.75981614589693
871,846,300,Hunter Renfroe,KCR,RF,Batter,43.404067569415446,-253.83836481862735
872,936,300,Curtis Mead,CHW,1B,Batter,41.54114447950295,-287.45454072040366
873,894,300,Cionel Perez,WSN,RP,RP,41.122557640075684,-272.1822223424912
874,895,300,Landon Knack,LAD,SP,SP,40.97333526611328,-272.3314447164536
875,896,300,Brandon Waddell,NYM,SP,SP,40.86145683526993,-272.44332314729695
876,897,300,Lou Trivino,PHI,SP,SP,40.68846607208252,-272.61631391048434
877,898,300,Hector Neris,KCR,RP,RP,40.656121015548706,-272.64865896701815
878,818,300,Dylan Moore,PHI,2B,Batter,40.53684557638519,-245.60497240269888
879,788,300,Martin Maldonado,SDP,C,Batter,40.46270847210032,-234.31358533338596
880,939,300,Nick Sogard,BOS,1B,Batter,40.23628985778299,-288.7593953421236
881,790,300,Austin Hedges,CLE,C,Batter,40.05390168756357,-234.7223921179227
882,900,300,Lyon Richardson,CIN,RP,RP,39.98005819320679,-273.32472178936007
883,901,300,Felix Bautista,BAL,RP,RP,39.801475524902344,-273.5033044576645
884,853,300,Cooper Hummel,- - -,LF,Batter,39.67152959195872,-257.57090279608406
885,857,300,Jack Suwinski,PIT,RF,Batter,38.89144087620573,-258.3509915118371
886,903,300,Dane Dunning,SEA,RP,RP,38.651185154914856,-274.653594827652
887,914,300,Andruw Monasterio,BOS,SS,Batter,38.556957621645026,-279.88235208756026
888,904,300,Jorge Alcala,TOR,RP,RP,38.06891345977783,-275.235866522789
889,905,300,Carson Palmquist,COL,SP,SP,37.81158447265625,-275.4931955099106
890,906,300,Tyler Gilbert,CHW,SP,SP,37.69265103340149,-275.61212894916537
891,907,300,Mitch Farris,LAA,SP,SP,37.588202714920044,-275.7165772676468
892,860,300,Joey Loperfido,HOU,LF,Batter,37.493790340319336,-259.7486420477235
893,908,300,Scott Blewett,STL,SP,SP,37.182522773742676,-276.1222572088242
894,832,300,Tyler Fitzgerald,SFG,2B,Batter,36.69619801155502,-249.44561996752904
895,863,300,Zach Dezenzo,HOU,LF,Batter,36.67436149262424,-260.56807089541854
896,922,300,Trey Sweeney,DET,SS,Batter,36.09935945046903,-282.3399502587363
897,909,300,Bryse Wilson,PHI,SP,SP,35.18012714385986,-278.124652838707
898,948,300,Christian Encarnacion-Strand,CIN,1B,Batter,34.65377940124836,-294.3419057986582
899,911,300,Carlos Hernandez,CLE,RP,RP,34.31485080718994,-278.9899291753769
900,912,300,Zach Brzykcy,WSN,RP,RP,34.21604359149933,-279.0887363910675
901,870,300,Dylan Carlson,CHC,LF,Batter,33.73206432206663,-263.5103680659762
902,806,300,Riley Adams,WSN,C,Batter,33.64914429992542,-241.12714950556085
903,852,300,Josh Rojas,KCR,3B,Batter,33.61779901039163,-257.5419643903063
904,855,300,Max Schuemann,NYY,3B,Batter,33.167063439504304,-257.99269996119364
905,915,300,Ryan Borucki,CHW,RP,RP,32.771610736846924,-280.53316924571993
906,917,300,Manuel Rodriguez,TBR,RP,RP,32.57460403442383,-280.730175948143
907,919,300,Genesis Cabrera,PHI,RP,RP,31.679445266723633,-281.6253347158432
908,920,300,Grant Holman,ARI,SP,SP,31.352869987487793,-281.95190999507906
909,921,300,Jack Kochanowicz,LAA,SP,SP,31.18571138381958,-282.1190685987473
910,938,300,Nacho Alvarez Jr.,ATL,SS,Batter,30.67202269718855,-287.76728701201677
911,924,300,Carson Seymour,SFG,SP,SP,29.708139419555664,-283.5966405630112
912,927,300,Osvaldo Bido,NYY,SP,SP,28.63594627380371,-284.66883370876315
913,854,300,Kyren Paris,LAA,2B,Batter,28.281791024486832,-257.86002695459723
914,929,300,Ronel Blanco,HOU,SP,SP,28.211031198501587,-285.09374878406527
915,889,300,Leody Taveras,BAL,OF,Batter,27.48846862356585,-269.75396376447696
916,871,300,Paul DeJong,NYY,3B,Batter,27.449388405572517,-263.71037499512545
917,931,300,Kyle Backhus,PHI,RP,RP,27.391870498657227,-285.91290948390963
918,891,300,Brandon Lockridge,MIL,LF,Batter,27.198527003492785,-270.04390538455004
919,933,300,McCade Brown,COL,SP,SP,26.739012479782104,-286.56576750278475
920,953,300,Michael Toglia,CIN,1B,Batter,26.101481797304285,-302.8942034026023
921,934,300,Josh Simpson,MIA,RP,RP,26.066463708877563,-287.2383162736893
922,935,300,Austin Gomber,TEX,SP,SP,26.00719928741455,-287.2975806951523
923,954,300,Coby Mayo,BAL,1B,Batter,25.972631767794706,-303.02305343211185
924,937,300,Mitch Spence,KCR,SP,SP,25.588512420654297,-287.71626756191256
925,864,300,Brendan Rodgers,BOS,2B,Batter,25.468394764811958,-260.67342321427213
926,940,300,Bradley Blalock,MIA,SP,SP,24.47403311729431,-288.83074686527254
927,899,300,Kameron Misner,KCR,CF,Batter,24.404682399675103,-272.8377499883677
928,941,300,Konnor Pilkington,DET,RP,RP,23.934251308441162,-289.3705286741257
929,942,300,Ryan Rolison,CHC,SP,SP,23.884424209594727,-289.42035577297213
930,902,300,Drew Waters,KCR,LF,Batter,23.26731075889486,-273.97512162914796
931,943,300,Collin Snider,CHC,RP,RP,22.519731760025024,-290.78504822254183
932,884,300,Miles Mastrobuoni,SEA,3B,Batter,22.294739659856905,-268.865023740841
933,944,300,Hunter Strickland,LAA,RP,RP,21.991337060928345,-291.3134429216385
934,945,300,Joe Ross,ARI,SP,SP,21.65725326538086,-291.647526717186
935,946,300,John Brebbia,COL,RP,RP,20.675410270690918,-292.62936971187594
936,981,300,Abraham Toro,KCR,1B,Batter,19.969924842698674,-309.0257603572079
937,947,300,Kolby Allard,CLE,SP,SP,19.858816623687744,-293.4459633588791
938,910,300,Taylor Trammell,HOU,LF,Batter,18.52585841987419,-278.71657396816863
939,913,300,Yanquiel Fernandez,NYY,RF,Batter,17.937138130357763,-279.30529425768503
940,883,300,Tyler Wade,TEX,2B,Batter,17.466403204081708,-268.67541477500237
941,886,300,Mickey Gasper,BOS,2B,Batter,16.84073436513568,-269.3010836139484
942,949,300,Cam Booser,TBR,RP,RP,15.827850341796875,-297.47692964077
943,1001,300,Matt Mervis,WSN,1B,Batter,14.688991647631246,-314.3066935522753
944,1002,300,Enmanuel Valdez,PIT,1B,Batter,14.350851718518546,-314.64483348138805
945,861,300,Alex Jackson,MIN,C,Batter,14.327146539274237,-260.44914726621204
946,923,300,Weston Wilson,BAL,LF,Batter,14.0481651804078,-283.194267207635
947,950,300,Shinnosuke Ogasawara,WSN,SP,SP,13.992019653320312,-299.31276032924654
948,925,300,Heston Kjerstad,BAL,LF,Batter,13.364755234423138,-283.8776771536197
949,926,300,Jonatan Clase,TOR,LF,Batter,13.354531516809724,-283.88790087123306
950,865,300,Ben Rortvedt,NYM,C,Batter,12.83709019685678,-261.9392036086295
951,866,300,Willie MacIver,TEX,C,Batter,12.64307433969575,-262.1332194657905
952,928,300,Jhonkensy Noel,BAL,RF,Batter,12.204330422123851,-285.03810196591894
953,951,300,Matt Bowman,MIN,RP,RP,12.120626449584961,-301.1841535329819
954,952,300,AJ Smith-Shawver,ATL,SP,SP,11.37367033958435,-301.9311096429825
955,1003,300,Donovan Solano,- - -,1B,Batter,11.126181636701345,-317.8695035632052
956,916,300,Jonah Bride,TEX,3B,Batter,10.621985995863389,-280.53777740483457
957,955,300,Valente Bellozo,COL,SP,SP,10.138195037841797,-303.16658494472506
958,918,300,Kevin Newman,KCR,3B,Batter,10.079517626443671,-281.0802457742543
959,956,300,Cal Quantrill,TEX,SP,SP,9.305070042610168,-303.9997099399567
960,957,300,Yu Darvish,SDP,SP,SP,9.266188325508832,-304.038591657058
961,106,300,Jose Herrera,TEX,RP,Batter,9.263045921575557,9.263045921575557
962,958,300,Tylor Megill,NYM,SP,SP,9.195382753431797,-304.1093972291351
963,959,300,Luis L. Ortiz,CLE,SP,SP,8.243960108982323,-305.06081987358453
964,960,300,Brandon Walter,HOU,SP,SP,7.629992594203949,-305.6747873883629
965,961,300,Tanner Houck,BOS,SP,SP,7.610274812221527,-305.69450517034534
966,962,300,Frankie Montas,NYM,SP,SP,7.513194165577888,-305.79158581698897
967,963,300,Tony Gonsolin,LAD,SP,SP,7.298899488060474,-306.00588049450636
968,964,300,Nestor Cortes,- - -,SP,SP,7.177013264107704,-306.12776671845916
969,965,300,Jackson Jobe,DET,SP,SP,6.667043671064377,-306.63773631150247
970,966,300,Anthony DeSclafani,ARI,SP,SP,6.5862924025297165,-306.71848758003716
971,967,300,Andrew Heaney,- - -,SP,SP,6.227680206631422,-307.07709977593544
972,968,300,Clayton Kershaw,LAD,SP,SP,6.219269971079826,-307.08551001148703
973,969,300,Kyle Hendricks,LAA,SP,SP,6.094613285803795,-307.21016669676305
974,970,300,Connor Gillispie,MIA,SP,SP,6.025207889263631,-307.2795720933032
975,930,300,Emmanuel Rivera,BAL,3B,Batter,5.869944376890571,-285.2898190238074
976,971,300,Caleb Boushley,TEX,SP,SP,5.724731633344889,-307.58004834922195
977,972,300,Ben Lively,CLE,SP,SP,5.432993617949486,-307.8717863646174
978,973,300,Matt Sauer,LAD,SP,SP,5.404056285762787,-307.90072369680405
979,932,300,Vinny Capra,BOS,3B,Batter,5.202452482932001,-285.95731091776594
980,974,300,Thomas Hatch,ARI,SP,SP,5.161765190099477,-308.1430147924674
981,975,300,Nabil Crismatt,TEX,SP,SP,5.093593758637906,-308.21118622392896
982,976,300,Chris Flexen,CHC,SP,SP,4.877896898345948,-308.4268830842209
983,892,300,Matt Thaiss,BOS,C,Batter,4.7247606297438205,-270.05153317574246
984,977,300,Anthony Molina,ATL,SP,SP,4.5201503515434265,-308.78462963102345
985,978,300,Jake Woodford,TBR,RP,RP,4.51601907721281,-308.788760905354
986,979,300,Easton Lucas,TOR,SP,SP,4.298691488623619,-309.00608849394325
987,980,300,Bryce Jarvis,ARI,RP,RP,4.281729929357767,-309.0230500532091
988,982,300,Anthony Veneziano,- - -,SP,SP,4.001167891392708,-309.30361209117416
989,983,300,Carson Fulmer,LAA,RP,RP,3.8872072191452984,-309.41757276342156
990,984,300,Ronny Henriquez,MIA,RP,RP,2.9879237572050092,-310.31685622536185
991,985,300,Randy Rodriguez,SFG,RP,RP,2.68755176653862,-310.61722821602825
992,986,300,Max Kranick,NYM,RP,RP,2.6329710735476017,-310.67180890901926
993,987,300,Shawn Dubin,ARI,RP,RP,2.544967814280987,-310.75981216828586
994,988,300,Austin Cox,ATL,SP,SP,2.456949287707806,-310.84783069485906
995,989,300,Reed Garrett,NYM,SP,SP,2.304642750837803,-311.00013723172907
996,990,300,Shelby Miller,CHC,RP,RP,2.0565346173954007,-311.24824536517144
997,991,300,John Curtiss,ARI,RP,RP,2.0177189835941793,-311.28706099897266
998,992,300,Nic Enright,TOR,RP,RP,1.952483196258545,-311.35229678630833
999,993,300,Eduardo Salazar,WSN,RP,RP,1.9345745183479788,-311.3702054642189
1000,994,300,Sean Reynolds,SDP,SP,SP,1.9031273976087573,-311.4016525849581
1001,995,300,Emmanuel Clase,CLE,RP,RP,1.8641309357447624,-311.4406490468221
1002,996,300,Chris Stratton,- - -,RP,RP,1.8308155780756474,-311.4739644044912
1003,997,300,Jose Castillo,- - -,RP,RP,1.8154279259467125,-311.48935205662013
1004,998,300,Sam Long,KCR,RP,RP,1.6605006273651122,-311.6442793552017
1005,999,300,Tayler Scott,ATL,RP,RP,1.4969708442866803,-311.80780913828016
1006,1000,300,Ian Gibaut,CIN,RP,RP,1.3353588834500314,-311.9694210991168
