Overall_Rank,Name,Team,Position,Type,Projected_Fpoints
1,Juan Soto,NYM,OF,Batter,512.814971657525
2,Tarik Skubal,DET,SP,SP,499.84963631629944
3,Garrett Crochet,BOS,SP,SP,479.57552909851074
4,Jose Ramirez,CLE,3B/DH,Batter,477.21407103738267
5,Hunter Greene,CIN,SP,SP,471.40985202789307
6,Aaron Judge,NYY,OF/DH,Batter,470.0258287658888
7,Shohei Ohtani,LAD,DH/SP,Batter,462.26145974659676
8,Dylan Cease,TOR,SP,SP,438.11379861831665
9,Cole Ragans,KCR,SP,SP,437.6765179634094
10,Geraldo Perdomo,ARI,SS,Batter,433.95737531258607
11,Paul Skenes,PIT,SP,SP,426.38055086135864
12,Cristopher Sanchez,PHI,SP,SP,423.65435218811035
13,Ronald Acuna Jr.,ATL,OF,Batter,418.5670589485003
14,Kyle Tucker,LAD,OF,Batter,411.18628886838025
15,Bryan Woo,SEA,SP,SP,406.4583158493042
16,Cody Bellinger,NYY,OF,Batter,397.08940658151545
17,Jacob deGrom,TEX,SP,SP,396.1884984970093
18,Bobby Witt Jr.,KCR,SS,Batter,386.5126925440474
19,Vinnie Pasquantino,KCR,1B/DH,Batter,385.5653418517947
20,Maikel Garcia,KCR,3B,Batter,385.09310063914495
21,Vladimir Guerrero Jr.,TOR,1B/DH,Batter,380.69420335204313
22,Ketel Marte,ARI,2B/DH,Batter,380.4320235339488
23,Jesus Luzardo,PHI,SP,SP,372.30870056152344
24,Mookie Betts,LAD,SS,Batter,371.41586997410883
25,Pete Alonso,BAL,1B,Batter,371.14983757867725
26,Corbin Carroll,ARI,OF,Batter,369.926711680203
27,Alex Bregman,CHC,3B,Batter,368.17492731436477
28,Hunter Brown,HOU,SP,SP,366.7889792919159
29,Chris Sale,ATL,SP,SP,364.2555980682373
30,Logan Webb,SFG,SP,SP,363.8082139492035
31,Fernando Tatis Jr.,SDP,OF,Batter,363.59886739948155
32,George Springer,TOR,OF/DH,Batter,362.89813755493617
33,Yandy Diaz,TBR,1B/DH,Batter,360.6747958660324
34,Junior Caminero,TBR,3B,Batter,356.4978435667067
35,Zack Wheeler,PHI,SP,SP,354.9004874229431
36,Josh Naylor,SEA,1B/DH,Batter,354.6029412724015
37,Francisco Lindor,NYM,SS,Batter,354.2441080163545
38,Edwin Diaz,LAD,RP,RP,353.96522521972656
39,Max Fried,NYY,SP,SP,353.37412214279175
40,Emmet Sheehan,LAD,SP,SP,352.53430366516113
41,Logan Gilbert,SEA,SP,SP,351.8541247844696
42,Mason Miller,SDP,RP,RP,351.3164734840393
43,Matt Olson,ATL,1B,Batter,350.97544381015757
44,Freddy Peralta,NYM,SP,SP,350.7615616321564
45,Julio Rodriguez,SEA,OF,Batter,350.0501058455252
46,Eury Perez,MIA,SP,SP,348.8998394012451
47,Rafael Devers,SFG,1B/DH,Batter,347.846978694747
48,Kyle Schwarber,PHI,DH,Batter,347.7434214121293
49,Alec Burleson,STL,OF/1B/DH,Batter,347.41993503080056
50,Nolan Schanuel,LAA,1B,Batter,345.7264227157064
51,Gleyber Torres,DET,2B,Batter,343.18920893295615
52,Jurickson Profar,ATL,OF,Batter,343.0531732333799
53,Sonny Gray,BOS,SP,SP,342.77584648132324
54,Bo Bichette,NYM,SS,Batter,341.3078247880568
55,Kyle Bradish,BAL,SP,SP,339.74805784225464
56,Ben Rice,NYY,1B/C/DH,Batter,339.6906722239108
57,George Kirby,SEA,SP,SP,338.56556355953217
58,Framber Valdez,DET,SP,SP,337.86623895168304
59,Drew Rasmussen,TBR,SP,SP,337.1604075431824
60,Nico Hoerner,CHC,2B,Batter,334.93636384511655
61,Jeremy Pena,HOU,SS,Batter,334.9102293392454
62,Sandy Alcantara,MIA,SP,SP,334.8600594997406
63,Miguel Vargas,CHW,3B/1B,Batter,334.811019984659
64,Kevin Gausman,TOR,SP,SP,333.59254264831543
65,Randy Arozarena,SEA,OF,Batter,333.49209707934966
66,Gavin Williams,CLE,SP,SP,331.9926128387451
67,Ryan Pepiot,TBR,SP,SP,331.6142747402191
68,Aroldis Chapman,BOS,RP,RP,331.20760011672974
69,Joe Ryan,MIN,SP,SP,328.8135848045349
70,Blake Snell,LAD,SP,SP,328.1828193664551
71,Spencer Torkelson,DET,1B,Batter,327.21916042980547
72,Cade Smith,CLE,RP,RP,327.12762355804443
73,Jung Hoo Lee,SFG,OF,Batter,326.7087705924124
74,Pete Crow-Armstrong,CHC,OF,Batter,325.63967920450676
75,Michael Busch,CHC,1B,Batter,325.5895629237209
76,Cal Raleigh,SEA,C/DH,Batter,325.0382785781175
77,Gunnar Henderson,BAL,SS,Batter,323.9101024334245
78,Robbie Ray,SFG,SP,SP,322.788388133049
79,Jackson Merrill,SDP,OF,Batter,322.65168995832994
80,Manny Machado,SDP,3B,Batter,322.3313551554406
81,David Bednar,NYY,RP,RP,321.86875677108765
82,Steven Kwan,CLE,OF,Batter,321.6728313982583
83,Shane Baz,BAL,SP,SP,321.4726676940918
84,MacKenzie Gore,TEX,SP,SP,321.2650454044342
85,Brent Rooker,ATH,OF/DH,Batter,321.2642271989233
86,Jackson Chourio,MIL,OF,Batter,321.1030587934637
87,Devin Williams,NYM,RP,RP,320.7069091796875
88,Nick Pivetta,SDP,SP,SP,320.4174060821533
89,Jhoan Duran,PHI,RP,RP,320.0323362350464
90,Reid Detmers,LAA,RP,RP,318.9418134689331
91,Brice Turang,MIL,2B,Batter,318.80799880520277
92,Trea Turner,PHI,SS,Batter,318.64765206831714
93,Daniel Palencia,CHC,RP,RP,317.8862943649292
94,Corey Seager,TEX,SS,Batter,317.6661229453036
95,Josh Hader,HOU,RP,RP,317.5009069442749
96,Jacob Misiorowski,MIL,SP,SP,317.24769735336304
97,Freddie Freeman,LAD,1B,Batter,316.87801022444927
98,Jose Soriano,LAA,SP,SP,316.7388153076172
99,Bryce Harper,PHI,1B,Batter,316.60729726211457
100,Bubba Chandler,PIT,SP,SP,316.51084899902344
101,Wyatt Langford,TEX,OF,Batter,316.2967090736668
102,Ozzie Albies,ATL,2B,Batter,315.643836657625
103,Ivan Herrera,STL,DH,Batter,314.36594839689394
104,Taylor Ward,BAL,OF,Batter,314.1238791153513
105,Austin Riley,ATL,3B,Batter,313.5373478883625
106,Willy Adames,SFG,SS,Batter,313.43866268014443
107,Kyle Stowers,MIA,OF,Batter,312.29704359009537
108,Nathan Eovaldi,TEX,SP,SP,312.2733383178711
109,Yordan Alvarez,HOU,OF/DH,Batter,312.22434135850676
110,TJ Friedl,CIN,OF,Batter,311.19120506192525
111,Zach Neto,LAA,SS,Batter,310.54171404433106
112,Brendan Donovan,SEA,2B,Batter,310.47894691425154
113,Brandon Woodruff,MIL,SP,SP,309.16839349269867
114,Shea Langeliers,ATH,C,Batter,307.5438649020755
115,Riley Greene,DET,OF/DH,Batter,307.5413651055085
116,Jonathan Aranda,TBR,1B,Batter,306.68916628584014
117,Ian Happ,CHC,OF,Batter,306.4946219250017
118,Aaron Nola,PHI,SP,SP,306.1438932418823
119,Chase Burns,CIN,SP,SP,305.0538082122803
120,Daylen Lile,WSN,OF,Batter,304.41880096979236
121,Marcus Semien,NYM,2B,Batter,304.05379144829385
122,Andres Munoz,SEA,RP,RP,303.9624328613281
123,Nolan Arenado,ARI,3B,Batter,303.9135905143572
124,Jakob Marsee,MIA,OF,Batter,303.25153964657426
125,Zac Gallen,ARI,SP,SP,303.1637247800827
126,Shohei Ohtani,LAD,SP,SP,302.17848229408264
127,Luis Castillo,SEA,SP,SP,301.7533960342407
128,Roman Anthony,BOS,OF,Batter,301.6116111576447
129,Otto Lopez,MIA,SS/2B,Batter,300.38638826716004
130,Luis Arraez,SFG,1B/DH,Batter,300.3191677825531
131,Jack Flaherty,DET,SP,SP,300.0952208042145
132,William Contreras,MIL,C/DH,Batter,298.97719843113896
133,Nolan McLean,NYM,SP,SP,298.56165397167206
134,Dansby Swanson,CHC,SS,Batter,298.3610273204955
135,Yoshinobu Yamamoto,LAD,SP,SP,298.3077048063278
136,Jazz Chisholm Jr.,NYY,2B/3B,Batter,298.01357740151974
137,Ryne Nelson,ARI,SP,SP,296.5795259475708
138,Andrew Benintendi,CHW,OF/DH,Batter,296.5158134197401
139,Luis Severino,ATH,SP,SP,296.21929955482483
140,Jeff McNeil,ATH,2B/OF,Batter,295.1445441194577
141,Tyler Glasnow,LAD,SP,SP,294.83218240737915
142,Mitch Keller,PIT,SP,SP,294.82160127162933
143,Jordan Westburg,BAL,3B,Batter,294.7439450437337
144,Emilio Pagan,CIN,RP,RP,294.4962067604065
145,Salvador Perez,KCR,C/1B/DH,Batter,294.3250916948182
146,Pablo Lopez,MIN,SP,SP,294.3207083940506
147,Brady Singer,CIN,SP,SP,294.24536526203156
148,Spencer Strider,ATL,SP,SP,294.0759024620056
149,Jorge Polanco,NYM,2B/DH,Batter,293.99733669854
150,Sal Frelick,MIL,OF,Batter,293.82596806613043
151,Brandon Nimmo,TEX,OF,Batter,293.67040439922
152,Ernie Clement,TOR,3B/2B/SS,Batter,292.9653185870639
153,Carlos Rodon,NYY,SP,SP,292.92182660102844
154,Xavier Edwards,MIA,2B/SS,Batter,292.5781155005797
155,Michael King,SDP,SP,SP,292.3837411403656
156,Josh Bell,MIN,1B,Batter,292.1126662545751
157,Ezequiel Tovar,COL,SS,Batter,292.06625815445466
158,Matt Chapman,SFG,3B,Batter,291.5482574440451
159,Drake Baldwin,ATL,C,Batter,290.70563231792016
160,Jacob Wilson,ATH,SS,Batter,288.82094982163454
161,Jose Altuve,HOU,2B/OF/DH,Batter,288.4594993416707
162,Seiya Suzuki,CHC,OF/DH,Batter,288.4244119874648
163,Agustin Ramirez,MIA,C/DH,Batter,288.1952655217609
164,CJ Abrams,WSN,SS,Batter,287.5549327972139
165,Masyn Winn,STL,SS,Batter,287.48652431957765
166,Max Meyer,MIA,SP,SP,287.3660523891449
167,Brandon Pfaadt,ARI,SP,SP,286.7908265590668
168,Yainer Diaz,HOU,C/DH,Batter,286.6743663618076
169,Caleb Durbin,BOS,3B,Batter,286.46980350766506
170,J.P. Crawford,SEA,SS,Batter,286.4183244334258
171,Kris Bubic,KCR,SP,SP,285.6083263158798
172,Marcell Ozuna,ATL,DH,Batter,285.1518754404712
173,Edward Cabrera,CHC,SP,SP,285.11761569976807
174,Abner Uribe,MIL,RP,RP,284.7688293457031
175,Jo Adell,LAA,OF,Batter,284.5010391060294
176,Shane Smith,CHW,SP,SP,283.5226563215256
177,Luis Garcia Jr.,WSN,2B,Batter,283.5086487065328
178,Jeff Hoffman,TOR,RP,RP,281.64918327331543
179,Tanner Bibee,CLE,SP,SP,281.56410479545593
180,Cade Cavalli,WSN,SP,SP,281.46178340911865
181,Willson Contreras,BOS,1B,Batter,281.40411935877677
182,Bryson Stott,PHI,2B,Batter,280.83576483349896
183,Alejandro Kirk,TOR,C,Batter,280.09774021494263
184,Ryan Helsley,BAL,RP,RP,280.04937744140625
185,Andy Pages,LAD,OF,Batter,278.97414240905175
186,Christian Yelich,MIL,DH,Batter,278.63194211804137
187,Elly De La Cruz,CIN,SS,Batter,278.18583207859945
188,Matthew Boyd,CHC,SP,SP,278.0639400482178
189,Adley Rutschman,BAL,C,Batter,277.8030817167852
190,Trent Grisham,NYY,OF,Batter,277.67624110954426
191,Quinn Priester,MIL,SP,SP,277.50624322891235
192,Joey Cantillo,CLE,SP,SP,277.16194891929626
193,Heliot Ramos,SFG,OF,Batter,277.14487893757564
194,Ranger Suarez,BOS,SP,SP,276.84646677970886
195,Nick Kurtz,ATH,1B,Batter,276.3062772834041
196,Alec Bohm,PHI,3B,Batter,276.181454024026
197,Luke Keaschall,MIN,2B,Batter,276.08001325180373
198,Daulton Varsho,TOR,OF,Batter,275.6804261855635
199,Trevor Rogers,BAL,SP,SP,275.6156978607178
200,Nick Lodolo,CIN,SP,SP,275.1914393901825
201,Dustin May,STL,SP,SP,274.7957544326782
202,Raisel Iglesias,ATL,RP,RP,273.6726813316345
203,Xander Bogaerts,SDP,SS,Batter,273.56717361306966
204,Pete Fairbanks,MIA,RP,RP,273.2547483444214
205,Andrew Abbott,CIN,SP,SP,273.1709666252136
206,Tyler Soderstrom,ATH,OF/1B,Batter,273.101645529349
207,Kyle Manzardo,CLE,1B,Batter,272.4740459160919
208,Ramon Laureano,SDP,RF,Batter,271.8406547025409
209,Yusei Kikuchi,LAA,SP,SP,271.49093556404114
210,Isaac Paredes,HOU,3B,Batter,270.4916883280236
211,Ryan O'Hearn,PIT,1B/OF/DH,Batter,269.92603254912854
212,Andres Gimenez,TOR,2B,Batter,269.88134192724334
213,Merrill Kelly,ARI,SP,SP,268.9916796684265
214,Gavin Sheets,SDP,LF,Batter,268.8574508138428
215,Michael Harris II,ATL,OF,Batter,268.62366911740315
216,Paul Goldschmidt,NYY,1B,Batter,268.6100197845527
217,Dennis Santana,PIT,RP,RP,268.06186532974243
218,Will Smith,LAD,C,Batter,267.5501949016292
219,Braxton Ashcraft,PIT,SP,SP,267.3847905397415
220,Chris Bassitt,BAL,SP,SP,266.3657177686691
221,Jack Leiter,TEX,SP,SP,265.7757201194763
222,Jackson Holliday,BAL,2B,Batter,265.25612570510884
223,Carlos Estevez,KCR,RP,RP,265.1324484348297
224,Bryan Reynolds,PIT,OF/DH,Batter,264.7149246720151
225,Andrew Vaughn,MIL,1B,Batter,264.0333966190157
226,Hunter Goodman,COL,C/DH,Batter,263.7179432568465
227,Ceddanne Rafaela,BOS,OF/2B,Batter,263.34395907965205
228,Mickey Moniak,COL,RF,Batter,263.1816513376072
229,Jarren Duran,BOS,OF,Batter,262.8249287394069
230,Ryan Weathers,NYY,SP,SP,262.30388498306274
231,Chase Meidroth,CHW,SS,Batter,262.235491639777
232,Jonathan India,KCR,2B/3B/OF/DH,Batter,261.9757228837112
233,Clay Holmes,NYM,SP,SP,258.8016724586487
234,Carlos Correa,HOU,SS/3B,Batter,257.66747892510665
235,Michael Wacha,KCR,SP,SP,256.0970666408539
236,Seranthony Dominguez,CHW,RP,RP,255.55282759666443
237,Casey Mize,DET,SP,SP,255.1490216255188
238,Brooks Lee,MIN,3B,Batter,254.8374159610959
239,Jake Burger,TEX,1B,Batter,254.59026104810613
240,Ryan Walker,SFG,RP,RP,254.2834768295288
241,Spencer Horwitz,PIT,1B,Batter,253.2624456106769
242,James Wood,WSN,OF/DH,Batter,252.52349523176557
243,Adolis Garcia,PHI,OF,Batter,252.33796734094582
244,Brandon Lowe,PIT,2B,Batter,251.95023072653566
245,Kerry Carpenter,DET,OF/DH,Batter,251.78022186392755
246,Griffin Jax,TBR,SP,SP,251.49383401870728
247,Bryce Miller,SEA,SP,SP,251.4221020936966
248,Wilyer Abreu,BOS,OF,Batter,251.31596051454162
249,Gabriel Moreno,ARI,C,Batter,251.20866321996576
250,Jameson Taillon,CHC,SP,SP,250.8002908229828
251,Cameron Schlittler,NYY,SP,SP,250.58657264709473
252,Colson Montgomery,CHW,SS,Batter,250.51164846456143
253,Jake Cronenworth,SDP,2B,Batter,250.34278968238732
254,Addison Barger,TOR,3B/OF,Batter,250.25453537486075
255,Chad Patrick,MIL,SP,SP,250.18164801597595
256,Oneil Cruz,PIT,OF,Batter,249.67458835507412
257,Mike Burrows,HOU,SP,SP,249.0517189502716
258,Clayton Beeter,WSN,RP,RP,248.20347619056702
259,Byron Buxton,MIN,OF,Batter,247.89200486703353
260,Shota Imanaga,CHC,SP,SP,247.48642909526825
261,Grant Taylor,CHW,SP,SP,246.58860683441162
262,Joey Ortiz,MIL,SS,Batter,246.34932298128345
263,Cristian Javier,HOU,SP,SP,246.34472846984863
264,Davis Martin,CHW,SP,SP,245.62209177017212
265,Kyle Freeland,COL,SP,SP,244.875936627388
266,Noelvi Marte,CIN,OF/3B,Batter,244.36660494711057
267,Slade Cecconi,CLE,SP,SP,244.09041118621826
268,Sean Manaea,NYM,SP,SP,243.70469522476196
269,Taj Bradley,MIN,SP,SP,243.2692106962204
270,Max Muncy,LAD,3B,Batter,243.09710137558565
271,Victor Vodnik,COL,RP,RP,242.7875747680664
272,Trevor Megill,MIL,RP,RP,242.62564849853516
273,Colt Keith,DET,2B/3B/DH,Batter,242.45667867207024
274,Christian Walker,HOU,1B,Batter,241.94161540975242
275,Justin Verlander,DET,SP,SP,241.41972517967224
276,Brayan Bello,BOS,SP,SP,241.17347717285156
277,David Peterson,NYM,SP,SP,241.14768826961517
278,Dylan Crews,WSN,OF,Batter,240.36043658152488
279,Will Warren,NYY,SP,SP,240.1918179988861
280,Adrian Houser,SFG,SP,SP,239.9150354862213
281,Kyle Leahy,STL,SP,SP,237.84053206443787
282,Teoscar Hernandez,LAD,OF,Batter,237.09318730258377
283,Jac Caglianone,KCR,RF,Batter,236.65670351815947
284,Brenton Doyle,COL,OF,Batter,236.64154926354686
285,Jeffrey Springs,ATH,SP,SP,236.28629565238953
286,Lawrence Butler,ATH,OF,Batter,236.22763516597402
287,Johan Oviedo,BOS,SP,SP,235.64331531524658
288,Tommy Edman,LAD,2B/OF,Batter,235.2506408982527
289,Noah Cameron,KCR,SP,SP,234.88843774795532
290,Trevor Story,BOS,SS,Batter,234.76309950489363
291,Grant Holmes,ATL,SP,SP,233.9507359266281
292,Kenley Jansen,DET,RP,RP,233.29146909713745
293,Royce Lewis,MIN,3B,Batter,233.14558173309217
294,Josh Smith,TEX,SS,Batter,232.81452829600727
295,Zebby Matthews,MIN,SP,SP,232.23716688156128
296,Jacob Lopez,ATH,SP,SP,232.13910222053528
297,Robert Garcia,TEX,RP,RP,231.8582000732422
298,Edwin Uceta,TBR,RP,RP,230.94765996932983
299,Brad Lord,WSN,SP,SP,229.8692808151245
300,Luis Robert Jr.,NYM,OF,Batter,229.61675290528942
301,Wenceel Perez,DET,RF,Batter,229.17985218190992
302,Andre Pallante,STL,SP,SP,229.0344557762146
303,Josh Jung,TEX,3B,Batter,228.83464820832643
304,Brett Baty,NYM,3B,Batter,228.42441176966537
305,Tyler Mahle,SFG,SP,SP,227.8889503479004
306,Seth Lugo,KCR,SP,SP,226.79405236244202
307,Matt Wallner,MIN,RF,Batter,226.46722127079298
308,Mike Yastrzemski,ATL,RF,Batter,225.9699172512927
309,Logan Henderson,MIL,SP,SP,224.71870803833008
310,Dominic Canzone,SEA,RF,Batter,224.6129617359382
311,Dean Kremer,BAL,SP,SP,224.17650592327118
312,Parker Messick,CLE,SP,SP,223.76494109630585
313,Mike Trout,LAA,OF/DH,Batter,223.13297776549913
314,Matthew Liberatore,STL,SP,SP,222.98621153831482
315,Steven Matz,TBR,SP,SP,222.77955627441406
316,Willi Castro,COL,LF,Batter,221.3892752374185
317,Kodai Senga,NYM,SP,SP,221.27629280090332
318,Lucas Giolito,BOS,SP,SP,221.13135826587677
319,Lars Nootbaar,STL,LF,Batter,221.11104539873304
320,Anthony Volpe,NYY,SS,Batter,220.84922279446863
321,Shane Bieber,TOR,SP,SP,219.85946702957153
322,Zack Littell,- - -,SP,SP,219.82959079742432
323,Kyle Teel,CHW,C,Batter,219.8006183707502
324,Cade Horton,CHC,SP,SP,219.15685176849365
325,Eugenio Suarez,CIN,3B,Batter,218.48429445457452
326,Matt McLain,CIN,2B,Batter,217.04287917879702
327,Cedric Mullins,TBR,OF,Batter,216.88368232578043
328,Ke'Bryan Hayes,CIN,3B,Batter,216.8426832831926
329,Brandon Marsh,PHI,CF,Batter,216.69248757876892
330,Chandler Simpson,TBR,OF,Batter,216.65885793543376
331,Garrett Cleavinger,TBR,RP,RP,216.59482288360596
332,Lenyn Sosa,CHW,2B,Batter,216.2997605807678
333,Taylor Rogers,MIN,RP,RP,215.16128134727478
334,Evan Carter,TEX,CF,Batter,214.43859615476487
335,Nathan Lukes,TOR,RF,Batter,214.1793563043039
336,Francisco Alvarez,NYM,C,Batter,213.82035850394493
337,Jake Meyers,HOU,CF,Batter,213.38325363386835
338,Spencer Steer,CIN,SP,Batter,213.00403011938437
339,Nick Martinez,TBR,SP,SP,212.58534014225006
340,Landen Roupp,SFG,SP,SP,210.93097496032715
341,Riley O'Brien,STL,RP,RP,210.28146767616272
342,Robert Suarez,ATL,RP,RP,209.60247588157654
343,Ryan Jeffers,MIN,C,Batter,209.18593013379092
344,Sean Burke,CHW,SP,SP,209.17216873168945
345,Brayan Rocchio,CLE,SS,Batter,208.73676843933202
346,Jeremiah Estrada,SDP,RP,RP,206.65534782409668
347,Dillon Dingler,DET,C,Batter,205.42445607618015
348,Bryan Abreu,HOU,RP,RP,204.9651336669922
349,Logan O'Hoppe,LAA,C,Batter,204.42815267027092
350,Victor Scott II,STL,CF,Batter,204.09454564742558
351,Bo Naylor,CLE,C,Batter,203.9771895247936
352,Jose Berrios,TOR,SP,SP,203.9193081855774
353,Samuel Basallo,BAL,C,Batter,203.56978052825158
354,Jared Triolo,PIT,SS,Batter,202.4882231732095
355,Jordan Beck,COL,LF,Batter,202.2971272987708
356,Miguel Andujar,SDP,LF,Batter,202.1076556524447
357,Max Scherzer,TOR,SP,SP,200.87329590320587
358,Cole Henry,WSN,RP,RP,200.57459259033203
359,Nolan Gorman,STL,2B,Batter,199.89162319111057
360,Mark Vientos,NYM,3B,Batter,199.65835552686502
361,JoJo Romero,STL,RP,RP,199.29727172851562
362,Aaron Civale,ATH,SP,SP,199.03785979747772
363,Dylan Beavers,BAL,RF,Batter,199.02962097892174
364,Bailey Ober,MIN,SP,SP,198.86300194263458
365,Andrew Kittredge,BAL,RP,RP,198.22942185401917
366,Josh Lowe,LAA,RF,Batter,197.82093880375865
367,Jesus Sanchez,TOR,Unknown,Batter,197.76161750390057
368,Kevin Ginkel,ARI,RP,RP,197.2677412033081
369,Michael Soroka,ARI,SP,SP,197.1965789794922
370,Harrison Bader,SFG,LF,Batter,197.02001178981513
371,Edgar Quero,CHW,C,Batter,196.56150107100467
372,Jordan Walker,STL,RF,Batter,196.46909754289965
373,Simeon Woods Richardson,MIN,SP,SP,196.2061401605606
374,Colton Cowser,BAL,LF,Batter,195.45565579617877
375,Tyler O'Neill,BAL,RF,Batter,195.3786110289207
376,Luis Morales,ATH,SP,SP,193.86741042137146
377,J.T. Realmuto,PHI,C,Batter,193.2362627261212
378,Zach McKinstry,DET,3B,Batter,193.1247997458758
379,Zach Eflin,BAL,SP,SP,193.04017424583435
380,Austin Hays,CHW,LF,Batter,193.0234785437891
381,Cole Young,SEA,2B,Batter,191.76875084989146
382,Austin Wells,NYY,C,Batter,191.70872183722125
383,Jorge Soler,LAA,RF,Batter,191.6758213883896
384,Parker Meadows,DET,CF,Batter,191.5649462714722
385,Brady House,WSN,3B,Batter,191.29813439729537
386,Michael McGreevy,STL,SP,SP,191.20304358005524
387,Ryan McMahon,NYY,3B,Batter,190.62194406501928
388,Patrick Bailey,SFG,C,Batter,190.45688925905344
389,Chase Dollander,COL,SP,SP,189.84987473487854
390,Michael Lorenzen,COL,SP,SP,189.2279713153839
391,Luke Weaver,NYM,RP,RP,188.9163157939911
392,Tanner Scott,LAD,RP,RP,188.2032175064087
393,Garrett Whitlock,BOS,RP,RP,187.95858335494995
394,Randy Vasquez,SDP,SP,SP,187.5977646112442
395,Connor Norby,MIA,3B,Batter,187.4949922308507
396,Roki Sasaki,LAD,SP,SP,187.37933349609375
397,Eduardo Rodriguez,ARI,SP,SP,186.8026156425476
398,Matt Svanson,STL,RP,RP,186.1193288564682
399,Adrian Morejon,SDP,RP,RP,186.0793161392212
400,Justin Sterner,ATH,SP,SP,185.9766150712967
401,Jacob Latz,TEX,SP,SP,185.84084701538086
402,Nick Gonzales,PIT,2B,Batter,185.53736025018065
403,Hogan Harris,ATH,RP,RP,184.67100191116333
404,Isaac Collins,KCR,LF,Batter,184.39275028380663
405,Alek Thomas,ARI,CF,Batter,183.8716212317983
406,Trevor Larnach,MIN,RF,Batter,183.77633609107767
407,Patrick Corbin,TEX,SP,SP,183.64515686035156
408,Phil Maton,CHC,RP,RP,183.61662983894348
409,Luis Gil,NYY,SP,SP,183.60582733154297
410,Richard Fitts,STL,SP,SP,182.6633791923523
411,Jordan Leasure,CHW,SP,SP,182.59600830078125
412,Will Vest,DET,RP,RP,182.5909457206726
413,Chris Paddack,MIA,SP,SP,182.1514241695404
414,Freddy Fermin,SDP,C,Batter,181.76868581401496
415,Brad Keller,PHI,SP,SP,181.44073677062988
416,Tony Santillan,CIN,RP,RP,181.19851756095886
417,Mike Vasil,CHW,SP,SP,181.00440645217896
418,Lance McCullers Jr.,HOU,SP,SP,180.84640681743622
419,Kyle Isbel,KCR,CF,Batter,180.50680282094456
420,Luis Rengifo,MIL,3B,Batter,180.37443352279954
421,Rhys Hoskins,MIL,1B,Batter,179.71373320600773
422,Jonah Heim,TEX,C,Batter,179.68139699145377
423,Tyler Stephenson,CIN,C,Batter,179.41531306491586
424,Kumar Rocker,TEX,SP,SP,179.19750571250916
425,Jose A. Ferrer,SEA,RP,RP,179.04925918579102
426,Tyler Freeman,COL,RF,Batter,178.6717951357687
427,Alex Vesia,LAD,RP,RP,178.52807474136353
428,Victor Caratini,MIN,C,Batter,177.8935280218065
429,Gavin Lux,TBR,LF,Batter,177.68834470665928
430,Carlos Narvaez,BOS,C,Batter,177.68145200364364
431,Jimmy Herget,COL,RP,RP,177.485879778862
432,Ryan Feltner,COL,SP,SP,174.9648858308792
433,Dylan Lee,ATL,RP,RP,174.84962248802185
434,Shawn Armstrong,CLE,SP,SP,174.58770751953125
435,Yimi Garcia,TOR,RP,RP,174.457181930542
436,Jose Alvarado,PHI,RP,RP,174.43978881835938
437,Jake McCarthy,COL,CF,Batter,174.0466718163407
438,Brooks Baldwin,CHW,LF,Batter,173.73633421925385
439,Fernando Cruz,NYY,RP,RP,173.0614321231842
440,Keibert Ruiz,WSN,C,Batter,172.67531149589112
441,Bryan Baker,TBR,RP,RP,172.59549355506897
442,Gregory Soto,PIT,RP,RP,172.41979908943176
443,Louie Varland,TOR,SP,SP,172.3145146369934
444,Hunter Gaddis,CLE,RP,RP,172.17586612701416
445,Bryce Elder,ATL,SP,SP,172.05465185642242
446,Spencer Schwellenbach,ATL,SP,SP,172.03855693340302
447,Christian Moore,LAA,2B,Batter,171.91629653069083
448,Austin Martin,MIN,CF,Batter,171.8966675879358
449,Mick Abel,MIN,SP,SP,171.82509744167328
450,Gabriel Arias,CLE,SS,Batter,171.61902923223062
451,Carson Kelly,CHC,C,Batter,171.5680602336552
452,Calvin Faucher,MIA,RP,RP,171.14874267578125
453,Ian Seymour,TBR,SP,SP,170.96924877166748
454,Kyle Harrison,MIL,SP,SP,170.6097832918167
455,Erik Miller,SFG,RP,RP,170.4144103527069
456,Matt Strahm,KCR,RP,RP,169.9993577003479
457,Juan Mejia,COL,RP,RP,169.7736496925354
458,Pavin Smith,ARI,1B,Batter,169.28829191017087
459,Jonathan Cannon,CHW,SP,SP,169.20822894573212
460,Joel Peguero,SFG,RP,RP,167.9317626953125
461,Joc Pederson,TEX,1B,Batter,167.87845322482943
462,Kyle Finnegan,DET,RP,RP,166.2643280029297
463,Griffin Canning,SDP,SP,SP,166.21254348754883
464,Jared Koenig,MIL,RP,RP,165.9968967437744
465,Matt Brash,SEA,RP,RP,165.61218535900116
466,Erik Sabrowski,CLE,RP,RP,165.2993049621582
467,Andrew Alvarez,WSN,SP,SP,165.21605587005615
468,Graham Ashcraft,CIN,RP,RP,165.11565232276917
469,Miles Mikolas,WSN,SP,SP,164.8584462404251
470,Tyler Anderson,LAA,SP,SP,164.48629689216614
471,Davis Schneider,TOR,LF,Batter,164.39511534272418
472,Aaron Ashby,MIL,SP,SP,164.27178955078125
473,Steven Okert,HOU,SP,SP,164.10581970214844
474,Drew Pomeranz,LAA,SP,SP,163.39828538894653
475,Tyler Rogers,TOR,RP,RP,162.86801934242249
476,Mark Leiter Jr.,ATH,RP,RP,162.4934539794922
477,Mauricio Dubon,ATL,2B,Batter,161.66573631258555
478,Ryne Stanek,STL,RP,RP,161.52532196044922
479,Logan Allen,CLE,SP,SP,161.01587665081024
480,Caleb Thielbar,CHC,RP,RP,160.95570397377014
481,Bryan King,HOU,RP,RP,160.93066835403442
482,Hunter Dobbins,STL,SP,SP,160.5153923034668
483,Yoan Moncada,LAA,3B,Batter,160.4149112000292
484,Mason Montgomery,PIT,RP,RP,159.7471103668213
485,C.J. Kayfus,CLE,1B,Batter,159.71035165545817
486,Jose Quintana,COL,SP,SP,159.0841579437256
487,Cam Smith,HOU,RF,Batter,158.80803143507035
488,Hurston Waldrep,ATL,SP,SP,158.30804252624512
489,Cole Sands,MIN,SP,SP,157.85639905929565
490,Keegan Akin,BAL,SP,SP,157.34651160240173
491,Orion Kerkering,PHI,RP,RP,157.11038482189178
492,Cole Winn,TEX,RP,RP,156.99480044841766
493,Camilo Doval,NYY,RP,RP,156.81786346435547
494,Heriberto Hernandez,MIA,LF,Batter,156.64545413745188
495,German Marquez,SDP,SP,SP,156.59689950942993
496,Kirby Yates,LAA,RP,RP,155.9163589477539
497,Liam Hicks,MIA,C,Batter,155.9083227610855
498,Marcelo Mayer,BOS,3B,Batter,155.78911508701418
499,Jake Fraley,TBR,RF,Batter,155.7634182710698
500,Ryan Zeferjahn,LAA,SP,SP,154.7972252368927
501,Taijuan Walker,PHI,SP,SP,154.60666942596436
502,Lourdes Gurriel Jr.,ARI,LF,Batter,154.07606453053535
503,Blake Treinen,LAD,RP,RP,153.82782745361328
504,Greg Weissert,BOS,RP,RP,152.37489020824432
505,Joe Boyle,TBR,SP,SP,152.24875783920288
506,Kade Strowd,ARI,RP,RP,151.84744453430176
507,Tyler Kinley,ATL,RP,RP,151.316956281662
508,Ty France,- - -,1B,Batter,150.55619174750527
509,Justin Slaten,BOS,RP,RP,150.40686988830566
510,Michael Conforto,LAD,LF,Batter,150.2978082248808
511,Rowdy Tellez,- - -,1B,Batter,150.24804245723055
512,Gabe Speier,SEA,RP,RP,150.1367383003235
513,Michael Massey,KCR,2B,Batter,150.08097381195432
514,Kody Funderburk,MIN,RP,RP,149.8905874490738
515,Justin Topa,MIN,SP,SP,149.49576044082642
516,Connor Phillips,CIN,RP,RP,149.43087005615234
517,Tyler Phillips,MIA,SP,SP,149.1910982131958
518,Luisangel Acuna,CHW,2B,Batter,149.165108513222
519,Elvis Alvarado,ATH,RP,RP,149.03828144073486
520,Lane Thomas,KCR,CF,Batter,148.78177707617905
521,Eduard Bazardo,SEA,RP,RP,148.1611785888672
522,Sean Newcomb,CHW,SP,SP,147.85609340667725
523,Lucas Erceg,KCR,RP,RP,147.82160997390747
524,Walker Buehler,- - -,SP,SP,147.3939995765686
525,Carlos Santana,ARI,1B,Batter,146.54384594261535
526,Jake Bauers,MIL,1B,Batter,146.309455249079
527,Victor Robles,SEA,RF,Batter,145.9759505732707
528,PJ Poulin,WSN,RP,RP,145.94722604751587
529,Isaac Mattson,PIT,RP,RP,145.4779281616211
530,Jacob Young,WSN,CF,Batter,145.025223677894
531,Janson Junk,MIA,SP,SP,144.8865818977356
532,Caden Dana,LAA,SP,SP,144.69656598567963
533,Javier Baez,DET,CF,Batter,143.92578539100742
534,Seth Halvorsen,COL,RP,RP,143.86066102981567
535,Giancarlo Stanton,NYY,DH,Batter,143.71548420000195
536,Tyler Wells,BAL,SP,SP,143.67226147651672
537,David Morgan,SDP,SP,SP,143.56644558906555
538,Jose Butto,SFG,RP,RP,143.47669672966003
539,Pierce Johnson,CIN,RP,RP,143.39818477630615
540,Chris Martin,TEX,RP,RP,143.33732318878174
541,Spencer Arrighetti,HOU,SP,SP,142.89230453968048
542,John Schreiber,KCR,RP,RP,142.8437957763672
543,Spencer Bivens,SFG,RP,RP,142.78995871543884
544,Rico Garcia,BAL,SP,SP,142.64821434020996
545,Jose Caballero,NYY,SS,Batter,142.28138323727174
546,Dietrich Enns,BAL,SP,SP,142.1202163696289
547,Edouard Julien,COL,2B,Batter,142.0693007532682
548,Brooks Raley,NYM,RP,RP,142.04783582687378
549,Anthony Bender,MIA,RP,RP,142.03217613697052
550,Michael Kelly,ATH,RP,RP,141.80404138565063
551,Tyler Holton,DET,SP,SP,141.70891857147217
552,Tomoyuki Sugano,COL,SP,SP,141.12411546707153
553,Ryan Thompson,ARI,RP,RP,140.44110870361328
554,Danny Jansen,TEX,C,Batter,140.26085974634768
555,Nathaniel Lowe,CIN,1B,Batter,140.25199793339044
556,Brock Burke,CIN,SP,SP,140.1022629737854
557,Jake Irvin,WSN,SP,SP,139.88446760177612
558,Matt Shaw,CHC,3B,Batter,139.63694348143875
559,Kody Clemens,MIN,2B,Batter,139.59933353710824
560,Nick Castellanos,SDP,RF,Batter,137.44131540591397
561,Anthony Banda,MIN,SP,SP,137.104989528656
562,Ha-seong Kim,ATL,SS,Batter,136.42579629512855
563,Denzel Clarke,ATH,CF,Batter,135.58079030531127
564,Mason Englert,TBR,RP,RP,134.58812618255615
565,Miguel Amaya,CHC,C,Batter,134.18865739552663
566,Tommy Pham,PIT,LF,Batter,134.11209299264678
567,Yohan Ramirez,PIT,RP,RP,133.94136714935303
568,Blaze Alexander,BAL,SS,Batter,133.52953629106256
569,Jake Mangum,PIT,LF,Batter,133.33991386706305
570,Brendon Little,TOR,RP,RP,133.16641855239868
571,Tanner Banks,PHI,SP,SP,132.79581832885742
572,Carson Williams,TBR,SS,Batter,132.74104607523958
573,Nick Fortes,TBR,C,Batter,132.49370187212529
574,Luis Garcia,NYM,RP,RP,132.39722347259521
575,Nick Mears,KCR,RP,RP,132.23757648468018
576,Taylor Walls,TBR,SS,Batter,132.14787083534773
577,Jakob Junis,TEX,RP,RP,131.94120931625366
578,Yennier Cano,BAL,RP,RP,131.85367155075073
579,Romy Gonzalez,BOS,1B,Batter,131.06413299641542
580,Jonathan Bowlan,PHI,SP,SP,130.66806030273438
581,Paul Blackburn,NYY,SP,SP,130.66448938846588
582,Matt Festa,CLE,RP,RP,130.22566175460815
583,Andrew McCutchen,PIT,RF,Batter,130.1404362298097
584,Enyel De Los Santos,HOU,RP,RP,129.99459886550903
585,Thomas Saggese,STL,2B,Batter,129.96388189831922
586,Jose Trevino,CIN,C,Batter,129.77420747262445
587,Justin Steele,CHC,SP,SP,129.65148866176605
588,Zack Kelly,BOS,RP,RP,129.55019879341125
589,Troy Melton,DET,SP,SP,129.3224811553955
590,Amed Rosario,NYY,3B,Batter,129.05936756988294
591,Casey Schmitt,SFG,3B,Batter,128.74760436285382
592,Tommy Nance,TOR,RP,RP,128.7230212688446
593,Jordan Romano,LAA,RP,RP,128.5666847229004
594,Jackson Rutledge,WSN,RP,RP,128.23116552829742
595,Grant Anderson,MIL,RP,RP,127.95998096466064
596,Emerson Hancock,SEA,SP,SP,127.66921937465668
597,Angel Zerpa,MIL,SP,SP,127.48446798324585
598,Wandy Peralta,SDP,SP,SP,127.07358253002167
599,Thairo Estrada,COL,2B,Batter,126.98536738961036
600,Tyrone Taylor,NYM,CF,Batter,126.83820260290432
601,Colin Rea,CHC,SP,SP,126.82689201831818
602,Carmen Mlodzinski,PIT,SP,SP,126.51907730102539
603,Troy Johnston,COL,OF,Batter,126.48750038482599
604,Mike Tauchman,CHW,RF,Batter,126.06710663650803
605,Angel Martinez,CLE,CF,Batter,125.38173837774869
606,Christopher Morel,MIA,LF,Batter,125.11021898548366
607,Dominic Smith,SFG,1B,Batter,125.03015472373063
608,Michael A. Taylor,CHW,RF,Batter,124.99038384977077
609,JJ Bleday,CIN,CF,Batter,124.80900417424775
610,Cole Sulser,TBR,RP,RP,124.37939822673798
611,Matt Vierling,DET,CF,Batter,123.94640288920341
612,Sean Murphy,ATL,C,Batter,123.80575498643174
613,Will Benson,CIN,LF,Batter,123.44870684392276
614,Adam Frazier,- - -,2B,Batter,122.2363664697291
615,Huascar Brazoban,NYM,SP,SP,122.06827163696289
616,Tim Hill,NYY,RP,RP,121.95897793769836
617,Caleb Ferguson,CIN,RP,RP,121.74264025688171
618,Max Muncy,ATH,3B,Batter,121.45097632218435
619,Graham Pauley,MIA,3B,Batter,121.21366731177616
620,Brent Headrick,NYY,RP,RP,121.09883975982666
621,Rob Refsnyder,SEA,RF,Batter,120.99012539063173
622,Scott Barlow,ATH,SP,SP,120.97368359565735
623,Jake Bird,NYY,RP,RP,120.9089949131012
624,Reese Olson,DET,SP,SP,120.67968165874481
625,Ben Casparius,LAD,SP,SP,120.36826169490814
626,Aaron Bummer,ATL,SP,SP,120.3054461479187
627,Javier Sanoja,MIA,2B,Batter,120.05447002749048
628,Joey Bart,PIT,C,Batter,119.7689863127817
629,Brandon Sproat,MIL,SP,SP,119.64927792549133
630,Jack Dreyer,LAD,SP,SP,119.63436841964722
631,Henry Davis,PIT,C,Batter,119.31501562676294
632,Pedro Pages,STL,C,Batter,119.21793953901003
633,Kyle Higashioka,TEX,C,Batter,118.8678664549733
634,Jason Adam,SDP,RP,RP,118.46356892585754
635,Hayden Birdsong,SFG,SP,SP,118.46261811256409
636,Brant Hurter,DET,SP,SP,118.0550776720047
637,Taylor Clarke,ARI,RP,RP,118.05398654937744
638,Eric Orze,MIN,RP,RP,117.97793006896973
639,Tyler Alexander,TEX,SP,SP,117.86205720901489
640,Cade Gibson,MIA,SP,SP,116.92008876800537
641,Tim Herrin,CLE,RP,RP,116.50703477859497
642,Brennan Bernardino,COL,SP,SP,115.29582381248474
643,Braydon Fisher,TOR,SP,SP,115.07557773590088
644,Jordan Hicks,CHW,SP,SP,114.91475486755371
645,Gordon Graceffo,STL,RP,RP,114.88322925567627
646,Hoby Milner,CHC,RP,RP,114.74172401428223
647,Luis Torrens,NYM,C,Batter,114.58451354040388
648,Jacob Webb,CHC,RP,RP,114.48547220230103
649,Yuki Matsui,SDP,RP,RP,114.28244066238403
650,Brent Suter,LAA,SP,SP,113.72816705703735
651,Marcus Stroman,NYY,SP,SP,113.42975878715515
652,Bennett Sousa,HOU,RP,RP,113.39252948760986
653,Connor Brogdon,CLE,RP,RP,113.34375858306885
654,Casey Legumina,SEA,SP,SP,112.83729290962219
655,Logan Evans,SEA,SP,SP,112.75800949335097
656,Luke Raley,SEA,RF,Batter,112.5990885951928
657,Kyle Farmer,COL,2B,Batter,112.50679595447146
658,Antonio Senzatela,COL,SP,SP,112.39477729797363
659,Randal Grichuk,- - -,RF,Batter,112.19377933297137
660,Stephen Kolek,KCR,SP,SP,112.00229287147522
661,Carlos Vargas,SEA,RP,RP,111.87082099914551
662,Brenan Hanifee,DET,RP,RP,111.82950758934021
663,Erick Fedde,CHW,SP,SP,111.66268479824066
664,Justin Wrobleski,LAD,SP,SP,109.88292407989502
665,Jose Fermin,LAA,RP,RP,109.51772737503052
666,Joel Payamps,ATL,RP,RP,108.95899140834808
667,Ezequiel Duran,TEX,SS,Batter,108.0690880951604
668,Masataka Yoshida,BOS,LF,Batter,107.85844215881663
669,Starling Marte,NYM,LF,Batter,106.88471746079937
670,Mitchell Parker,WSN,SP,SP,106.81358814239502
671,Wilmer Flores,SFG,1B,Batter,106.68153291535275
672,Brandon Eisert,CHW,SP,SP,106.63590431213379
673,Eric Lauer,TOR,SP,SP,106.5034168958664
674,Alexander Canario,PIT,LF,Batter,105.6977345011782
675,Porter Hodge,CHC,RP,RP,105.62269639968872
676,Ian Hamilton,ATL,SP,SP,105.33908343315125
677,Jose Tena,WSN,3B,Batter,105.3088030346106
678,J.T. Ginn,ATH,SP,SP,104.61805319786072
679,Ryan Bergert,KCR,SP,SP,103.78393197059631
680,Yoendrys Gomez,TBR,SP,SP,102.90679240226746
681,A.J. Blubaugh,HOU,SP,SP,102.86907124519348
682,Jaden Hill,COL,RP,RP,102.64891386032104
683,Daniel Lynch IV,KCR,SP,SP,102.52557587623596
684,Alex Verdugo,ATL,LF,Batter,102.33540984281468
685,Ryan Yarbrough,NYY,SP,SP,102.25118064880371
686,Bailey Falter,KCR,SP,SP,102.17980360984802
687,Brock Stewart,LAD,RP,RP,101.91495513916016
688,Matt Gage,SFG,SP,SP,101.33877754211426
689,Steven Wilson,TBR,RP,RP,101.18045902252197
690,Beau Brieske,DET,SP,SP,101.06086492538452
691,Ryan Pressly,CHC,RP,RP,100.74812345504762
692,Oswald Peraza,LAA,3B,Batter,100.60601212653549
693,Andrew Chafin,MIN,RP,RP,100.547518491745
694,Rob Zastryzny,MIL,SP,SP,100.19720554351807
695,Jasson Dominguez,NYY,OF,Batter,99.59223666325919
696,Tobias Myers,NYM,SP,SP,99.2169998884201
697,Dane Myers,CIN,CF,Batter,99.09063123472373
698,Travis Adams,MIN,SP,SP,99.00339090824127
699,Miguel Rojas,LAD,2B,Batter,98.9725901890298
700,Ramon Urias,- - -,Unknown,Batter,97.94474773379395
701,Daniel Schneemann,CLE,2B,Batter,97.61433881563917
702,George Soriano,STL,RP,RP,97.58981418609619
703,Lake Bachar,MIA,SP,SP,97.58149147033691
704,Robert Hassell III,WSN,CF,Batter,97.02284140123766
705,Edmundo Sosa,PHI,2B,Batter,96.90210196162563
706,Darell Hernaiz,ATH,3B,Batter,96.82965447302398
707,Colby Thomas,ATH,RF,Batter,96.75379693582114
708,Drew Gilbert,SFG,CF,Batter,94.77253539457257
709,Wikelman Gonzalez,CHW,RP,RP,94.67253875732422
710,Hunter Feduccia,TBR,C,Batter,94.60388025972786
711,Enrique Hernandez,LAD,1B,Batter,94.41420135220855
712,Andy Ibanez,ATH,Unknown,Batter,94.27262101524774
713,Keider Montero,DET,SP,SP,94.0336046218872
714,Adrian Del Castillo,ARI,C,Batter,93.56337897956118
715,Ben Williamson,TBR,3B,Batter,93.08721725518868
716,Isiah Kiner-Falefa,BOS,SS,Batter,92.98580484302536
717,JT Brubaker,SFG,SP,SP,92.72043120861053
718,JP Sears,SDP,SP,SP,92.28719162940979
719,Blake Perkins,MIL,CF,Batter,92.00479080248878
720,Charlie Morton,- - -,SP,SP,92.00366592407227
721,Javier Assad,CHC,SP,SP,91.930100440979
722,Danny Coulombe,- - -,SP,SP,91.55331993103027
723,David Hamilton,MIL,2B,Batter,91.15786672592733
724,Justin Wilson,BOS,RP,RP,90.81231260299683
725,Santiago Espinal,CIN,3B,Batter,90.7811313178932
726,Cody Freeman,TEX,3B,Batter,90.5307793222269
727,Dylan Dodd,ATL,RP,RP,90.10014986991882
728,Otto Kemp,PHI,1B,Batter,89.3038663715022
729,Triston Casas,BOS,1B,Batter,89.19404061345865
730,Braxton Fulford,COL,C,Batter,88.48774869282585
731,Ben Brown,CHC,SP,SP,88.47959280014038
732,Christian Vazquez,MIN,C,Batter,88.22293029018111
733,DL Hall,MIL,SP,SP,87.61961650848389
734,Kyle Nicolas,PIT,RP,RP,87.58488941192627
735,Ryan Gusto,MIA,SP,SP,87.53636384010315
736,Mason Fluharty,TOR,RP,RP,86.52756309509277
737,Myles Straw,TOR,CF,Batter,86.26703403996606
738,David Fry,CLE,1B,Batter,86.18841805774227
739,Bryce Teodosio,LAA,CF,Batter,85.70699759984406
740,Grant Wolfram,BAL,RP,RP,85.58397054672241
741,Steven Cruz,KCR,RP,RP,85.35593235492706
742,Justin Turner,CHC,1B,Batter,85.05980517896955
743,Jahmai Jones,DET,RF,Batter,85.0147177801136
744,Alex Call,LAD,RF,Batter,84.56937829986224
745,Joey Wentz,ATL,SP,SP,84.55294942855835
746,Sam Haggerty,TEX,CF,Batter,84.48653760367432
747,Ryan Fernandez,STL,RP,RP,84.00663232803345
748,Kyle Karros,COL,3B,Batter,83.98884533378252
749,David Festa,MIN,SP,SP,83.7091634273529
750,Tanner Gordon,COL,SP,SP,83.37483024597168
751,Yohel Pozo,STL,C,Batter,83.19870960516474
752,Luis Urias,ATH,2B,Batter,82.57545109091697
753,Bowden Francis,TOR,SP,SP,82.0190658569336
754,Jose Urena,- - -,SP,SP,82.00817275047302
755,Paxton Schultz,WSN,SP,SP,81.72638630867004
756,John King,MIA,RP,RP,81.5469536781311
757,Chad Green,TOR,RP,RP,81.1129412651062
758,Tyler Locklear,ARI,1B,Batter,80.82879222264908
759,Max Kepler,PHI,LF,Batter,79.8146484299049
760,Justyn-Henry Malloy,TBR,RF,Batter,79.54305069657252
761,Jake Rogers,DET,C,Batter,78.72175646090952
762,James McCann,ARI,C,Batter,78.64208037402658
763,Zach Agnos,COL,RP,RP,78.41469407081604
764,Luis Matos,SFG,RF,Batter,77.8299125376138
765,Jeremiah Jackson,BAL,2B,Batter,77.66993206592376
766,James Outman,MIN,CF,Batter,77.6525008978778
767,Mitch Garver,SEA,C,Batter,77.05029109938236
768,Connor Wong,BOS,C,Batter,76.81328178232246
769,Ryan Ritter,COL,SS,Batter,76.60683546734198
770,Daysbel Hernandez,ATL,RP,RP,76.23156261444092
771,Travis d'Arnaud,LAA,C,Batter,75.65576179702072
772,Jackson Perkins,ATH,SP,SP,75.4313440322876
773,Tommy Kahnle,DET,RP,RP,75.36719036102295
774,Nick Loftin,KCR,LF,Batter,75.17495669700614
775,Alan Roden,MIN,LF,Batter,74.94534881870085
776,Chris Taylor,LAA,CF,Batter,74.92420457664002
777,Jose Iglesias,SDP,2B,Batter,74.5461979182781
778,Luke Jackson,- - -,RP,RP,74.32271075248718
779,Andre Granillo,WSN,RP,RP,74.29272770881653
780,Michael Helman,TEX,CF,Batter,74.05877802278387
781,Jason Alexander,HOU,SP,SP,73.70844459533691
782,Kevin Kelly,TBR,RP,RP,72.89379739761353
783,Oswaldo Cabrera,NYY,3B,Batter,72.68113047675683
784,Tyler Ferguson,ATH,RP,RP,72.40475225448608
785,Colin Holderman,CLE,RP,RP,72.37179255485535
786,Mason Barnett,ATH,SP,SP,72.22659647464752
787,Ryan Brasier,TEX,SP,SP,71.42178010940552
788,Ryan Mountcastle,BAL,1B,Batter,71.31048063130568
789,Rafael Marchan,PHI,C,Batter,70.86691845802449
790,Andrew Saalfrank,ARI,RP,RP,70.77375841140747
791,Corbin Burnes,ARI,SP,SP,70.3021274805069
792,Adael Amador,COL,2B,Batter,70.07020010508718
793,Kai-Wei Teng,HOU,SP,SP,70.04535758495331
794,Jalen Beeks,ARI,SP,SP,69.28012275695801
795,Gio Urshela,ATH,3B,Batter,69.27558400281886
796,Austin Slater,- - -,LF,Batter,69.20080619892556
797,Jonathan Loaisiga,ARI,RP,RP,68.83134853839874
798,Tyler Heineman,TOR,C,Batter,68.81893510661067
799,Gunnar Hoglund,ATH,SP,SP,68.2895257472992
800,Joey Lucchesi,SFG,RP,RP,67.49833548069
801,Luis Mey,CIN,RP,RP,67.36698818206787
802,Chase Shugart,PHI,RP,RP,67.21269083023071
803,Leo Rivas,SEA,2B,Batter,65.85502325192915
804,Pierson Ohl,COL,SP,SP,65.36284637451172
805,Anthony Santander,TOR,OF/DH,Batter,65.33193830397066
806,LaMonte Wade Jr.,CHW,1B,Batter,64.29197222913798
807,Tristan Beck,SFG,SP,SP,63.9573974609375
808,Dalton Rushing,LAD,C,Batter,63.86238204142472
809,Clarke Schmidt,NYY,SP,SP,63.743330121040344
810,Chris Murphy,CHW,RP,RP,63.60132694244385
811,Jon Berti,CHC,3B,Batter,63.263580235386605
812,Colton Gordon,HOU,SP,SP,61.75105285644531
813,Yariel Rodriguez,TOR,SP,SP,61.29723405838013
814,Tim Tawa,ARI,2B,Batter,61.229160139887526
815,Hyeseong Kim,LAD,2B,Batter,61.1002842195228
816,Dan Altavilla,MIN,RP,RP,59.896488189697266
817,Alek Jacob,SDP,RP,RP,58.953405022621155
818,Chris Roycroft,STL,RP,RP,58.68352127075195
819,Sam Bachman,LAA,RP,RP,58.6216926574707
820,Joshua Palacios,CHW,RF,Batter,58.4828886537604
821,Zack Gelof,ATH,2B,Batter,58.16771964020751
822,Juan Morillo,ARI,RP,RP,57.68048310279846
823,Sawyer Gipson-Long,DET,SP,SP,57.32136392593384
824,Yerry De Los Santos,NYY,RP,RP,56.33803677558899
825,Max Lazar,PHI,RP,RP,56.31506967544556
826,Carlos Carrasco,- - -,SP,SP,55.39159722328186
827,John Rave,KCR,RF,Batter,55.18325532220847
828,Alejandro Osuna,TEX,LF,Batter,54.89042253143553
829,Ildemaro Vargas,ARI,2B,Batter,54.864994822229605
830,Eric Wagaman,MIN,1B,Batter,54.57408560260568
831,Ronny Mauricio,NYM,3B,Batter,54.528421473975754
832,Trent Thornton,CHC,RP,RP,54.3890585899353
833,Austin Hedges,CLE,C,Batter,54.375094634291806
834,Reese McGuire,MIL,C,Batter,54.35201721317124
835,Will Wagner,SDP,3B,Batter,54.316823603214395
836,Adam Mazur,MIA,SP,SP,53.590829968452454
837,Chase Lee,TOR,RP,RP,53.13058400154114
838,Mark Canha,TEX,LF,Batter,52.78449298967791
839,Orlando Ribalta,WSN,RP,RP,52.65339398384094
840,Orlando Arcia,MIN,SS,Batter,52.14832227515566
841,Rafael Montero,NYY,RP,RP,51.53101897239685
842,Nick Allen,HOU,SS,Batter,51.14444721438803
843,Eli White,ATL,RF,Batter,50.96390882591004
844,Kristian Campbell,BOS,2B,Batter,50.935280170085306
845,Angel Chivilli,NYY,RP,RP,50.88100457191467
846,Derek Hill,CHW,CF,Batter,50.593467566076484
847,Nolan Jones,CLE,RF,Batter,50.51310836628363
848,Brandon Young,BAL,SP,SP,49.60380816459656
849,Michael Tonkin,MIN,RP,RP,49.47132682800293
850,Justin Hagenman,NYM,SP,SP,49.41285729408264
851,DJ LeMahieu,NYY,2B,Batter,49.033468040721544
852,Hayden Wesneski,HOU,SP,SP,48.956549763679504
853,Austin Wynns,ATH,C,Batter,48.30954301594952
854,Cade Povich,BAL,SP,SP,47.381248116493225
855,Nick Martini,COL,RF,Batter,47.32978349680233
856,Warming Bernabel,WSN,3B,Batter,47.12049170681302
857,Elias Diaz,SDP,C,Batter,47.036764317580584
858,Christian Koss,SFG,2B,Batter,46.83643652940229
859,Carson Whisenhunt,SFG,SP,SP,46.61157429218292
860,Kaleb Ort,LAA,RP,RP,46.48475170135498
861,Kyle Hart,SDP,SP,SP,46.27053427696228
862,Jorge Lopez,WSN,RP,RP,45.55503845214844
863,Gary Sanchez,BAL,C,Batter,45.264837521506294
864,Johan Rojas,PHI,CF,Batter,44.81951231811732
865,Tyler Gilbert,CHW,SP,SP,44.41459584236145
866,Chas McCormick,CHC,LF,Batter,44.076258768341745
867,Martin Perez,ATL,SP,SP,43.3159384727478
868,Cooper Hummel,- - -,LF,Batter,43.195873433056306
869,Brandon Waddell,NYM,SP,SP,42.87630010843277
870,Cionel Perez,WSN,RP,RP,42.76069927215576
871,Trevor Williams,WSN,SP,SP,42.31449890136719
872,Hector Neris,KCR,RP,RP,42.157095193862915
873,Curtis Mead,CHW,1B,Batter,41.96429622785201
874,Andruw Monasterio,BOS,SS,Batter,41.71473057373239
875,Jack Suwinski,PIT,RF,Batter,41.38634140212374
876,Joey Loperfido,HOU,LF,Batter,41.01690355581539
877,Martin Maldonado,SDP,C,Batter,40.85606838902694
878,Nick Sogard,BOS,1B,Batter,40.78528964953702
879,Hunter Renfroe,KCR,RF,Batter,40.205869481395816
880,Lyon Richardson,CIN,RP,RP,39.899213790893555
881,Landon Knack,LAD,SP,SP,39.889556884765625
882,Lou Trivino,PHI,SP,SP,39.738014221191406
883,Dylan Moore,PHI,2B,Batter,39.720916250653616
884,Zach Dezenzo,HOU,LF,Batter,39.69035513572727
885,Bryse Wilson,PHI,SP,SP,38.76216006278992
886,Christian Encarnacion-Strand,CIN,1B,Batter,38.48700240911328
887,Jorge Alcala,TOR,RP,RP,38.071067810058594
888,Dylan Carlson,CHC,LF,Batter,38.06470481034082
889,Scott Blewett,STL,SP,SP,37.97165298461914
890,Mitch Farris,LAA,SP,SP,37.964112281799316
891,Dane Dunning,SEA,RP,RP,36.580421447753906
892,Carlos Hernandez,CLE,RP,RP,36.47326731681824
893,Felix Bautista,BAL,RP,RP,36.39133834838867
894,Jacob Stallings,- - -,C,Batter,35.683782383601674
895,Jack Kochanowicz,LAA,SP,SP,35.17792224884033
896,Carson Palmquist,COL,SP,SP,34.17232894897461
897,Max Schuemann,NYY,3B,Batter,34.153557358607074
898,Zach Brzykcy,WSN,RP,RP,33.94540190696716
899,Tyler Fitzgerald,SFG,2B,Batter,33.56021973548566
900,Trey Sweeney,DET,SS,Batter,33.52814232330624
901,Riley Adams,WSN,C,Batter,33.49405796132146
902,Ryan Borucki,CHW,RP,RP,33.18028712272644
903,Genesis Cabrera,PHI,RP,RP,33.05380916595459
904,Manuel Rodriguez,TBR,RP,RP,32.36998176574707
905,Grant Holman,ARI,SP,SP,30.88791561126709
906,Josh Rojas,KCR,3B,Batter,30.80559612136236
907,Ronel Blanco,HOU,SP,SP,30.723737120628357
908,Carson Seymour,SFG,SP,SP,30.266658782958984
909,Nacho Alvarez Jr.,ATL,SS,Batter,30.24327300548963
910,Paul DeJong,NYY,3B,Batter,29.80705760928433
911,Coby Mayo,BAL,1B,Batter,29.708594103976658
912,Osvaldo Bido,NYY,SP,SP,29.120866775512695
913,Kyren Paris,LAA,2B,Batter,28.894361613598736
914,Austin Gomber,TEX,SP,SP,27.801302075386047
915,McCade Brown,COL,SP,SP,27.794146299362183
916,Mitch Spence,KCR,SP,SP,26.698501586914062
917,Kyle Backhus,PHI,RP,RP,26.480337142944336
918,Josh Simpson,MIA,RP,RP,26.07899570465088
919,Michael Toglia,CIN,1B,Batter,26.065660584230585
920,Leody Taveras,BAL,OF,Batter,26.035862538519904
921,Bradley Blalock,MIA,SP,SP,25.80778193473816
922,Brendan Rodgers,BOS,2B,Batter,25.547645928178813
923,Kameron Misner,KCR,CF,Batter,25.010787660781382
924,Konnor Pilkington,DET,RP,RP,24.218210697174072
925,Hunter Strickland,LAA,RP,RP,22.71515703201294
926,Ryan Rolison,CHC,SP,SP,22.692983388900757
927,Brandon Lockridge,MIL,LF,Batter,22.675052695961657
928,Miles Mastrobuoni,SEA,3B,Batter,22.600785014320888
929,Drew Waters,KCR,LF,Batter,21.5181494929507
930,Collin Snider,CHC,RP,RP,21.132301330566406
931,Joe Ross,ARI,SP,SP,20.82795739173889
932,Kolby Allard,CLE,SP,SP,20.331494331359863
933,Abraham Toro,KCR,1B,Batter,20.229351181672538
934,Taylor Trammell,HOU,LF,Batter,19.743564712130112
935,John Brebbia,COL,RP,RP,18.53188419342041
936,Yanquiel Fernandez,NYY,RF,Batter,18.47465296915638
937,Alex Jackson,MIN,C,Batter,16.777574842217334
938,Enmanuel Valdez,PIT,1B,Batter,16.228844457978614
939,Cam Booser,TBR,RP,RP,16.17290687561035
940,Tyler Wade,TEX,2B,Batter,15.98935572257968
941,Mickey Gasper,BOS,2B,Batter,15.916116704569406
942,Ben Rortvedt,NYM,C,Batter,14.664605719895262
943,Jonatan Clase,TOR,LF,Batter,14.488460294697823
944,Heston Kjerstad,BAL,LF,Batter,14.023865290235445
945,Weston Wilson,BAL,LF,Batter,13.989287115695989
946,Willie MacIver,TEX,C,Batter,13.91016777387758
947,Shinnosuke Ogasawara,WSN,SP,SP,13.864973068237305
948,Matt Bowman,MIN,RP,RP,12.851381301879883
949,Matt Mervis,WSN,1B,Batter,12.287008533981592
950,Jhonkensy Noel,BAL,RF,Batter,12.248767180184611
951,AJ Smith-Shawver,ATL,SP,SP,11.835438013076782
952,Valente Bellozo,COL,SP,SP,11.169755935668945
953,Donovan Solano,- - -,1B,Batter,10.536813429462306
954,Jose Herrera,TEX,RP,Batter,9.93542344888961
955,Kevin Newman,KCR,3B,Batter,9.85662944747042
956,Jonah Bride,TEX,3B,Batter,9.44661762918131
957,Cal Quantrill,TEX,SP,SP,9.162534236907959
958,Yu Darvish,SDP,SP,SP,9.151744327082634
959,Tylor Megill,NYM,SP,SP,9.062210958927869
960,Luis L. Ortiz,CLE,SP,SP,8.604147752906083
961,Tanner Houck,BOS,SP,SP,7.993625833358764
962,Frankie Montas,NYM,SP,SP,7.887998167614936
963,Tony Gonsolin,LAD,SP,SP,7.712138746726513
964,Brandon Walter,HOU,SP,SP,7.5969737185192105
965,Clayton Kershaw,LAD,SP,SP,7.421597417681217
966,Jackson Jobe,DET,SP,SP,7.116299708857536
967,Nestor Cortes,- - -,SP,SP,6.951913088214398
968,Anthony DeSclafani,ARI,SP,SP,6.670898324475289
969,Kyle Hendricks,LAA,SP,SP,6.353637482655048
970,Emmanuel Rivera,BAL,3B,Batter,6.1491979612786025
971,Andrew Heaney,- - -,SP,SP,5.999892571091652
972,Matt Thaiss,BOS,C,Batter,5.884934343405301
973,Ben Lively,CLE,SP,SP,5.7701076691055295
974,Connor Gillispie,MIA,SP,SP,5.7456925645613675
975,Matt Sauer,LAD,SP,SP,5.3914415448033814
976,Thomas Hatch,ARI,SP,SP,5.366419512308836
977,Caleb Boushley,TEX,SP,SP,5.2512895815110205
978,Nabil Crismatt,TEX,SP,SP,4.985008292491436
979,Anthony Molina,ATL,SP,SP,4.8869557384693625
980,Vinny Capra,BOS,3B,Batter,4.754774930176613
981,Chris Flexen,CHC,SP,SP,4.727259476451874
982,Easton Lucas,TOR,SP,SP,4.306612100001574
983,Bryce Jarvis,ARI,RP,RP,4.207400365005731
984,Jake Woodford,TBR,RP,RP,4.168194781229496
985,Anthony Veneziano,- - -,SP,SP,4.02716717777133
986,Carson Fulmer,LAA,RP,RP,3.9894284855985647
987,Ronny Henriquez,MIA,RP,RP,3.04214230437994
988,Randy Rodriguez,SFG,RP,RP,2.818300049829483
989,Max Kranick,NYM,RP,RP,2.679609052373171
990,Shawn Dubin,ARI,RP,RP,2.5662886315751074
991,Austin Cox,ATL,SP,SP,2.3256619556617735
992,Reed Garrett,NYM,SP,SP,2.30038581151247
993,Shelby Miller,CHC,RP,RP,2.0940025083899494
994,Nic Enright,TOR,RP,RP,2.0539833656609057
995,John Curtiss,ARI,RP,RP,2.0218668263840676
996,Emmanuel Clase,CLE,RP,RP,2.0012730909862517
997,Eduardo Salazar,WSN,RP,RP,1.9007051245951654
998,Sean Reynolds,SDP,SP,SP,1.8743800059556963
999,Chris Stratton,- - -,RP,RP,1.7815895144820215
1000,Jose Castillo,- - -,RP,RP,1.6610669597411156
1001,Sam Long,KCR,RP,RP,1.6019693817138672
1002,Tayler Scott,ATL,RP,RP,1.4694152012109758
1003,Ian Gibaut,CIN,RP,RP,1.20918468834579
