IDfg,Name,Team,Age_2025,IP_2025,GS,G,Fpoints_IP_2025,W_2025,L_2025,SV_2025,HLD_2025,Role,Predicted_Fpoints_IP
31757,Mason Miller,- - -,26,61.2,0,60,3.196078431372549,1,2,22,10,RP,2.817536
10233,Aroldis Chapman,BOS,37,61.1,0,67,3.425531914893617,5,3,32,4,RP,2.6348822
14710,Edwin Diaz,NYM,31,66.1,0,62,3.242057488653555,6,3,28,0,RP,2.5930448
20253,Griffin Jax,- - -,30,66.0,2,73,2.272727272727273,1,7,0,28,SP,2.591288
19755,Shohei Ohtani,LAD,30,47.0,14,14,2.6382978723404253,1,1,0,0,SP,2.5169187
15816,Devin Williams,NYY,30,62.0,0,67,2.2580645161290325,4,6,18,15,RP,2.5030184
14212,Josh Hader,HOU,31,52.2,0,48,3.134099616858238,6,2,28,0,RP,2.4980714
22210,Jeremiah Estrada,SDP,26,73.0,0,77,2.547945205479452,4,5,3,30,RP,2.4884567
27463,Garrett Crochet,BOS,26,205.1,32,32,2.6392003900536323,18,5,0,0,SP,2.4826584
22267,Tarik Skubal,DET,28,195.1,31,31,2.851358277806253,13,6,0,0,SP,2.480192
27867,Cade Smith,CLE,26,73.2,0,76,2.754098360655738,8,5,16,19,RP,2.4525154
21846,Cole Ragans,KCR,27,61.2,13,13,2.362745098039216,3,3,0,0,SP,2.4499109
16609,Bryan Abreu,HOU,28,71.0,0,70,2.816901408450704,3,4,7,25,RP,2.444562
22182,Hunter Greene,CIN,25,107.2,19,19,2.673507462686567,7,4,0,0,SP,2.422286
20373,Andres Munoz,SEA,26,62.1,0,64,2.919484702093398,3,3,38,0,RP,2.416959
10310,Zack Wheeler,PHI,35,149.2,24,24,2.7654155495978547,10,5,0,0,SP,2.4145265
17722,Trevor Megill,MIL,31,47.0,0,50,2.595744680851064,6,3,30,0,RP,2.4045231
25327,Abner Uribe,MIL,25,75.1,0,75,2.786950732356857,3,2,7,37,RP,2.3903453
7048,Fernando Cruz,NYY,35,48.0,0,49,2.520833333333333,3,4,2,16,RP,2.3549829
20539,Edwin Uceta,TBR,27,76.0,0,70,2.3421052631578947,10,3,1,21,RP,2.3353388
12095,Yimi Garcia,TOR,34,21.0,0,22,2.142857142857143,1,2,3,6,RP,2.321886
20666,Felix Bautista,BAL,30,34.2,0,35,2.7368421052631584,1,1,19,0,RP,2.319099
24586,Kyle Bradish,BAL,28,32.0,6,6,2.875,1,1,0,0,SP,2.3147738
17432,Jeff Hoffman,TOR,32,68.0,0,71,2.073529411764706,9,7,33,0,RP,2.3085718
18525,Dylan Cease,SDP,29,168.0,32,32,1.9404761904761905,8,12,0,0,SP,2.3021712
27649,Connor Phillips,CIN,24,25.0,0,21,2.72,5,0,0,1,RP,2.2950304
21029,Jhoan Duran,- - -,27,70.0,0,72,2.585714285714286,7,6,32,1,RP,2.2913759
10603,Chris Sale,ATL,36,125.2,20,21,2.672523961661342,7,5,0,0,SP,2.2877753
17897,Garrett Cleavinger,TBR,31,61.1,0,67,2.8690671031096566,2,6,2,21,RP,2.2859404
19569,David Bednar,- - -,30,62.2,0,64,2.823151125401929,6,5,27,4,RP,2.2811785
10954,Jacob deGrom,TEX,37,172.2,30,30,2.4889663182346107,12,8,0,0,SP,2.2678523
16727,Brock Stewart,- - -,33,37.2,0,43,2.3817204301075274,2,2,0,16,RP,2.2556415
14771,Emilio Pagan,CIN,34,68.2,0,70,2.618768328445748,2,4,32,2,RP,2.2543678
22250,Logan Gilbert,SEA,28,131.0,25,25,2.5267175572519083,6,6,0,0,SP,2.2418048
19996,Dylan Lee,ATL,30,68.1,0,74,2.3979441997063136,2,4,2,19,RP,2.2208333
19249,Seranthony Dominguez,- - -,30,62.2,0,67,2.276527331189711,4,4,2,20,RP,2.2122347
18138,Ryan Helsley,- - -,30,56.0,0,58,1.5892857142857142,3,4,21,1,RP,2.1994178
13543,Blake Snell,LAD,32,61.1,11,11,2.3944353518821604,5,4,0,0,SP,2.1982083
12572,Blake Treinen,LAD,37,26.2,0,32,1.282442748091603,2,7,2,10,RP,2.193852
27914,Daniel Palencia,CHC,25,52.2,0,54,2.3678160919540234,1,6,22,6,RP,2.1774583
30115,Robert Suarez,SDP,34,69.2,0,70,2.508670520231214,4,6,40,0,RP,2.1744144
25007,Alex Vesia,LAD,29,59.2,0,68,2.6790540540540544,4,2,5,25,RP,2.174246
33677,Paul Skenes,PIT,23,187.2,32,32,2.7649572649572645,10,10,0,0,SP,2.1661093
17780,Jose Alvarado,PHI,30,26.0,0,28,2.076923076923077,4,2,7,5,RP,2.159957
16866,Reed Garrett,NYM,32,55.1,1,58,1.9655172413793105,3,6,3,20,SP,2.1578422
17586,Tanner Scott,LAD,30,57.0,0,61,1.736842105263158,1,4,23,8,RP,2.1511464
17170,Gabe Speier,SEA,30,62.0,0,76,2.870967741935484,4,3,0,24,RP,2.1507053
27768,Eury Perez,MIA,22,95.1,20,20,2.106203995793901,7,6,0,0,SP,2.1381397
20039,Adrian Morejon,SDP,26,73.2,0,75,2.5901639344262297,13,6,3,20,RP,2.1352992
25756,Matt Brash,SEA,27,47.1,0,53,2.426751592356688,1,3,4,21,RP,2.1323397
14374,Tyler Glasnow,LAD,31,90.1,18,18,2.367369589345172,4,3,0,0,SP,2.128171
16162,Brandon Woodruff,MIL,32,64.2,12,12,2.6573208722741435,7,2,0,0,SP,2.126283
29839,Emmet Sheehan,LAD,25,73.1,12,15,2.616963064295485,6,3,0,0,SP,2.118329
12828,Andrew Kittredge,- - -,35,53.0,0,54,2.4716981132075477,4,3,5,15,RP,2.113858
23974,Randy Rodriguez,SFG,25,50.2,0,50,3.0398406374502,3,5,4,13,RP,2.1090531
19804,Bryan Baker,- - -,30,68.2,0,73,2.1935483870967745,4,4,3,19,RP,2.1074889
27702,Brent Headrick,NYY,27,23.0,0,17,2.565217391304348,0,0,0,1,RP,2.0958283
23550,Aaron Ashby,MIL,27,66.2,1,43,2.486404833836858,5,2,3,5,SP,2.0957482
31776,Orion Kerkering,PHI,24,60.0,0,69,1.9833333333333332,8,4,4,19,RP,2.09295
10197,Shelby Miller,- - -,34,46.0,0,48,2.5217391304347827,4,3,10,9,RP,2.0872586
25385,Drew Rasmussen,TBR,29,150.0,31,31,2.2133333333333334,10,5,0,0,SP,2.0769675
18064,Phil Maton,- - -,32,61.1,0,63,2.639934533551555,4,5,5,22,RP,2.074157
27468,Reid Detmers,LAA,25,63.2,0,61,2.066455696202532,5,3,3,13,RP,2.0614486
16918,Luke Weaver,NYY,31,64.2,0,64,2.283489096573209,4,4,8,21,RP,2.060302
17130,Raisel Iglesias,ATL,35,67.1,0,70,2.374068554396423,4,6,29,2,RP,2.0508935
33825,Yoshinobu Yamamoto,LAD,26,173.2,30,30,2.6131639722863738,12,8,0,0,SP,2.049388
19926,Tony Santillan,CIN,28,73.2,0,80,2.35792349726776,1,5,7,33,RP,2.0482047
20061,Kaleb Ort,HOU,33,46.0,0,49,1.6304347826086956,2,2,1,3,RP,2.0444303
17998,Pete Fairbanks,TBR,31,60.1,0,61,2.301164725457571,4,5,27,0,RP,2.035816
20191,Garrett Whitlock,BOS,29,72.0,0,62,2.680555555555556,7,3,1,24,RP,2.0319078
13799,Matt Strahm,PHI,33,62.1,0,66,2.4363929146537844,2,3,6,22,RP,2.0275414
29950,Jordan Leasure,CHW,26,64.1,1,68,2.1575663026521057,5,6,7,14,SP,2.0267322
15734,Brad Keller,CHC,29,69.2,1,68,2.653179190751445,4,2,3,25,SP,2.0236878
19959,Jesus Luzardo,PHI,27,183.2,32,32,2.08296943231441,15,7,0,0,SP,2.02184
12768,Sonny Gray,STL,35,180.2,32,32,1.9234184239733625,14,8,0,0,SP,2.0157387
21390,Joe Ryan,MIN,29,171.0,30,31,2.3391812865497075,13,10,0,0,SP,2.0059433
11847,Chris Martin,TEX,39,42.1,0,49,2.144893111638955,2,6,2,13,RP,2.005318
21318,Tylor Megill,NYM,29,68.1,14,14,2.060205580029368,5,5,0,0,SP,2.002228
29608,Joe Boyle,TBR,25,52.0,9,13,1.7115384615384617,1,4,0,0,SP,1.9971732
25648,Justin Slaten,BOS,27,34.0,0,36,1.7058823529411764,2,4,3,6,RP,1.9950875
15947,Ryne Stanek,NYM,33,56.0,0,65,1.2857142857142858,4,6,3,11,RP,1.9948118
9073,Kirby Yates,LAD,38,41.1,0,50,1.759124087591241,4,3,3,15,RP,1.992462
27517,Jared Koenig,MIL,31,66.0,0,72,2.227272727272727,6,1,2,27,RP,1.9864827
23363,Robert Garcia,TEX,29,64.0,0,71,2.15625,4,8,9,15,RP,1.983633
19459,Jorge Alcala,- - -,29,55.0,0,56,0.9818181818181818,0,2,0,5,RP,1.9812347
21345,Bennett Sousa,HOU,30,50.2,0,44,2.5019920318725104,5,1,4,7,RP,1.980895
13580,Steven Okert,HOU,33,71.2,1,68,2.606741573033708,3,2,1,10,SP,1.9792066
21690,Edward Cabrera,MIA,27,137.2,26,26,2.0743440233236146,8,7,0,0,SP,1.976184
19677,Gregory Soto,- - -,30,60.1,0,70,1.8019966722129783,1,5,1,22,RP,1.9722097
30279,Bryan Woo,SEA,25,186.2,30,30,2.47905477980666,15,7,0,0,SP,1.9711579
20423,Ryan Walker,SFG,29,61.1,0,68,1.788870703764321,5,7,17,9,RP,1.9706099
25880,Hunter Brown,HOU,26,185.1,31,31,2.546191247974068,12,9,0,0,SP,1.9703574
18679,Freddy Peralta,MIL,29,176.2,33,33,2.477866061293984,17,6,0,0,SP,1.9686139
19444,Yohan Ramirez,PIT,30,33.1,0,24,1.6706948640483386,3,3,0,1,RP,1.9674821
22264,Shane Baz,TBR,26,166.1,31,31,1.6393738711619503,10,12,0,0,SP,1.9669303
21574,Brendon Little,TOR,28,68.1,0,79,2.295154185022026,4,2,1,30,RP,1.9653481
25890,Bryan King,HOU,28,68.0,0,68,2.3529411764705883,5,4,2,27,RP,1.9584765
4301,Justin Wilson,BOS,37,48.1,0,61,2.022869022869023,4,1,0,18,RP,1.9517848
26252,Erik Miller,SFG,27,30.0,0,36,1.9333333333333331,4,1,0,10,RP,1.9515784
13932,Dietrich Enns,- - -,34,46.1,3,24,1.7418655097613884,3,3,2,4,SP,1.951219
21455,Kris Bubic,KCR,27,116.1,20,20,2.250645994832041,8,7,0,0,SP,1.9467713
11426,Drew Pomeranz,CHC,36,49.2,4,57,2.59349593495935,2,2,1,14,SP,1.9451197
19876,Kevin Ginkel,ARI,31,25.2,0,29,0.8174603174603172,1,4,3,6,RP,1.9441814
20997,Eduard Bazardo,SEA,29,78.2,0,73,2.462915601023018,5,0,0,12,RP,1.9413383
11861,Jason Adam,SDP,33,65.1,0,65,2.493087557603686,8,4,0,29,RP,1.9385983
13743,Max Fried,NYY,31,195.1,32,32,2.231163505894413,19,5,0,0,SP,1.9368603
24614,Victor Vodnik,COL,25,50.2,0,52,1.8844621513944224,4,3,10,7,RP,1.9305947
27498,Spencer Strider,ATL,26,125.1,23,23,1.6570743405275776,7,14,0,0,SP,1.9265013
23796,Ryan Weathers,MIA,25,38.1,8,8,1.792650918635171,2,2,0,0,SP,1.9244936
21461,Cole Sands,MIN,27,72.0,3,69,1.7222222222222223,4,6,3,13,SP,1.919212
25636,Hunter Gaddis,CLE,27,66.2,0,73,2.2145015105740185,2,2,3,35,RP,1.9132586
15454,Nick Pivetta,SDP,32,181.2,31,31,2.420529801324503,13,5,0,0,SP,1.9105352
27691,Louie Varland,- - -,27,72.2,1,74,2.168975069252078,4,3,0,22,SP,1.9089876
17479,Jack Flaherty,DET,29,161.0,31,31,1.8571428571428568,8,15,0,0,SP,1.9036262
31827,Zebby Matthews,MIN,25,79.1,16,16,1.3817951959544874,5,6,0,0,SP,1.9013605
20778,Cristopher Sanchez,PHI,28,202.0,32,32,2.43069306930693,13,5,0,0,SP,1.8975598
20116,Calvin Faucher,MIA,29,60.1,0,65,1.9683860232945092,4,4,15,7,RP,1.8965521
27775,Kyle Nicolas,PIT,26,38.0,0,31,1.4736842105263157,1,2,0,3,RP,1.8961521
20794,Manuel Rodriguez,TBR,28,30.1,0,31,2.302325581395349,1,2,0,11,RP,1.895729
19769,Will Vest,DET,30,68.2,0,64,2.208211143695015,6,5,23,3,RP,1.8923266
13435,Pierce Johnson,ATL,34,59.0,0,65,2.1186440677966103,3,3,1,16,RP,1.8886269
25436,George Kirby,SEA,27,126.0,23,23,1.96031746031746,10,8,0,0,SP,1.8883196
21267,Jake Bird,- - -,29,55.1,0,48,1.4210526315789476,4,2,0,10,RP,1.8876512
20546,Grant Anderson,MIL,28,69.2,0,66,2.0751445086705207,2,6,0,6,RP,1.8800982
26221,Ryan Pepiot,TBR,27,167.2,31,31,1.971291866028708,11,12,0,0,SP,1.8788656
31204,Justin Wrobleski,LAD,24,66.2,2,24,1.9425981873111784,5,5,2,6,SP,1.8774115
19362,Keegan Akin,BAL,30,63.1,3,64,1.7955625990491284,5,4,8,16,SP,1.8760731
19360,Lucas Erceg,KCR,30,61.1,0,61,2.0180032733224222,8,4,2,22,RP,1.8757664
21032,Emmanuel Clase,CLE,27,47.1,0,48,2.0445859872611467,5,3,24,1,RP,1.8751376
19753,Jonathan Loaisiga,NYY,30,29.2,0,30,1.3904109589041094,0,1,1,7,RP,1.8710498
15551,Mark Leiter Jr.,NYY,34,48.1,0,59,1.5031185031185033,6,7,2,14,RP,1.8679138
27474,Max Meyer,MIA,26,64.2,12,12,1.5669781931464175,3,5,0,0,SP,1.8659456
31846,Spencer Schwellenbach,ATL,25,110.2,17,17,2.3194192377495466,7,4,0,0,SP,1.8650423
16122,Jordan Romano,PHI,32,42.2,0,49,0.7962085308056877,2,4,8,7,RP,1.8636488
17169,Jose Castillo,- - -,29,32.0,0,29,1.375,2,2,0,3,RP,1.8631178
26413,Porter Hodge,CHC,24,33.0,0,36,1.2424242424242424,2,2,2,8,RP,1.8622626
25376,Nick Mears,MIL,28,56.2,0,63,2.05693950177936,5,3,1,16,RP,1.8615388
24017,Jose A. Ferrer,WSN,25,76.1,0,72,1.6596583442838366,4,4,11,21,RP,1.85468
19899,Clarke Schmidt,NYY,29,78.2,14,14,2.092071611253197,4,4,0,0,SP,1.8534005
18297,Tyler Kinley,- - -,34,72.2,0,73,1.9335180055401664,6,3,3,13,RP,1.846726
20349,Zack Kelly,BOS,30,35.1,0,28,1.632478632478633,1,3,0,3,RP,1.8455788
15873,Sean Manaea,NYM,33,60.2,12,15,1.7541528239202662,2,4,0,0,SP,1.8455261
13293,Danny Coulombe,- - -,35,43.0,1,55,2.3255813953488373,2,1,2,9,SP,1.8447388
15256,Cole Sulser,TBR,35,22.2,0,18,2.324324324324324,2,1,0,0,RP,1.8376743
22713,Carlos Hernandez,- - -,28,43.1,0,41,0.8422273781902555,1,0,0,1,RP,1.8337655
22543,Taj Bradley,- - -,24,142.2,27,27,1.4528832630098447,6,8,0,0,SP,1.832444
10078,Caleb Thielbar,CHC,38,58.0,0,67,2.5,3,4,1,25,RP,1.8305165
26079,Beau Brieske,DET,27,22.0,1,22,0.6363636363636364,1,3,1,5,SP,1.8297572
19349,Caleb Ferguson,- - -,28,65.1,0,70,1.8172043010752688,5,4,0,14,RP,1.8289158
23590,Ben Brown,CHC,25,106.1,15,25,1.3788878416588122,5,8,1,1,SP,1.8284985
17878,Dennis Santana,PIT,29,70.1,0,70,2.5007132667617684,4,5,16,12,RP,1.8268445
26378,Nick Lodolo,CIN,27,156.2,28,29,2.174135723431497,9,8,0,0,SP,1.8146152
30133,Brant Hurter,DET,26,63.0,4,43,2.2063492063492065,4,3,2,5,SP,1.8141695
19742,Anthony Bender,MIA,30,50.0,0,51,2.3,3,5,4,19,RP,1.8126472
22201,MacKenzie Gore,WSN,26,159.2,30,30,1.875628140703517,5,15,0,0,SP,1.8120916
27782,Brandon Pfaadt,ARI,26,176.2,33,33,1.3314415437003402,13,9,0,0,SP,1.8120003
3096,Kenley Jansen,LAA,37,59.0,0,62,2.440677966101695,5,4,29,0,RP,1.8106781
30122,Gavin Williams,CLE,25,167.2,31,31,2.078947368421052,12,5,0,0,SP,1.8082374
10061,Brooks Raley,NYM,37,25.2,0,30,2.642857142857143,3,1,0,10,RP,1.8072823
19853,Michael King,SDP,30,73.1,15,15,2.069767441860465,5,3,0,0,SP,1.8044428
21205,Connor Brogdon,LAA,30,47.0,0,43,1.4680851063829787,3,2,0,4,RP,1.802485
9132,Nathan Eovaldi,TEX,35,130.0,22,22,2.753846153846154,11,3,0,0,SP,1.7976668
13074,Yu Darvish,SDP,38,72.0,15,15,1.5694444444444444,5,5,0,0,SP,1.7933011
16137,Carlos Rodon,NYY,32,195.1,33,33,2.302921578677601,18,9,0,0,SP,1.7929896
21453,Konnor Pilkington,WSN,27,28.1,0,32,1.825622775800712,2,0,0,5,RP,1.7912738
14332,Joel Payamps,- - -,31,26.1,0,30,0.8544061302681997,0,1,1,4,RP,1.7904738
31635,Hayden Birdsong,SFG,23,65.2,10,21,1.4662576687116566,4,4,0,3,SP,1.789094
17995,Logan Webb,SFG,28,207.0,34,34,2.130434782608696,15,11,0,0,SP,1.7876848
23335,Joey Cantillo,CLE,25,95.1,13,34,2.158780231335436,5,3,1,1,SP,1.7874444
3137,Max Scherzer,TOR,40,85.0,17,17,1.5176470588235291,5,5,0,0,SP,1.7872608
24763,Kyle Leahy,STL,28,88.0,1,62,2.0,4,2,1,18,SP,1.785447
16990,Tanner Banks,PHI,33,67.1,1,69,2.2101341281669145,6,2,1,10,SP,1.7853762
17085,Pablo Lopez,MIN,29,75.2,14,14,2.242021276595745,5,4,0,0,SP,1.7827233
14993,Scott Barlow,CIN,32,68.1,1,75,1.7665198237885458,6,3,1,16,SP,1.78203
16507,Dan Altavilla,CHW,32,29.0,0,28,2.0,0,1,2,2,RP,1.7811607
16350,Ryan Borucki,- - -,31,35.0,0,39,1.6,1,3,0,7,RP,1.7810287
15009,Kyle Finnegan,- - -,33,57.0,0,56,2.087719298245614,4,4,24,3,RP,1.7802646
29837,Bryce Miller,SEA,26,90.1,18,18,1.1465038845726965,4,6,0,0,SP,1.7788837
17968,Brock Burke,LAA,28,61.2,1,69,1.8562091503267977,7,1,0,15,SP,1.7750717
17277,Ranger Suarez,PHI,29,157.1,26,26,2.026098026734564,12,8,0,0,SP,1.7704405
23307,Collin Snider,SEA,29,26.1,0,24,1.237547892720307,2,1,0,4,RP,1.7692729
17948,Trent Thornton,SEA,31,42.1,0,33,1.4085510688836107,2,0,0,5,RP,1.7686087
19274,Jacob Webb,TEX,31,66.0,0,55,2.1818181818181817,5,4,1,7,RP,1.7669513
23313,Jose Butto,- - -,27,67.0,0,55,1.5970149253731345,5,3,1,6,RP,1.7664243
30056,David Festa,MIN,25,53.1,10,11,1.5122410546139362,3,4,0,0,SP,1.7660245
11486,Robbie Ray,SFG,33,182.1,32,32,1.9950576606260293,11,8,0,0,SP,1.765095
19427,Shane Bieber,TOR,30,40.1,7,7,2.102244389027432,4,2,0,0,SP,1.7625821
21992,Camilo Doval,- - -,27,65.1,0,69,1.9861751152073728,4,3,16,10,RP,1.759456
14706,Anthony Banda,LAD,31,65.0,1,71,2.0153846153846158,5,1,0,11,SP,1.7582645
30055,Cade Povich,BAL,25,112.1,20,22,1.3942908117752004,3,8,0,0,SP,1.7547262
17611,Taylor Clarke,KCR,32,55.1,0,51,2.219600725952813,1,1,1,5,RP,1.7526917
16944,Grant Holmes,ATL,29,115.0,21,22,1.8434782608695648,4,9,0,0,SP,1.7504803
22288,Mason Englert,TBR,25,44.2,0,29,1.9140271493212675,0,1,0,1,RP,1.7490189
22487,Johan Oviedo,PIT,27,40.1,9,9,2.0274314214463844,2,1,0,0,SP,1.7476575
30182,Will Warren,NYY,26,162.1,33,33,1.692165330043183,9,8,0,0,SP,1.7461095
19481,Tyler Ferguson,ATH,31,58.0,0,56,1.5689655172413792,4,2,2,11,RP,1.745073
13449,Taylor Rogers,- - -,34,50.2,0,57,1.9043824701195224,3,2,0,10,RP,1.7407962
25139,Tim Herrin,CLE,28,42.2,0,54,1.388625592417062,5,4,0,15,RP,1.7406566
6107,Huascar Brazoban,NYM,35,63.0,3,52,1.873015873015873,5,2,2,12,SP,1.7389072
18383,Michael Soroka,- - -,27,89.2,17,22,1.923766816143498,3,8,0,1,SP,1.7388152
19330,Matt Festa,CLE,32,54.2,0,63,2.022140221402214,5,4,0,12,RP,1.7364652
15552,Chad Green,TOR,34,43.2,0,45,1.0787037037037042,3,2,1,7,RP,1.7352642
12857,Shawn Armstrong,TEX,34,74.0,2,71,2.675675675675676,4,3,9,12,SP,1.7350181
19261,Ian Hamilton,NYY,30,40.0,1,36,1.85,2,1,0,4,SP,1.7325927
27889,J.T. Ginn,ATH,26,90.1,16,23,1.601553829078801,4,7,0,1,SP,1.7325153
17295,Framber Valdez,HOU,31,192.0,31,31,1.9166666666666667,13,11,0,0,SP,1.7324089
16149,Aaron Nola,PHI,32,94.1,17,17,1.3421891604675873,5,10,0,0,SP,1.7313623
30134,Tanner Bibee,CLE,26,182.1,31,31,1.7149917627677098,12,11,0,0,SP,1.7273737
14542,Carlos Estevez,KCR,32,66.0,0,67,2.212121212121212,4,5,42,0,RP,1.7269192
14309,Frankie Montas,NYM,32,38.2,7,9,0.8010471204188487,3,2,0,0,SP,1.7256243
14107,Kevin Gausman,TOR,34,193.0,32,32,2.1191709844559585,10,11,0,0,SP,1.7252675
26048,Sawyer Gipson-Long,DET,27,31.1,3,8,0.9421221864951772,0,2,0,1,SP,1.7247695
26056,Brandon Walter,HOU,28,53.2,9,9,2.285714285714286,1,3,0,0,SP,1.7245846
16128,John Curtiss,ARI,32,36.2,0,30,1.8397790055248624,3,2,1,3,RP,1.7230269
12777,John Brebbia,- - -,35,23.1,0,22,0.6623376623376628,1,1,0,2,RP,1.7223706
19361,Corbin Burnes,ARI,30,64.1,11,11,2.21996879875195,3,2,0,0,SP,1.7221696
19574,JoJo Romero,STL,28,61.0,0,65,2.19672131147541,4,6,8,24,RP,1.7215748
18684,Sandy Alcantara,MIA,29,174.2,31,31,1.3467278989667044,11,12,0,0,SP,1.720643
27552,Graham Ashcraft,CIN,27,65.1,0,62,1.6635944700460823,8,5,0,23,RP,1.719568
16061,Cam Booser,CHW,33,31.0,0,39,1.3870967741935485,2,4,1,8,RP,1.718584
18403,Enyel De Los Santos,- - -,29,66.0,0,65,1.681818181818182,6,3,0,6,RP,1.7132378
11804,Hector Neris,- - -,36,26.2,0,35,1.0916030534351142,3,2,0,7,RP,1.7130375
27646,Luis L. Ortiz,CLE,26,88.2,16,16,1.7301587301587305,4,9,0,0,SP,1.7127795
6984,Luis Garcia,- - -,38,55.1,0,58,1.6388384754990928,2,2,2,12,RP,1.7125839
19178,Tommy Nance,TOR,34,31.2,0,30,2.551282051282051,2,0,0,5,RP,1.7115349
16358,Tyler Mahle,TEX,30,86.2,16,16,2.141531322505801,6,4,0,0,SP,1.7103426
5615,Ryan Brasier,CHC,37,26.0,1,28,1.5384615384615383,0,1,0,4,SP,1.7093147
21052,Luis Gil,NYY,27,57.0,11,11,1.5789473684210529,4,1,0,0,SP,1.7088345
27758,Kyle Harrison,- - -,23,35.2,6,11,1.7784090909090915,1,1,0,1,SP,1.7074091
22717,Angel Zerpa,KCR,25,64.2,2,69,1.5825545171339566,5,2,0,14,SP,1.7059417
16943,Sean Newcomb,- - -,32,92.1,5,48,2.022801302931596,2,5,2,4,SP,1.7036695
20000,Tyler Wells,BAL,30,21.2,4,4,2.292452830188679,2,1,0,0,SP,1.7019556
20633,Yusei Kikuchi,LAA,34,178.1,33,33,1.6636720943290284,7,11,0,0,SP,1.700681
20020,John Schreiber,KCR,31,64.0,0,74,1.9375,3,3,1,23,RP,1.7005379
13649,Clay Holmes,NYM,32,165.2,31,33,1.6864406779661012,12,8,0,0,SP,1.69619
22286,Trevor Rogers,BAL,27,109.2,18,18,2.6336996336996337,9,3,0,0,SP,1.6958766
22361,Colin Holderman,PIT,29,25.2,0,24,0.1428571428571426,0,2,1,2,RP,1.6953423
17556,Jimmy Herget,COL,31,83.1,0,59,2.241877256317689,1,2,0,9,RP,1.6946964
25911,Yennier Cano,BAL,31,58.0,0,65,1.293103448275862,3,7,2,17,RP,1.6918119
13050,Anthony DeSclafani,ARI,35,38.2,4,13,1.5078534031413615,1,2,2,1,SP,1.690962
33826,Yuki Matsui,SDP,29,63.1,0,61,1.716323296354992,3,1,1,3,RP,1.6907051
24968,Reese Olson,DET,25,68.2,13,13,2.032258064516129,4,4,0,0,SP,1.6890742
21863,George Soriano,MIA,26,36.2,0,24,0.3204419889502768,2,0,1,0,RP,1.6876432
27572,Carmen Mlodzinski,PIT,26,99.0,12,34,1.808080808080808,5,8,0,3,SP,1.6871995
15689,Luis Castillo,SEA,32,180.2,32,32,1.9234184239733625,11,8,0,0,SP,1.686748
15043,Lou Trivino,- - -,33,47.2,2,47,1.538135593220339,3,2,0,5,SP,1.6862247
17490,Genesis Cabrera,- - -,28,42.2,0,40,0.8436018957345977,0,1,1,3,RP,1.6861519
24862,Ryan Fernandez,STL,27,30.1,0,32,0.6744186046511631,0,4,1,4,RP,1.6843693
20375,Greg Weissert,BOS,30,67.0,0,72,2.0597014925373136,6,6,4,17,RP,1.6827918
15440,Matthew Boyd,CHC,34,179.2,31,31,2.051339285714285,14,8,0,0,SP,1.6824371
22100,Jose Soriano,LAA,26,169.0,31,31,1.5562130177514792,10,11,0,0,SP,1.6823783
21520,Hogan Harris,ATH,28,64.2,0,48,1.9408099688473524,2,1,4,3,RP,1.6788698
27500,Slade Cecconi,CLE,26,132.0,23,23,1.681818181818182,7,7,0,0,SP,1.6783438
24993,Kody Funderburk,MIN,28,41.0,0,39,1.6829268292682926,4,1,1,7,RP,1.6741835
15094,Rob Zastryzny,MIL,33,22.0,1,26,2.1818181818181817,2,1,0,2,SP,1.6724395
17594,Mitch Keller,PIT,29,176.1,32,32,1.6598523566155592,6,15,0,0,SP,1.670755
26253,Ryne Nelson,ARI,27,154.0,23,33,2.0324675324675323,7,3,1,0,SP,1.6704524
12760,Rafael Montero,- - -,34,60.1,0,59,1.6522462562396008,1,2,0,8,RP,1.6674173
31838,Kodai Senga,NYM,32,113.1,22,22,1.974358974358974,7,6,0,0,SP,1.6669605
22175,Max Kranick,NYM,27,37.0,0,24,1.8108108108108107,3,2,0,5,RP,1.6594124
23150,Osvaldo Bido,ATH,29,79.2,10,26,0.9292929292929296,2,5,1,0,SP,1.65526
15890,Luis Severino,ATH,31,162.2,29,29,1.44636251541307,8,11,0,0,SP,1.6534805
26215,Jackson Rutledge,WSN,26,73.1,0,63,1.0848153214774277,4,2,0,3,RP,1.6506901
19614,Cionel Perez,BAL,29,21.2,0,19,-0.0660377358490568,0,0,0,0,RP,1.6484846
33829,Shota Imanaga,CHC,31,144.2,25,25,1.9875173370319,9,8,0,0,SP,1.6428307
19618,Jordan Hicks,- - -,28,67.1,9,34,0.6453055141579725,2,7,2,2,SP,1.6412208
19716,Dustin May,- - -,27,132.1,23,25,1.4027252081756243,7,11,0,0,SP,1.6408628
20353,Steven Wilson,CHW,30,55.1,0,59,1.856624319419238,2,2,2,9,RP,1.6358463
26231,Tyler Holton,DET,29,78.2,6,70,1.9514066496163684,6,5,0,17,SP,1.6349335
27581,Hayden Wesneski,HOU,27,32.0,6,6,1.8125,1,3,0,0,SP,1.6306367
14295,Wandy Peralta,SDP,33,71.2,1,71,1.8342696629213489,6,1,0,4,SP,1.6304888
20492,Casey Mize,DET,28,149.0,28,28,1.8053691275167785,14,6,0,0,SP,1.6293423
17312,Justin Steele,CHC,29,22.2,4,4,1.6936936936936935,3,1,0,0,SP,1.6282176
19407,Ronel Blanco,HOU,31,48.1,9,9,1.8981288981288984,3,4,0,0,SP,1.6221336
16258,Aaron Bummer,ATL,31,54.1,2,42,1.835489833641405,3,2,0,2,SP,1.6212866
12988,Andrew Chafin,- - -,35,33.2,0,42,2.096385542168675,1,1,0,4,RP,1.6201295
4676,Charlie Morton,- - -,41,142.0,27,33,1.176056338028169,9,11,0,0,SP,1.6162095
8700,Justin Verlander,SFG,42,152.0,29,29,1.6842105263157894,4,11,0,0,SP,1.6157743
19291,Zac Gallen,ARI,29,192.0,33,33,1.578125,13,15,0,0,SP,1.6150948
27487,Landon Knack,LAD,27,42.1,7,10,1.5035629453681711,3,2,1,0,SP,1.6113721
7005,Ryan Pressly,CHC,36,41.1,0,44,1.175182481751825,2,3,5,7,RP,1.6094525
12791,Michael Kelly,ATH,32,39.2,0,42,1.7244897959183678,4,4,2,7,RP,1.6093981
15541,Tyler Rogers,- - -,34,77.1,0,81,2.234760051880674,4,6,0,32,RP,1.6034719
25679,Kevin Kelly,TBR,27,39.2,0,41,1.1887755102040822,2,5,0,5,RP,1.6027852
24604,Austin Cox,ATL,28,21.1,1,13,0.2985781990521332,0,0,0,2,SP,1.6017765
29921,Spencer Arrighetti,HOU,25,35.1,7,7,1.2621082621082624,1,5,0,0,SP,1.600134
26214,Chris Murphy,BOS,27,34.2,0,23,1.9766081871345036,3,0,0,1,RP,1.5938162
11752,Luke Jackson,- - -,33,51.0,0,52,1.4901960784313726,2,5,9,4,RP,1.5898708
10315,Michael Tonkin,MIN,35,24.0,0,21,1.5416666666666667,2,1,0,2,RP,1.589288
33838,Yariel Rodriguez,TOR,28,73.0,1,66,2.068493150684932,3,2,2,14,SP,1.5879949
19962,Joey Wentz,- - -,27,98.0,13,39,1.1326530612244898,5,7,0,0,SP,1.5865785
18311,Carson Fulmer,LAA,31,29.1,0,13,1.350515463917526,0,0,0,0,RP,1.5864339
29911,Andrew Abbott,CIN,26,166.1,29,29,2.108970499698976,10,7,0,0,SP,1.5803523
11384,Tommy Kahnle,DET,35,63.0,0,66,1.507936507936508,1,5,9,16,RP,1.5794036
19388,Tony Gonsolin,LAD,31,36.0,7,7,1.5277777777777777,3,2,0,0,SP,1.5773951
25377,Brady Singer,CIN,28,169.2,32,32,1.8238770685579195,14,12,0,0,SP,1.5760623
24977,Shawn Dubin,- - -,29,33.2,0,30,1.2530120481927711,2,0,0,8,RP,1.5666997
22304,Brenan Hanifee,DET,27,60.0,0,54,1.6833333333333331,3,3,0,10,RP,1.5636989
12730,Nick Martinez,CIN,34,165.2,26,40,1.498789346246973,11,14,0,5,SP,1.5625912
17192,Jalen Beeks,ARI,31,57.1,2,61,1.896672504378284,5,3,1,14,SP,1.56226
29960,AJ Smith-Shawver,ATL,22,44.1,9,9,1.6621315192743766,3,2,0,0,SP,1.562188
17578,JT Brubaker,- - -,31,28.2,1,17,1.6879432624113473,0,0,0,0,SP,1.5583947
15145,Justin Topa,MIN,34,60.0,1,54,1.5166666666666666,1,5,4,4,SP,1.5583798
23135,Eduardo Salazar,WSN,27,29.0,0,30,-0.2413793103448276,0,1,0,2,RP,1.5577615
13361,Steven Matz,- - -,34,76.2,2,53,1.9895013123359584,5,2,2,13,SP,1.5551962
21446,Ryan Feltner,COL,28,30.1,6,6,1.2724252491694354,0,2,0,0,SP,1.5547825
25379,Sam Long,KCR,29,40.1,0,39,0.8802992518703244,2,3,0,1,RP,1.5538048
11156,Merrill Kelly,- - -,36,184.0,32,32,2.010869565217391,12,9,0,0,SP,1.5532349
21306,Jacob Latz,TEX,29,85.2,8,33,2.014084507042253,2,0,1,1,SP,1.5523822
17606,Cristian Javier,HOU,28,37.0,8,8,1.6216216216216215,2,4,0,0,SP,1.550326
14843,Michael Lorenzen,KCR,33,141.2,26,27,1.53399433427762,7,11,0,0,SP,1.5479506
27470,Emerson Hancock,SEA,26,90.0,16,22,1.2444444444444445,4,5,0,0,SP,1.5445323
13942,Brent Suter,CIN,35,67.2,3,48,1.4821428571428574,1,2,0,0,SP,1.5436583
16647,Ryan Thompson,ARI,33,41.1,0,48,1.6618004866180052,3,2,1,17,RP,1.5434847
21448,Davis Martin,CHW,28,142.2,25,26,1.5232067510548517,7,10,0,0,SP,1.5418551
17677,Jeffrey Springs,ATH,32,171.0,30,32,1.6842105263157894,11,11,0,0,SP,1.5381256
16835,Brennan Bernardino,BOS,33,51.2,3,55,1.8671875000000004,4,3,1,2,SP,1.5356547
19479,Aaron Civale,- - -,30,102.0,18,23,1.5196078431372548,4,9,1,0,SP,1.5350627
12972,Joe Ross,PHI,32,51.0,1,37,1.156862745098039,2,1,0,0,SP,1.5331279
29928,Dylan Dodd,ATL,27,35.0,0,28,2.1142857142857143,1,0,0,2,RP,1.532446
19879,Tanner Houck,BOS,29,43.2,9,9,0.2222222222222227,0,3,0,0,SP,1.5287049
26790,Angel Chivilli,COL,22,58.2,0,43,0.4570446735395193,1,5,0,1,RP,1.5278848
30146,Jack Leiter,TEX,25,151.2,29,29,1.835978835978836,10,10,0,0,SP,1.5271504
19350,Dean Kremer,BAL,29,171.2,29,31,1.6799065420560744,11,10,0,0,SP,1.5242373
13619,Jakob Junis,CLE,32,66.2,0,57,1.9274924471299093,4,1,0,6,RP,1.5216179
15474,Lucas Giolito,BOS,30,145.0,26,26,1.7862068965517242,10,4,0,0,SP,1.5208638
27707,Mitch Spence,ATH,27,84.2,8,32,1.1947743467933494,3,6,1,4,SP,1.5206423
25977,Quinn Priester,MIL,24,157.1,24,29,1.8605983450031824,13,3,0,0,SP,1.5181957
14739,Paul Blackburn,- - -,31,39.0,4,15,0.9743589743589745,0,3,1,0,SP,1.5148834
19409,Dane Dunning,- - -,30,20.2,0,12,0.9207920792079204,0,0,2,0,RP,1.5135586
19316,Eric Lauer,TOR,30,104.2,15,28,2.1554702495201536,9,2,0,1,SP,1.512209
26108,Andre Pallante,STL,26,162.2,31,31,1.0517879161528971,6,15,0,0,SP,1.5095147
20548,Bowden Francis,TOR,29,64.0,14,14,0.96875,2,8,0,0,SP,1.5000646
27669,Tanner Gordon,COL,27,75.1,15,15,0.909454061251664,6,8,0,0,SP,1.4973298
30226,Spencer Bivens,SFG,31,81.0,0,54,1.530864197530864,4,3,3,4,RP,1.4950647
21224,Bailey Ober,MIN,29,146.1,27,27,1.38466803559206,6,9,0,0,SP,1.4938177
16427,Scott Blewett,- - -,29,44.1,2,26,1.140589569160998,3,0,0,0,SP,1.493248
12718,Adrian Houser,- - -,32,125.0,21,21,1.72,8,5,0,0,SP,1.4887155
12304,Chris Bassitt,TOR,36,170.1,31,32,1.765432098765432,11,9,0,0,SP,1.4885812
19867,Griffin Canning,NYM,29,76.1,16,16,1.6990801576872532,7,3,0,0,SP,1.4872955
31900,Adam Mazur,MIA,24,30.0,6,6,1.0666666666666669,0,4,0,0,SP,1.4781917
19264,Thomas Hatch,- - -,30,34.0,1,12,0.6764705882352942,2,1,0,0,SP,1.4779692
24494,Simeon Woods Richardson,MIN,24,111.1,22,23,1.784878487848785,7,4,0,0,SP,1.4760542
12447,Seth Lugo,KCR,35,145.1,26,26,1.6423156443831837,8,7,0,0,SP,1.4749986
15423,Andrew Heaney,- - -,34,122.1,23,27,1.0917280917280914,5,10,0,0,SP,1.4734892
13761,Chris Stratton,- - -,34,21.0,0,15,0.3333333333333333,0,0,0,0,RP,1.4705424
22191,Tobias Myers,MIL,26,50.2,6,22,1.5856573705179289,1,2,0,1,SP,1.465219
29869,Michael McGreevy,STL,24,95.2,16,17,1.3613445378151263,8,4,0,0,SP,1.4639028
22630,Keider Montero,DET,24,90.2,12,20,1.4257206208425723,5,3,0,0,SP,1.462743
21537,Daniel Lynch IV,KCR,28,67.2,2,57,1.6160714285714288,6,2,1,7,SP,1.4572892
31261,Chris Roycroft,STL,28,20.2,0,20,0.0792079207920789,1,3,0,2,RP,1.4568131
11674,Jameson Taillon,CHC,33,129.2,23,23,1.8777089783281733,11,7,0,0,SP,1.4566718
22294,Matthew Liberatore,STL,25,151.2,29,29,1.5582010582010577,8,12,0,0,SP,1.4562094
21420,Yerry De Los Santos,NYY,27,35.2,0,25,1.5227272727272732,0,1,0,3,RP,1.455272
21584,Tristan Beck,SFG,29,56.2,1,31,1.5765124555160146,1,0,2,3,SP,1.4550337
20629,Tyler Phillips,MIA,27,77.2,1,54,1.8989637305699485,2,1,4,8,SP,1.4492065
13346,Hoby Milner,TEX,34,70.1,0,73,1.7018544935805986,3,4,0,18,RP,1.4483116
16502,Ryan Yarbrough,NYY,33,64.0,8,19,1.6875,3,1,1,0,SP,1.4410765
31730,Jonathan Cannon,CHW,24,103.2,17,22,1.042635658914729,4,10,0,0,SP,1.4380105
27477,Bryce Jarvis,ARI,27,22.0,0,12,1.181818181818182,0,0,1,1,RP,1.4360659
14120,Lance McCullers Jr.,HOU,31,55.1,13,16,0.840290381125227,2,5,0,0,SP,1.4354973
23429,JP Sears,- - -,29,135.2,27,27,1.4171597633136088,9,11,0,0,SP,1.4351994
30076,Landen Roupp,SFG,26,106.2,22,22,1.625235404896422,7,7,0,0,SP,1.4330294
20099,Chris Paddack,- - -,29,158.0,28,33,1.2341772151898731,5,12,1,0,SP,1.4324244
17735,Tyler Alexander,- - -,30,97.2,5,52,1.3230452674897122,5,14,1,3,SP,1.4308746
12317,Colin Rea,CHC,34,159.1,27,32,1.6675047140163417,11,7,1,0,SP,1.4307855
7836,Hunter Strickland,LAA,36,22.0,0,19,1.681818181818182,1,2,1,2,RP,1.4302745
13164,Eduardo Rodriguez,ARI,32,154.1,29,29,1.2673588578844903,9,9,0,0,SP,1.4264462
21504,Jake Irvin,WSN,28,180.0,33,33,0.9944444444444444,9,13,0,0,SP,1.4165833
22207,DL Hall,MIL,26,38.2,3,20,1.8481675392670165,1,0,0,1,SP,1.4163812
17874,Nestor Cortes,- - -,30,34.1,8,8,0.8005865102639299,2,4,0,0,SP,1.4161665
20302,David Peterson,NYM,29,168.2,30,30,1.5790725326991673,9,6,0,0,SP,1.4146376
13652,Tayler Scott,- - -,33,27.1,0,24,0.1955719557195576,1,2,0,3,RP,1.410479
23920,Brayan Bello,BOS,26,166.2,28,29,1.7605294825511428,11,9,0,0,SP,1.4099408
2036,Clayton Kershaw,LAD,37,112.2,22,23,1.7789661319073085,11,2,0,0,SP,1.4045789
16977,Trevor Williams,WSN,33,82.2,17,17,0.8588807785888081,3,10,0,0,SP,1.3981712
27779,Bryce Elder,ATL,26,156.1,28,28,1.2639333760409992,8,11,0,0,SP,1.398118
17964,Tyler Gilbert,CHW,31,51.0,5,46,1.843137254901961,4,2,1,5,SP,1.3960733
14527,Jorge Lopez,WSN,32,24.2,0,26,0.8925619834710742,6,0,1,5,RP,1.3949223
14168,Jose Berrios,TOR,31,166.0,30,31,1.6024096385542168,9,5,0,0,SP,1.3923634
17871,Ian Gibaut,CIN,31,25.1,0,25,1.2071713147410363,0,1,0,3,RP,1.3852568
19320,Joey Lucchesi,SFG,32,38.1,0,38,1.7401574803149609,0,1,0,6,RP,1.3830152
24719,Randy Vasquez,SDP,26,133.2,26,28,1.4009009009009008,6,7,0,0,SP,1.380634
26952,Anthony Molina,COL,23,34.2,1,17,0.3684210526315791,1,1,0,0,SP,1.3790915
22051,John King,STL,30,48.1,0,51,0.9002079002079004,2,1,0,3,RP,1.3770409
17732,Nabil Crismatt,ARI,30,34.0,5,8,1.4705882352941178,3,0,0,0,SP,1.3722041
14078,Michael Wacha,KCR,33,172.2,31,31,1.646922183507549,10,13,0,0,SP,1.3676894
11589,Jose Urena,- - -,33,55.0,6,19,1.1454545454545455,0,1,1,0,SP,1.364986
27589,Logan Allen,CLE,26,156.2,29,30,1.4314980793854029,8,11,0,0,SP,1.3447139
30160,Richard Fitts,BOS,25,45.0,10,11,1.4666666666666666,2,4,0,0,SP,1.3307279
16256,Kyle Freeland,COL,32,162.2,31,31,1.2305795314426629,5,17,0,0,SP,1.3284217
9323,Patrick Corbin,TEX,35,155.1,30,31,1.4977433913604123,7,11,0,0,SP,1.3211174
15823,Zack Littell,- - -,29,186.2,32,32,1.74328678839957,10,8,0,0,SP,1.3129935
13774,Zach Eflin,BAL,31,71.1,14,14,0.9606188466947956,6,5,0,0,SP,1.3085876
13431,Marcus Stroman,NYY,34,39.0,9,9,0.7435897435897436,3,2,0,0,SP,1.3076403
21487,Stephen Kolek,- - -,28,112.2,19,19,1.75222816399287,5,7,0,0,SP,1.3074175
12880,Tyler Anderson,LAA,35,136.1,26,26,1.339456282145481,2,8,0,0,SP,1.29617
6902,Martin Perez,CHW,34,56.0,10,11,1.8928571428571428,1,6,0,0,SP,1.294712
13528,Matt Bowman,BAL,34,24.2,0,20,0.8099173553719006,0,1,0,0,RP,1.2934895
18674,Jake Woodford,ARI,28,36.1,0,22,0.5900277008310252,0,4,3,2,RP,1.2874836
23899,Valente Bellozo,MIA,25,81.1,6,32,1.298397040690505,1,4,0,1,SP,1.2857327
19312,Cal Quantrill,- - -,30,117.2,26,26,0.9180887372013654,4,12,0,0,SP,1.2818369
18694,Kolby Allard,CLE,27,65.0,2,33,1.8615384615384616,2,2,0,3,SP,1.2754867
27636,Mitchell Parker,WSN,25,164.2,30,33,0.9232643118148596,9,16,1,0,SP,1.2753421
16814,Tim Hill,NYY,35,67.0,0,70,1.7611940298507462,4,4,0,15,RP,1.267178
15038,German Marquez,COL,30,126.1,26,26,0.4544012688342582,3,16,0,0,SP,1.2594587
13896,Chris Flexen,CHC,30,43.2,1,21,1.657407407407408,5,1,1,0,SP,1.2486035
19374,Walker Buehler,- - -,30,126.0,24,26,1.119047619047619,10,7,0,0,SP,1.246387
17425,Erick Fedde,- - -,32,141.0,24,32,0.851063829787234,4,13,0,1,SP,1.228976
11423,Jose Quintana,MIL,36,131.2,24,24,1.4984756097560974,11,7,0,0,SP,1.2279112
20070,Bailey Falter,- - -,28,125.1,24,26,1.3693045563549158,7,7,0,0,SP,1.2010902
19666,Jason Alexander,- - -,32,77.1,13,18,1.4046692607003886,4,2,1,0,SP,1.2004899
9803,Miles Mikolas,STL,36,156.1,31,31,1.2447149263292758,8,11,0,0,SP,1.1918437
12049,Kyle Hendricks,LAA,35,164.2,31,31,1.3556638246041408,8,10,0,0,SP,1.1874259
6632,Carlos Carrasco,- - -,38,45.2,9,11,0.4336283185840712,2,2,0,0,SP,1.1834348
11836,Taijuan Walker,PHI,32,123.2,21,34,1.3766233766233769,5,8,1,2,SP,1.1719518
21741,Javier Assad,CHC,27,37.0,7,8,1.5945945945945943,4,1,0,0,SP,1.1553245
15488,Antonio Senzatela,COL,30,130.0,23,30,0.2461538461538461,4,15,0,0,SP,1.1423908
14932,Ben Lively,CLE,33,44.2,9,9,1.7330316742081453,2,2,0,0,SP,1.0981426
19990,Bryse Wilson,CHW,27,47.1,5,20,0.2823779193205947,0,2,0,0,SP,1.0953884
26419,Bradley Blalock,COL,24,58.2,12,14,-0.4879725085910649,2,6,0,0,SP,1.0898527
16561,Austin Gomber,COL,31,57.2,12,12,0.1853146853146857,0,7,0,0,SP,1.0766352
27688,Jack Kochanowicz,LAA,24,111.0,23,23,0.3873873873873873,3,11,0,0,SP,0.9782383
