IDfg,Name,Team,Age_2025,IP_2025,GS,G,Fpoints_IP_2025,W_2025,L_2025,SV_2025,HLD_2025,Role,Predicted_Fpoints_IP,Prediction_Source
15816,Devin Williams,NYY,30.0,62.0,0.0,67.0,2.2580645161290325,4.0,6.0,18.0,15.0,RP,2.5837993612480044,ML
31757,Mason Miller,- - -,26.0,61.2,0.0,60.0,3.196078431372549,1.0,2.0,22.0,10.0,RP,2.561591641091916,ML
27867,Cade Smith,CLE,26.0,73.2,0.0,76.0,2.754098360655738,8.0,5.0,16.0,19.0,RP,2.5497019400728567,ML
14212,Josh Hader,HOU,31.0,52.2,0.0,48.0,3.134099616858238,6.0,2.0,28.0,0.0,RP,2.5461714767133286,ML
22210,Jeremiah Estrada,SDP,26.0,73.0,0.0,77.0,2.547945205479452,4.0,5.0,3.0,30.0,RP,2.5335340641723985,ML
10233,Aroldis Chapman,BOS,37.0,61.1,0.0,67.0,3.425531914893617,5.0,3.0,32.0,4.0,RP,2.5309444044941576,ML
21846,Cole Ragans,KCR,27.0,61.2,13.0,13.0,2.362745098039216,3.0,3.0,0.0,0.0,SP,2.529249149772197,ML
14710,Edwin Diaz,NYM,31.0,66.1,0.0,62.0,3.242057488653555,6.0,3.0,28.0,0.0,RP,2.521577079138064,ML
16609,Bryan Abreu,HOU,28.0,71.0,0.0,70.0,2.816901408450704,3.0,4.0,7.0,25.0,RP,2.4618891117881208,ML
20253,Griffin Jax,- - -,30.0,66.0,2.0,73.0,2.272727272727273,1.0,7.0,0.0,28.0,SP,2.457858497617406,ML
35333,Chase Burns,CIN,22.0,43.1,8.0,13.0,2.211136890951276,0.0,3.0,0.0,1.0,SP,2.4350509961284077,ML
24978,Erik Sabrowski,CLE,27.0,29.1,0.0,33.0,2.828178694158076,0.0,1.0,0.0,12.0,RP,2.4072312719299314,ML
22267,Tarik Skubal,DET,28.0,195.1,31.0,31.0,2.851358277806253,13.0,6.0,0.0,0.0,SP,2.391432560750696,ML
7048,Fernando Cruz,NYY,35.0,48.0,0.0,49.0,2.520833333333333,3.0,4.0,2.0,16.0,RP,2.369440523218334,ML
24586,Kyle Bradish,BAL,28.0,32.0,6.0,6.0,2.875,1.0,1.0,0.0,0.0,SP,2.3388388115050995,ML
27463,Garrett Crochet,BOS,26.0,205.1,32.0,32.0,2.6392003900536323,18.0,5.0,0.0,0.0,SP,2.327844139396241,ML
20373,Andres Munoz,SEA,26.0,62.1,0.0,64.0,2.919484702093398,3.0,3.0,38.0,0.0,RP,2.308011173377445,ML
10310,Zack Wheeler,PHI,35.0,149.2,24.0,24.0,2.7654155495978547,10.0,5.0,0.0,0.0,SP,2.3022046851946887,ML
22182,Hunter Greene,CIN,25.0,107.2,19.0,19.0,2.673507462686567,7.0,4.0,0.0,0.0,SP,2.279032698014205,ML
23974,Randy Rodriguez,SFG,25.0,50.2,0.0,50.0,3.0398406374502,3.0,5.0,4.0,13.0,RP,2.265138137109259,ML
10603,Chris Sale,ATL,36.0,125.2,20.0,21.0,2.672523961661342,7.0,5.0,0.0,0.0,SP,2.246515542917063,ML
19755,Shohei Ohtani,LAD,30.0,47.0,14.0,14.0,2.6382978723404253,1.0,1.0,0.0,0.0,SP,2.238039845290249,ML
17170,Gabe Speier,SEA,30.0,62.0,0.0,76.0,2.870967741935484,4.0,3.0,0.0,24.0,RP,2.2352053118494744,ML
17722,Trevor Megill,MIL,31.0,47.0,0.0,50.0,2.595744680851064,6.0,3.0,30.0,0.0,RP,2.2345402383420914,ML
19996,Dylan Lee,ATL,30.0,68.1,0.0,74.0,2.3979441997063136,2.0,4.0,2.0,19.0,RP,2.2226683132399456,ML
33927,Grant Taylor,CHW,23.0,36.2,2.0,36.0,1.9502762430939231,2.0,4.0,6.0,9.0,SP,2.2111155096234554,ML
27702,Brent Headrick,NYY,27.0,23.0,0.0,17.0,2.565217391304348,0.0,0.0,0.0,1.0,RP,2.208842899471306,ML
29770,Mason Montgomery,TBR,25.0,46.0,0.0,57.0,1.4565217391304348,1.0,3.0,1.0,10.0,RP,2.2071820855292303,ML
19569,David Bednar,- - -,30.0,62.2,0.0,64.0,2.823151125401929,6.0,5.0,27.0,4.0,RP,2.197681697722073,ML
21029,Jhoan Duran,- - -,27.0,70.0,0.0,72.0,2.585714285714286,7.0,6.0,32.0,1.0,RP,2.1819213176681163,ML
17897,Garrett Cleavinger,TBR,31.0,61.1,0.0,67.0,2.8690671031096566,2.0,6.0,2.0,21.0,RP,2.1815559639056046,ML
21574,Brendon Little,TOR,28.0,68.1,0.0,79.0,2.295154185022026,4.0,2.0,1.0,30.0,RP,2.1811276673402435,ML
12572,Blake Treinen,LAD,37.0,26.2,0.0,32.0,1.282442748091603,2.0,7.0,2.0,10.0,RP,2.1806750355908298,ML
24094,Ronny Henriquez,MIA,25.0,73.0,0.0,69.0,2.7534246575342465,7.0,1.0,7.0,26.0,RP,2.180299829373225,ML
18525,Dylan Cease,SDP,29.0,168.0,32.0,32.0,1.9404761904761905,8.0,12.0,0.0,0.0,SP,2.1793203815821265,ML
27649,Connor Phillips,CIN,24.0,25.0,0.0,21.0,2.72,5.0,0.0,0.0,1.0,RP,2.1742362267586754,ML
29839,Emmet Sheehan,LAD,25.0,73.1,12.0,15.0,2.616963064295485,6.0,3.0,0.0,0.0,SP,2.1574781904092637,ML
13580,Steven Okert,HOU,33.0,71.2,1.0,68.0,2.606741573033708,3.0,2.0,1.0,10.0,SP,2.1494770048354983,ML
12828,Andrew Kittredge,- - -,35.0,53.0,0.0,54.0,2.4716981132075477,4.0,3.0,5.0,15.0,RP,2.149330981162148,ML
18064,Phil Maton,- - -,32.0,61.1,0.0,63.0,2.639934533551555,4.0,5.0,5.0,22.0,RP,2.1445192271653912,ML
18655,A.J. Minter,NYM,,56.0,0.0,56.0,,3.0739,2.4123,2.374,14.6499,RP,2.1444840451717164,Steamer
12095,Yimi Garcia,TOR,34.0,21.0,0.0,22.0,2.142857142857143,1.0,2.0,3.0,6.0,RP,2.144361105845504,ML
15507,Hunter Harvey,CHC,,52.0,0.0,52.0,,2.8033,2.2912,4.717,12.8871,RP,2.1392006531609,Steamer
25007,Alex Vesia,LAD,29.0,59.2,0.0,68.0,2.6790540540540544,4.0,2.0,5.0,25.0,RP,2.135386405524453,ML
17432,Jeff Hoffman,TOR,32.0,68.0,0.0,71.0,2.073529411764706,9.0,7.0,33.0,0.0,RP,2.12914555386771,ML
21345,Bennett Sousa,HOU,30.0,50.2,0.0,44.0,2.5019920318725104,5.0,1.0,4.0,7.0,RP,2.127378054033952,ML
31623,Jacob Misiorowski,MIL,23.0,66.0,14.0,15.0,2.106060606060606,5.0,3.0,0.0,0.0,SP,2.105954304156184,ML
31461,Ben Joyce,LAA,,42.0,0.0,42.0,,2.1517,1.9632,8.335,0.4775,RP,2.104844449575677,Steamer
33677,Paul Skenes,PIT,23.0,187.2,32.0,32.0,2.7649572649572645,10.0,10.0,0.0,0.0,SP,2.104199593356964,ML
13799,Matt Strahm,PHI,33.0,62.1,0.0,66.0,2.4363929146537844,2.0,3.0,6.0,22.0,RP,2.1034007019926872,ML
19249,Seranthony Dominguez,- - -,30.0,62.2,0.0,67.0,2.276527331189711,4.0,4.0,2.0,20.0,RP,2.103300590642282,ML
27468,Reid Detmers,LAA,25.0,63.2,0.0,61.0,2.066455696202532,5.0,3.0,3.0,13.0,RP,2.1016553340029493,ML
18138,Ryan Helsley,- - -,30.0,56.0,0.0,58.0,1.5892857142857142,3.0,4.0,21.0,1.0,RP,2.099069773530387,ML
20191,Garrett Whitlock,BOS,29.0,72.0,0.0,62.0,2.680555555555556,7.0,3.0,1.0,24.0,RP,2.095820113215098,ML
14771,Emilio Pagan,CIN,34.0,68.2,0.0,70.0,2.618768328445748,2.0,4.0,32.0,2.0,RP,2.0902025231334678,ML
19343,A.J. Puk,ARI,,42.0,0.0,42.0,,2.2625,1.8522,6.779,0.5399,RP,2.0889749907814323,Steamer
27494,Clayton Beeter,- - -,26.0,25.1,0.0,26.0,2.123505976095618,0.0,3.0,1.0,9.0,RP,2.087094846292872,ML
22250,Logan Gilbert,SEA,28.0,131.0,25.0,25.0,2.5267175572519083,6.0,6.0,0.0,0.0,SP,2.078139578408694,ML
17586,Tanner Scott,LAD,30.0,57.0,0.0,61.0,1.736842105263158,1.0,4.0,23.0,8.0,RP,2.06650648456374,ML
20666,Felix Bautista,BAL,30.0,34.2,0.0,35.0,2.7368421052631584,1.0,1.0,19.0,0.0,RP,2.0579238146078898,ML
27768,Eury Perez,MIA,22.0,95.1,20.0,20.0,2.106203995793901,7.0,6.0,0.0,0.0,SP,2.047748745106342,ML
25942,Andrew Nardi,MIA,,56.0,0.0,56.0,,2.8389,2.6477,0.0,9.8287,RP,2.043239479740499,Steamer
20778,Cristopher Sanchez,PHI,28.0,202.0,32.0,32.0,2.43069306930693,13.0,5.0,0.0,0.0,SP,2.0421471732233076,ML
19677,Gregory Soto,- - -,30.0,60.1,0.0,70.0,1.8019966722129783,1.0,5.0,1.0,22.0,RP,2.0392328170445864,ML
11861,Jason Adam,SDP,33.0,65.1,0.0,65.0,2.493087557603686,8.0,4.0,0.0,29.0,RP,2.03425474962348,ML
20539,Edwin Uceta,TBR,27.0,76.0,0.0,70.0,2.3421052631578947,10.0,3.0,1.0,21.0,RP,2.0334143693111293,ML
10954,Jacob deGrom,TEX,37.0,172.2,30.0,30.0,2.4889663182346107,12.0,8.0,0.0,0.0,SP,2.026391664822424,ML
25327,Abner Uribe,MIL,25.0,75.1,0.0,75.0,2.786950732356857,3.0,2.0,7.0,37.0,RP,2.0209645302989014,ML
23550,Aaron Ashby,MIL,27.0,66.2,1.0,43.0,2.486404833836858,5.0,2.0,3.0,5.0,SP,2.020323215836116,ML
11847,Chris Martin,TEX,39.0,42.1,0.0,49.0,2.144893111638955,2.0,6.0,2.0,13.0,RP,2.018921513839333,ML
27914,Daniel Palencia,CHC,25.0,52.2,0.0,54.0,2.3678160919540234,1.0,6.0,22.0,6.0,RP,2.007063667328874,ML
21390,Joe Ryan,MIN,29.0,171.0,30.0,31.0,2.3391812865497075,13.0,10.0,0.0,0.0,SP,2.004910623970314,ML
20039,Adrian Morejon,SDP,26.0,73.2,0.0,75.0,2.5901639344262297,13.0,6.0,3.0,20.0,RP,2.0031367857978153,ML
33703,Nolan McLean,NYM,23.0,48.0,8.0,8.0,2.6875,5.0,1.0,0.0,0.0,SP,2.0025584770812226,ML
25880,Hunter Brown,HOU,26.0,185.1,31.0,31.0,2.546191247974068,12.0,9.0,0.0,0.0,SP,2.002257244907991,ML
21318,Tylor Megill,NYM,29.0,68.1,14.0,14.0,2.060205580029368,5.0,5.0,0.0,0.0,SP,1.9998401949379718,ML
31553,Mason Fluharty,TOR,23.0,52.2,0.0,55.0,1.9272030651341,5.0,2.0,1.0,5.0,RP,1.9994553881797128,ML
25420,Ryan Zeferjahn,LAA,27.0,57.0,1.0,62.0,1.7543859649122806,6.0,5.0,2.0,17.0,SP,1.9982561470058762,ML
30115,Robert Suarez,SDP,34.0,69.2,0.0,70.0,2.508670520231214,4.0,6.0,40.0,0.0,RP,1.9963208988527732,ML
3096,Kenley Jansen,LAA,37.0,59.0,0.0,62.0,2.440677966101695,5.0,4.0,29.0,0.0,RP,1.9957855429613713,ML
31846,Spencer Schwellenbach,ATL,25.0,110.2,17.0,17.0,2.3194192377495466,7.0,4.0,0.0,0.0,SP,1.9944794827669516,ML
19804,Bryan Baker,- - -,30.0,68.2,0.0,73.0,2.1935483870967745,4.0,4.0,3.0,19.0,RP,1.993125872450593,ML
10197,Shelby Miller,- - -,34.0,46.0,0.0,48.0,2.5217391304347827,4.0,3.0,10.0,9.0,RP,1.988601205323267,ML
30279,Bryan Woo,SEA,25.0,186.2,30.0,30.0,2.47905477980666,15.0,7.0,0.0,0.0,SP,1.9852929914744148,ML
21483,Shane McClanahan,TBR,,142.175,24.3,24.3,,9.0503,7.8811,0.0,0.0,SP,1.9845962541922264,Steamer
20061,Kaleb Ort,HOU,33.0,46.0,0.0,49.0,1.6304347826086956,2.0,2.0,1.0,3.0,RP,1.983727289716688,ML
14374,Tyler Glasnow,LAD,31.0,90.1,18.0,18.0,2.367369589345172,4.0,3.0,0.0,0.0,SP,1.980610021346423,ML
19959,Jesus Luzardo,PHI,27.0,183.2,32.0,32.0,2.08296943231441,15.0,7.0,0.0,0.0,SP,1.9796582567194145,ML
15130,Drew Anderson,DET,,61.234,1.62,53.62,,3.2218,2.991,0.0,6.3385,SP,1.979142087709036,Steamer
16866,Reed Garrett,NYM,32.0,55.1,1.0,58.0,1.9655172413793105,3.0,6.0,3.0,20.0,SP,1.9762171299835587,ML
13543,Blake Snell,LAD,32.0,61.1,11.0,11.0,2.3944353518821604,5.0,4.0,0.0,0.0,SP,1.975987902282148,ML
29868,Bubba Chandler,PIT,22.0,31.1,4.0,7.0,2.163987138263666,4.0,1.0,1.0,0.0,SP,1.9731162227133836,ML
21455,Kris Bubic,KCR,27.0,116.1,20.0,20.0,2.250645994832041,8.0,7.0,0.0,0.0,SP,1.9700322230115508,ML
17780,Jose Alvarado,PHI,30.0,26.0,0.0,28.0,2.076923076923077,4.0,2.0,7.0,5.0,RP,1.9671951645772074,ML
16727,Brock Stewart,- - -,33.0,37.2,0.0,43.0,2.3817204301075274,2.0,2.0,0.0,16.0,RP,1.9611208428121325,ML
25756,Matt Brash,SEA,27.0,47.1,0.0,53.0,2.426751592356688,1.0,3.0,4.0,21.0,RP,1.9570696871401267,ML
13293,Danny Coulombe,- - -,35.0,43.0,1.0,55.0,2.3255813953488373,2.0,1.0,2.0,9.0,SP,1.9538539168429108,ML
24609,Braydon Fisher,TOR,24.0,50.0,1.0,52.0,2.62,7.0,0.0,0.0,5.0,SP,1.942429357156539,ML
31764,A.J. Blubaugh,HOU,24.0,32.0,3.0,11.0,2.84375,3.0,1.0,0.0,0.0,SP,1.9385023814405395,ML
21032,Emmanuel Clase,CLE,27.0,47.1,0.0,48.0,2.0445859872611467,5.0,3.0,24.0,1.0,RP,1.9376028464188932,ML
4301,Justin Wilson,BOS,37.0,48.1,0.0,61.0,2.022869022869023,4.0,1.0,0.0,18.0,RP,1.9366221285957048,ML
32095,Cameron Schlittler,NYY,24.0,73.0,14.0,14.0,2.2739726027397262,4.0,3.0,0.0,0.0,SP,1.9338872753380854,ML
18679,Freddy Peralta,MIL,29.0,176.2,33.0,33.0,2.477866061293984,17.0,6.0,0.0,0.0,SP,1.9338398460545685,ML
27691,Louie Varland,- - -,27.0,72.2,1.0,74.0,2.168975069252078,4.0,3.0,0.0,22.0,SP,1.9335950329050995,ML
31616,David Morgan,SDP,25.0,47.1,2.0,41.0,2.2356687898089174,1.0,2.0,0.0,1.0,SP,1.9315281222015641,ML
16990,Tanner Banks,PHI,33.0,67.1,1.0,69.0,2.2101341281669145,6.0,2.0,1.0,10.0,SP,1.9287486335596107,ML
29629,Matt Svanson,STL,26.0,60.1,0.0,39.0,2.8169717138103163,4.0,0.0,0.0,5.0,RP,1.9245621737613685,ML
15947,Ryne Stanek,NYM,33.0,56.0,0.0,65.0,1.2857142857142858,4.0,6.0,3.0,11.0,RP,1.923340922922675,ML
18548,Sam Hentges,SFG,,54.0,0.0,54.0,,2.8276,2.463,0.0,7.246,RP,1.9231025832395476,Steamer
27694,Justin Sterner,ATH,28.0,65.0,1.0,59.0,2.3230769230769237,4.0,3.0,0.0,16.0,SP,1.920536926650589,ML
26221,Ryan Pepiot,TBR,27.0,167.2,31.0,31.0,1.971291866028708,11.0,12.0,0.0,0.0,SP,1.9183245545733592,ML
23363,Robert Garcia,TEX,29.0,64.0,0.0,71.0,2.15625,4.0,8.0,9.0,15.0,RP,1.9179495025210291,ML
20116,Calvin Faucher,MIA,29.0,60.1,0.0,65.0,1.9683860232945092,4.0,4.0,15.0,7.0,RP,1.9145858939013845,ML
26413,Porter Hodge,CHC,24.0,33.0,0.0,36.0,1.2424242424242424,2.0,2.0,2.0,8.0,RP,1.9136397141841444,ML
21267,Jake Bird,- - -,29.0,55.1,0.0,48.0,1.4210526315789476,4.0,2.0,0.0,10.0,RP,1.9136197886017348,ML
19444,Yohan Ramirez,PIT,30.0,33.1,0.0,24.0,1.6706948640483386,3.0,3.0,0.0,1.0,RP,1.9134840215495206,ML
16162,Brandon Woodruff,MIL,32.0,64.2,12.0,12.0,2.6573208722741435,7.0,2.0,0.0,0.0,SP,1.9129595954116387,ML
11426,Drew Pomeranz,CHC,36.0,49.2,4.0,57.0,2.59349593495935,2.0,2.0,1.0,14.0,SP,1.910863820950256,ML
33825,Yoshinobu Yamamoto,LAD,26.0,173.2,30.0,30.0,2.6131639722863738,12.0,8.0,0.0,0.0,SP,1.9099440970972463,ML
12768,Sonny Gray,STL,35.0,180.2,32.0,32.0,1.9234184239733625,14.0,8.0,0.0,0.0,SP,1.9069389289465326,ML
15873,Sean Manaea,NYM,33.0,60.2,12.0,15.0,1.7541528239202662,2.0,4.0,0.0,0.0,SP,1.905998933674108,ML
15454,Nick Pivetta,SDP,32.0,181.2,31.0,31.0,2.420529801324503,13.0,5.0,0.0,0.0,SP,1.902679297289669,ML
19926,Tony Santillan,CIN,28.0,73.2,0.0,80.0,2.35792349726776,1.0,5.0,7.0,33.0,RP,1.901290794374545,ML
17130,Raisel Iglesias,ATL,35.0,67.1,0.0,70.0,2.374068554396423,4.0,6.0,29.0,2.0,RP,1.9000671320651528,ML
20023,Rico Garcia,- - -,31.0,34.1,1.0,29.0,2.208211143695015,0.0,2.0,0.0,10.0,SP,1.8988851458860943,ML
17995,Logan Webb,SFG,28.0,207.0,34.0,34.0,2.130434782608696,15.0,11.0,0.0,0.0,SP,1.8967874311823976,ML
13932,Dietrich Enns,- - -,34.0,46.1,3.0,24.0,1.7418655097613884,3.0,3.0,2.0,4.0,SP,1.8962313100445833,ML
31204,Justin Wrobleski,LAD,24.0,66.2,2.0,24.0,1.9425981873111784,5.0,5.0,2.0,6.0,SP,1.8961646866177382,ML
29950,Jordan Leasure,CHW,26.0,64.1,1.0,68.0,2.1575663026521057,5.0,6.0,7.0,14.0,SP,1.8956917244266593,ML
19769,Will Vest,DET,30.0,68.2,0.0,64.0,2.208211143695015,6.0,5.0,23.0,3.0,RP,1.8955697806079732,ML
13594,Robert Stephenson,LAA,,60.0,0.0,60.0,,2.9019,2.9763,14.934,8.2641,RP,1.8948443459496356,Steamer
21992,Camilo Doval,- - -,27.0,65.1,0.0,69.0,1.9861751152073728,4.0,3.0,16.0,10.0,RP,1.8945691810792316,ML
18297,Tyler Kinley,- - -,34.0,72.2,0.0,73.0,1.9335180055401664,6.0,3.0,3.0,13.0,RP,1.8926463550806063,ML
31827,Zebby Matthews,MIN,25.0,79.1,16.0,16.0,1.3817951959544874,5.0,6.0,0.0,0.0,SP,1.8917508780814356,ML
16918,Luke Weaver,NYY,31.0,64.2,0.0,64.0,2.283489096573209,4.0,4.0,8.0,21.0,RP,1.8885645358541725,ML
19330,Matt Festa,CLE,32.0,54.2,0.0,63.0,2.022140221402214,5.0,4.0,0.0,12.0,RP,1.8856865775783724,ML
25385,Drew Rasmussen,TBR,29.0,150.0,31.0,31.0,2.2133333333333334,10.0,5.0,0.0,0.0,SP,1.8815843902525369,ML
21662,Elvis Alvarado,ATH,26.0,42.1,0.0,37.0,2.144893111638955,1.0,1.0,0.0,4.0,RP,1.8784524312432576,ML
35456,Trey Yesavage,TOR,,160.698,25.92,35.92,,10.2146,8.7682,0.0,0.6494,SP,1.878446181483927,Steamer
10078,Caleb Thielbar,CHC,38.0,58.0,0.0,67.0,2.5,3.0,4.0,1.0,25.0,RP,1.8784396112241182,ML
21205,Connor Brogdon,LAA,30.0,47.0,0.0,43.0,1.4680851063829787,3.0,2.0,0.0,4.0,RP,1.8740775346817835,ML
15734,Brad Keller,CHC,29.0,69.2,1.0,68.0,2.653179190751445,4.0,2.0,3.0,25.0,SP,1.8738992423685712,ML
17479,Jack Flaherty,DET,29.0,161.0,31.0,31.0,1.8571428571428568,8.0,15.0,0.0,0.0,SP,1.873474439418083,ML
17998,Pete Fairbanks,TBR,31.0,60.1,0.0,61.0,2.301164725457571,4.0,5.0,27.0,0.0,RP,1.8729240735703396,ML
20423,Ryan Walker,SFG,29.0,61.1,0.0,68.0,1.788870703764321,5.0,7.0,17.0,9.0,RP,1.8728928096952329,ML
33908,Jose Fermin,LAA,23.0,34.1,0.0,40.0,1.73900293255132,3.0,2.0,0.0,6.0,RP,1.8719456183132586,ML
33666,Connelly Early,BOS,,49.3189,4.86,26.86,,2.9264,2.5531,0.0,0.6714,SP,1.8714976415441331,Steamer
16137,Carlos Rodon,NYY,32.0,195.1,33.0,33.0,2.302921578677601,18.0,9.0,0.0,0.0,SP,1.870153711236757,ML
23237,Juan Mejia,COL,24.0,61.1,0.0,55.0,1.9689034369885436,2.0,2.0,1.0,12.0,RP,1.8672808992869894,ML
10061,Brooks Raley,NYM,37.0,25.2,0.0,30.0,2.642857142857143,3.0,1.0,0.0,10.0,RP,1.8664368863551317,ML
31475,Logan Henderson,MIL,23.0,25.1,5.0,5.0,2.9203187250996017,3.0,0.0,0.0,0.0,SP,1.8594809535155286,ML
26378,Nick Lodolo,CIN,27.0,156.2,28.0,29.0,2.174135723431497,9.0,8.0,0.0,0.0,SP,1.8590783328858196,ML
13743,Max Fried,NYY,31.0,195.1,32.0,32.0,2.231163505894413,19.0,5.0,0.0,0.0,SP,1.8578487986710168,ML
11486,Robbie Ray,SFG,33.0,182.1,32.0,32.0,1.9950576606260293,11.0,8.0,0.0,0.0,SP,1.8531604729393307,ML
24492,Grayson Rodriguez,LAA,,128.892,22.68,22.68,,7.6931,7.9209,0.0,0.0,SP,1.8531579657206767,Steamer
25376,Nick Mears,MIL,28.0,56.2,0.0,63.0,2.05693950177936,5.0,3.0,1.0,16.0,RP,1.8529598954470146,ML
18341,Julian Fernández,WSN,,59.0,0.0,59.0,,2.9049,2.8754,2.304,11.8168,RP,1.8528260929926692,Steamer
30133,Brant Hurter,DET,26.0,63.0,4.0,43.0,2.2063492063492065,4.0,3.0,2.0,5.0,SP,1.8525933133803152,ML
24862,Ryan Fernandez,STL,27.0,30.1,0.0,32.0,0.6744186046511631,0.0,4.0,1.0,4.0,RP,1.8467163595698355,ML
25139,Tim Herrin,CLE,28.0,42.2,0.0,54.0,1.388625592417062,5.0,4.0,0.0,15.0,RP,1.8457183701847577,ML
9073,Kirby Yates,LAD,38.0,41.1,0.0,50.0,1.759124087591241,4.0,3.0,3.0,15.0,RP,1.8428957966303166,ML
25436,George Kirby,SEA,27.0,126.0,23.0,23.0,1.96031746031746,10.0,8.0,0.0,0.0,SP,1.8411705593819299,ML
17295,Framber Valdez,HOU,31.0,192.0,31.0,31.0,1.9166666666666667,13.0,11.0,0.0,0.0,SP,1.8398342645569217,ML
12857,Shawn Armstrong,TEX,34.0,74.0,2.0,71.0,2.675675675675676,4.0,3.0,9.0,12.0,SP,1.8382363845938043,ML
27863,Jared Jones,PIT,,91.746,16.2,16.2,,5.6295,5.4974,0.0,0.0,SP,1.838056150681579,Steamer
20349,Zack Kelly,BOS,30.0,35.1,0.0,28.0,1.632478632478633,1.0,3.0,0.0,3.0,RP,1.8368227852822314,ML
21690,Edward Cabrera,MIA,27.0,137.2,26.0,26.0,2.0743440233236146,8.0,7.0,0.0,0.0,SP,1.8354715796175256,ML
31776,Orion Kerkering,PHI,24.0,60.0,0.0,69.0,1.9833333333333332,8.0,4.0,4.0,19.0,RP,1.8332638616541532,ML
26056,Brandon Walter,HOU,28.0,53.2,9.0,9.0,2.285714285714286,1.0,3.0,0.0,0.0,SP,1.8295653863869001,ML
19178,Tommy Nance,TOR,34.0,31.2,0.0,30.0,2.551282051282051,2.0,0.0,0.0,5.0,RP,1.8292749963656385,ML
9132,Nathan Eovaldi,TEX,35.0,130.0,22.0,22.0,2.753846153846154,11.0,3.0,0.0,0.0,SP,1.8233040583444677,ML
19222,Lake Bachar,MIA,30.0,71.0,1.0,53.0,1.9859154929577465,8.0,2.0,3.0,5.0,SP,1.820565931034917,ML
13435,Pierce Johnson,ATL,34.0,59.0,0.0,65.0,2.1186440677966103,3.0,3.0,1.0,16.0,RP,1.8191453392705348,ML
22201,MacKenzie Gore,WSN,26.0,159.2,30.0,30.0,1.875628140703517,5.0,15.0,0.0,0.0,SP,1.8157924174560962,ML
20546,Grant Anderson,MIL,28.0,69.2,0.0,66.0,2.0751445086705207,2.0,6.0,0.0,6.0,RP,1.8157103400996149,ML
20997,Eduard Bazardo,SEA,29.0,78.2,0.0,73.0,2.462915601023018,5.0,0.0,0.0,12.0,RP,1.8109588473856448,ML
21924,Juan Morillo,ARI,26.0,34.1,0.0,42.0,1.4164222873900296,0.0,3.0,1.0,5.0,RP,1.8104275264091056,ML
25636,Hunter Gaddis,CLE,27.0,66.2,0.0,73.0,2.2145015105740185,2.0,2.0,3.0,35.0,RP,1.8103905442372124,ML
13125,Gerrit Cole,NYY,,134.18,22.68,22.68,,8.3461,7.5503,0.0,0.0,SP,1.809895842593589,Steamer
22264,Shane Baz,TBR,26.0,166.1,31.0,31.0,1.6393738711619503,10.0,12.0,0.0,0.0,SP,1.8096323807987091,ML
19459,Jorge Alcala,- - -,29.0,55.0,0.0,56.0,0.9818181818181818,0.0,2.0,0.0,5.0,RP,1.808623400008062,ML
12988,Andrew Chafin,- - -,35.0,33.2,0.0,42.0,2.096385542168675,1.0,1.0,0.0,4.0,RP,1.8079316779687205,ML
24607,Jonathan Bowlan,KCR,28.0,44.1,1.0,34.0,1.9569160997732429,1.0,2.0,0.0,2.0,SP,1.804182177933619,ML
23590,Ben Brown,CHC,25.0,106.1,15.0,25.0,1.3788878416588122,5.0,8.0,1.0,1.0,SP,1.8034150397390034,ML
27517,Jared Koenig,MIL,31.0,66.0,0.0,72.0,2.227272727272727,6.0,1.0,2.0,27.0,RP,1.8006774653133026,ML
33826,Yuki Matsui,SDP,29.0,63.1,0.0,61.0,1.716323296354992,3.0,1.0,1.0,3.0,RP,1.8001289175686357,ML
15551,Mark Leiter Jr.,NYY,34.0,48.1,0.0,59.0,1.5031185031185033,6.0,7.0,2.0,14.0,RP,1.7954550006145462,ML
13449,Taylor Rogers,- - -,34.0,50.2,0.0,57.0,1.9043824701195224,3.0,2.0,0.0,10.0,RP,1.7919568327802105,ML
14706,Anthony Banda,LAD,31.0,65.0,1.0,71.0,2.0153846153846158,5.0,1.0,0.0,11.0,SP,1.79054175921508,ML
29608,Joe Boyle,TBR,25.0,52.0,9.0,13.0,1.7115384615384617,1.0,4.0,0.0,0.0,SP,1.7863660147372475,ML
14993,Scott Barlow,CIN,32.0,68.1,1.0,75.0,1.7665198237885458,6.0,3.0,1.0,16.0,SP,1.7859382353511402,ML
35466,Payton Tolle,BOS,,50.9371,4.86,28.86,,2.8725,2.7858,0.0,0.6714,SP,1.7850748338687343,Steamer
16258,Aaron Bummer,ATL,31.0,54.1,2.0,42.0,1.835489833641405,3.0,2.0,0.0,2.0,SP,1.7848916880997392,ML
25921,Casey Legumina,SEA,28.0,49.2,1.0,48.0,1.394308943089431,4.0,6.0,0.0,3.0,SP,1.7838457462960517,ML
16061,Cam Booser,CHW,33.0,31.0,0.0,39.0,1.3870967741935485,2.0,4.0,1.0,8.0,RP,1.7838243009486465,ML
19876,Kevin Ginkel,ARI,31.0,25.2,0.0,29.0,0.8174603174603172,1.0,4.0,3.0,6.0,RP,1.7831182321428647,ML
23793,Braxton Ashcraft,PIT,25.0,69.2,8.0,26.0,2.161849710982659,4.0,4.0,0.0,4.0,SP,1.7828674943179441,ML
26191,Kade Strowd,BAL,27.0,26.1,0.0,25.0,2.42528735632184,0.0,1.0,0.0,5.0,RP,1.7820191481027552,ML
20422,Jovani Morán,BOS,,56.0,0.0,56.0,,2.8634,2.6232,0.0,10.3396,RP,1.7819002474400125,Steamer
21623,Grant Wolfram,BAL,28.0,26.2,0.0,21.0,1.0534351145038163,3.0,1.0,0.0,1.0,RP,1.781513187835765,ML
21461,Cole Sands,MIN,27.0,72.0,3.0,69.0,1.7222222222222223,4.0,6.0,3.0,13.0,SP,1.7813663728394817,ML
19853,Michael King,SDP,30.0,73.1,15.0,15.0,2.069767441860465,5.0,3.0,0.0,0.0,SP,1.7794008987162708,ML
25890,Bryan King,HOU,28.0,68.0,0.0,68.0,2.3529411764705883,5.0,4.0,2.0,27.0,RP,1.7748277624865663,ML
15009,Kyle Finnegan,- - -,33.0,57.0,0.0,56.0,2.087719298245614,4.0,4.0,24.0,3.0,RP,1.7738492633668834,ML
19742,Anthony Bender,MIA,30.0,50.0,0.0,51.0,2.3,3.0,5.0,4.0,19.0,RP,1.7729457307040255,ML
14107,Kevin Gausman,TOR,34.0,193.0,32.0,32.0,2.1191709844559585,10.0,11.0,0.0,0.0,SP,1.7693775174922215,ML
16149,Aaron Nola,PHI,32.0,94.1,17.0,17.0,1.3421891604675873,5.0,10.0,0.0,0.0,SP,1.7682807093449848,ML
17312,Justin Steele,CHC,29.0,22.2,4.0,4.0,1.6936936936936935,3.0,1.0,0.0,0.0,SP,1.7679808406059723,ML
19924,Bryan Hudson,NYM,,52.0,0.0,52.0,,2.7239,2.3708,0.0,7.4042,RP,1.7676628091435145,Steamer
19349,Caleb Ferguson,- - -,28.0,65.1,0.0,70.0,1.8172043010752688,5.0,4.0,0.0,14.0,RP,1.7675281267804097,ML
30113,Chad Patrick,MIL,26.0,119.2,23.0,27.0,1.993288590604027,3.0,8.0,0.0,1.0,SP,1.7651883874828713,ML
27646,Luis L. Ortiz,CLE,26.0,88.2,16.0,16.0,1.7301587301587305,4.0,9.0,0.0,0.0,SP,1.7622879184184796,ML
19361,Corbin Burnes,ARI,30.0,64.1,11.0,11.0,2.21996879875195,3.0,2.0,0.0,0.0,SP,1.7620108556698602,ML
23307,Collin Snider,SEA,29.0,26.1,0.0,24.0,1.237547892720307,2.0,1.0,0.0,4.0,RP,1.761289482780464,ML
24282,Kai-Wei Teng,SFG,26.0,29.2,7.0,8.0,1.3219178082191778,2.0,4.0,0.0,0.0,SP,1.7600834744903655,ML
30249,Jack Dreyer,LAD,26.0,76.1,5.0,67.0,2.2641261498028906,3.0,2.0,4.0,10.0,SP,1.759563971468557,ML
25679,Kevin Kelly,TBR,27.0,39.2,0.0,41.0,1.1887755102040822,2.0,5.0,0.0,5.0,RP,1.7585221856146833,ML
12970,Joe Musgrove,SDP,,158.921,27.54,27.54,,9.738,9.3454,0.0,0.0,SP,1.7572580067690615,Steamer
19360,Lucas Erceg,KCR,30.0,61.1,0.0,61.0,2.0180032733224222,8.0,4.0,2.0,22.0,RP,1.75697578947325,ML
25098,Jacob Lopez,ATH,27.0,92.2,17.0,21.0,2.0347071583514102,7.0,7.0,0.0,0.0,SP,1.7550794101383858,ML
23335,Joey Cantillo,CLE,25.0,95.1,13.0,34.0,2.158780231335436,5.0,3.0,1.0,1.0,SP,1.75336563405468,ML
20531,Kutter Crawford,BOS,,86.0952,6.48,56.48,,4.591,4.7333,0.0,4.476,SP,1.7530494319849037,Steamer
22288,Mason Englert,TBR,25.0,44.2,0.0,29.0,1.9140271493212675,0.0,1.0,0.0,1.0,RP,1.752760462629271,ML
17277,Ranger Suarez,PHI,29.0,157.1,26.0,26.0,2.026098026734564,12.0,8.0,0.0,0.0,SP,1.7521912062017184,ML
17948,Trent Thornton,SEA,31.0,42.1,0.0,33.0,1.4085510688836107,2.0,0.0,0.0,5.0,RP,1.751165588832284,ML
20348,Riley O'Brien,STL,30.0,48.0,0.0,42.0,2.333333333333333,3.0,1.0,6.0,6.0,RP,1.7497039844882556,ML
27932,Ian Seymour,TBR,26.0,57.0,5.0,19.0,2.1403508771929824,4.0,3.0,0.0,0.0,SP,1.7495202448118845,ML
19261,Ian Hamilton,NYY,30.0,40.0,1.0,36.0,1.85,2.0,1.0,0.0,4.0,SP,1.7466531151990234,ML
21453,Konnor Pilkington,WSN,27.0,28.1,0.0,32.0,1.825622775800712,2.0,0.0,0.0,5.0,RP,1.7426280875134788,ML
30122,Gavin Williams,CLE,25.0,167.2,31.0,31.0,2.078947368421052,12.0,5.0,0.0,0.0,SP,1.7409774754304312,ML
25957,Josh Simpson,MIA,27.0,30.2,0.0,31.0,0.6821192052980131,4.0,2.0,0.0,2.0,RP,1.739387179791205,ML
16350,Ryan Borucki,- - -,31.0,35.0,0.0,39.0,1.6,1.0,3.0,0.0,7.0,RP,1.7390300475035414,ML
26252,Erik Miller,SFG,27.0,30.0,0.0,36.0,1.9333333333333331,4.0,1.0,0.0,10.0,RP,1.7367598013233043,ML
26641,Wikelman Gonzalez,CHW,23.0,20.1,0.0,16.0,2.402985074626866,1.0,0.0,0.0,1.0,RP,1.7359125519377225,ML
17920,Cody Ponce,TOR,,161.51,24.3,47.3,,9.8861,9.1012,0.0,0.6494,SP,1.735185621395595,Steamer
31468,Jackson Perkins,ATH,25.0,38.2,4.0,12.0,1.8481675392670165,3.0,2.0,3.0,1.0,SP,1.7348666087116396,ML
29928,Dylan Dodd,ATL,27.0,35.0,0.0,28.0,2.1142857142857143,1.0,0.0,0.0,2.0,RP,1.734389003214009,ML
24986,Colin Selby,BAL,,50.0,0.0,50.0,,2.5796,2.3191,0.0,4.3779,RP,1.7343093708502997,Steamer
31986,Parker Messick,CLE,24.0,39.2,7.0,7.0,2.03061224489796,3.0,1.0,0.0,0.0,SP,1.7327125323990724,ML
17878,Dennis Santana,PIT,29.0,70.1,0.0,70.0,2.5007132667617684,4.0,5.0,16.0,12.0,RP,1.7317796896370434,ML
18403,Enyel De Los Santos,- - -,29.0,66.0,0.0,65.0,1.681818181818182,6.0,3.0,0.0,6.0,RP,1.7309101754274645,ML
17085,Pablo Lopez,MIN,29.0,75.2,14.0,14.0,2.242021276595745,5.0,4.0,0.0,0.0,SP,1.7291691116938765,ML
33294,Seth Halvorsen,COL,25.0,39.2,0.0,42.0,1.2142857142857149,1.0,2.0,11.0,4.0,RP,1.7290914331660459,ML
19899,Clarke Schmidt,NYY,29.0,78.2,14.0,14.0,2.092071611253197,4.0,4.0,0.0,0.0,SP,1.7285477681255978,ML
29542,Andre Granillo,STL,25.0,21.0,0.0,14.0,1.4285714285714286,1.0,0.0,1.0,0.0,RP,1.7282533717654196,ML
11804,Hector Neris,- - -,36.0,26.2,0.0,35.0,1.0916030534351142,3.0,2.0,0.0,7.0,RP,1.7249324672393522,ML
19753,Jonathan Loaisiga,NYY,30.0,29.2,0.0,30.0,1.3904109589041094,0.0,1.0,1.0,7.0,RP,1.7237098018505488,ML
16400,Reynaldo López,ATL,,152.047,24.3,36.3,,9.4212,8.5733,0.0,0.6514,SP,1.7231052012548707,Steamer
23796,Ryan Weathers,MIA,25.0,38.1,8.0,8.0,1.792650918635171,2.0,2.0,0.0,0.0,SP,1.722535820111368,ML
27626,Eric Orze,TBR,27.0,41.2,0.0,33.0,1.9077669902912624,1.0,1.0,3.0,1.0,RP,1.7222407947113614,ML
17968,Brock Burke,LAA,28.0,61.2,1.0,69.0,1.8562091503267977,7.0,1.0,0.0,15.0,SP,1.722014514672921,ML
26260,Drey Jameson,ARI,,59.0,0.0,59.0,,3.0238,2.7567,4.519,10.635,RP,1.7215974068516688,Steamer
30134,Tanner Bibee,CLE,26.0,182.1,31.0,31.0,1.7149917627677098,12.0,11.0,0.0,0.0,SP,1.7201185700308652,ML
27552,Graham Ashcraft,CIN,27.0,65.1,0.0,62.0,1.6635944700460823,8.0,5.0,0.0,23.0,RP,1.7196237601817363,ML
22113,Cole Winn,TEX,25.0,41.2,0.0,33.0,2.538834951456311,0.0,1.0,0.0,4.0,RP,1.719546082290625,ML
18383,Michael Soroka,- - -,27.0,89.2,17.0,22.0,1.923766816143498,3.0,8.0,0.0,1.0,SP,1.7182522802508424,ML
15256,Cole Sulser,TBR,35.0,22.2,0.0,18.0,2.324324324324324,2.0,1.0,0.0,0.0,RP,1.7155703446590507,ML
19574,JoJo Romero,STL,28.0,61.0,0.0,65.0,2.19672131147541,4.0,6.0,8.0,24.0,RP,1.7136792286277303,ML
19407,Ronel Blanco,HOU,31.0,48.1,9.0,9.0,1.8981288981288984,3.0,4.0,0.0,0.0,SP,1.7122999103622443,ML
14332,Joel Payamps,- - -,31.0,26.1,0.0,30.0,0.8544061302681997,0.0,1.0,1.0,4.0,RP,1.7112942078401416,ML
13074,Yu Darvish,SDP,38.0,72.0,15.0,15.0,1.5694444444444444,5.0,5.0,0.0,0.0,SP,1.710365777570204,ML
23394,PJ Poulin,WSN,28.0,24.2,0.0,28.0,1.8016528925619832,2.0,1.0,1.0,5.0,RP,1.7086749241009143,ML
22286,Trevor Rogers,BAL,27.0,109.2,18.0,18.0,2.6336996336996337,9.0,3.0,0.0,0.0,SP,1.707340072377206,ML
16943,Sean Newcomb,- - -,32.0,92.1,5.0,48.0,2.022801302931596,2.0,5.0,2.0,4.0,SP,1.70657145207944,ML
19614,Cionel Perez,BAL,29.0,21.2,0.0,19.0,-0.0660377358490568,0.0,0.0,0.0,0.0,RP,1.706237072351159,ML
27758,Kyle Harrison,- - -,23.0,35.2,6.0,11.0,1.7784090909090915,1.0,1.0,0.0,1.0,SP,1.7060083364909278,ML
30250,Jaden Hill,COL,25.0,29.1,0.0,28.0,1.969072164948454,1.0,1.0,0.0,3.0,RP,1.7056400629197637,ML
16122,Jordan Romano,PHI,32.0,42.2,0.0,49.0,0.7962085308056877,2.0,4.0,8.0,7.0,RP,1.7028283697084166,ML
27889,J.T. Ginn,ATH,26.0,90.1,16.0,23.0,1.601553829078801,4.0,7.0,0.0,1.0,SP,1.7018639150700512,ML
24017,Jose A. Ferrer,WSN,25.0,76.1,0.0,72.0,1.6596583442838366,4.0,4.0,11.0,21.0,RP,1.7003272998608652,ML
20375,Greg Weissert,BOS,30.0,67.0,0.0,72.0,2.0597014925373136,6.0,6.0,4.0,17.0,RP,1.6998091032250908,ML
27775,Kyle Nicolas,PIT,26.0,38.0,0.0,31.0,1.4736842105263157,1.0,2.0,0.0,3.0,RP,1.699220453508108,ML
25620,Luis Mey,CIN,24.0,21.0,0.0,23.0,1.619047619047619,2.0,0.0,0.0,4.0,RP,1.6990648821677274,ML
22713,Carlos Hernandez,- - -,28.0,43.1,0.0,41.0,0.8422273781902555,1.0,0.0,0.0,1.0,RP,1.6979218358128458,ML
27498,Spencer Strider,ATL,26.0,125.1,23.0,23.0,1.6570743405275776,7.0,14.0,0.0,0.0,SP,1.6978399581578216,ML
20271,Daysbel Hernandez,ATL,28.0,37.0,0.0,39.0,1.5945945945945943,4.0,3.0,0.0,10.0,RP,1.6978202303136145,ML
20385,Isaac Mattson,PIT,29.0,47.2,0.0,44.0,2.258474576271187,3.0,3.0,0.0,12.0,RP,1.697114741840728,ML
22487,Johan Oviedo,PIT,27.0,40.1,9.0,9.0,2.0274314214463844,2.0,1.0,0.0,0.0,SP,1.695632102840567,ML
20020,John Schreiber,KCR,31.0,64.0,0.0,74.0,1.9375,3.0,3.0,1.0,23.0,RP,1.693086699931484,ML
19362,Keegan Akin,BAL,30.0,63.1,3.0,64.0,1.7955625990491284,5.0,4.0,8.0,16.0,SP,1.6927653663439248,ML
25648,Justin Slaten,BOS,27.0,34.0,0.0,36.0,1.7058823529411764,2.0,4.0,3.0,6.0,RP,1.6921147248540163,ML
24614,Victor Vodnik,COL,25.0,50.2,0.0,52.0,1.8844621513944224,4.0,3.0,10.0,7.0,RP,1.6906186367709817,ML
21951,Joel Peguero,SFG,28.0,22.1,0.0,17.0,2.1855203619909505,3.0,1.0,0.0,4.0,RP,1.690347583059728,ML
19447,Patrick Sandoval,BOS,,83.726,9.72,39.72,,4.9071,4.633,0.0,0.6714,SP,1.6903071486559342,Steamer
33527,Hurston Waldrep,ATL,23.0,56.1,9.0,10.0,2.144385026737968,6.0,1.0,0.0,0.0,SP,1.6902241192313499,ML
27570,Cole Henry,WSN,25.0,52.2,0.0,57.0,1.6015325670498088,1.0,2.0,2.0,9.0,RP,1.6893083234777948,ML
21546,Justin Hagenman,NYM,28.0,23.2,1.0,9.0,1.836206896551724,0.0,1.0,1.0,0.0,SP,1.6882681453531287,ML
26231,Tyler Holton,DET,29.0,78.2,6.0,70.0,1.9514066496163684,6.0,5.0,0.0,17.0,SP,1.6872458231311402,ML
15552,Chad Green,TOR,34.0,43.2,0.0,45.0,1.0787037037037042,3.0,2.0,1.0,7.0,RP,1.687130715352881,ML
25501,Paxton Schultz,TOR,27.0,24.2,2.0,13.0,1.7190082644628095,0.0,0.0,0.0,0.0,SP,1.6868299165476968,ML
12760,Rafael Montero,- - -,34.0,60.1,0.0,59.0,1.6522462562396008,1.0,2.0,0.0,8.0,RP,1.6862499385186884,ML
24968,Reese Olson,DET,25.0,68.2,13.0,13.0,2.032258064516129,4.0,4.0,0.0,0.0,SP,1.685116316888872,ML
12777,John Brebbia,- - -,35.0,23.1,0.0,22.0,0.6623376623376628,1.0,1.0,0.0,2.0,RP,1.6850778614411999,ML
19481,Tyler Ferguson,ATH,31.0,58.0,0.0,56.0,1.5689655172413792,4.0,2.0,2.0,11.0,RP,1.6846303217539504,ML
23313,Jose Butto,- - -,27.0,67.0,0.0,55.0,1.5970149253731345,5.0,3.0,1.0,6.0,RP,1.682944031982669,ML
29615,Kyle Backhus,ARI,27.0,25.1,0.0,32.0,1.4063745019920322,0.0,3.0,2.0,10.0,RP,1.6823836849827618,ML
27668,Brandon Eisert,CHW,27.0,69.2,3.0,72.0,1.6416184971098269,3.0,8.0,2.0,8.0,SP,1.678444025053274,ML
21844,Braxton Garrett,MIA,,135.036,22.68,30.68,,7.9643,8.3299,0.0,0.6382,SP,1.6771636706399655,Steamer
22175,Max Kranick,NYM,27.0,37.0,0.0,24.0,1.8108108108108107,3.0,2.0,0.0,5.0,RP,1.676942143043528,ML
24728,Mike Burrows,PIT,25.0,96.0,19.0,23.0,1.8958333333333333,2.0,4.0,0.0,0.0,SP,1.6748667864817848,ML
29574,Chase Lee,DET,26.0,37.1,0.0,32.0,1.9487870619946093,4.0,1.0,0.0,4.0,RP,1.6694950527459058,ML
16944,Grant Holmes,ATL,29.0,115.0,21.0,22.0,1.8434782608695648,4.0,9.0,0.0,0.0,SP,1.6687976147269927,ML
26247,Orlando Ribalta,WSN,27.0,24.1,0.0,22.0,0.5933609958506229,0.0,0.0,0.0,0.0,RP,1.667902425961359,ML
25553,Nic Enright,CLE,28.0,31.0,0.0,27.0,2.3548387096774195,2.0,1.0,1.0,3.0,RP,1.6673526845169055,ML
27787,Will Klein,LAD,,52.0,0.0,52.0,,2.7,2.3947,0.0,8.0781,RP,1.666813587128716,Steamer
27474,Max Meyer,MIA,26.0,64.2,12.0,12.0,1.5669781931464175,3.0,5.0,0.0,0.0,SP,1.6652989801809455,ML
19316,Eric Lauer,TOR,30.0,104.2,15.0,28.0,2.1554702495201536,9.0,2.0,0.0,1.0,SP,1.6647577520331724,ML
17556,Jimmy Herget,COL,31.0,83.1,0.0,59.0,2.241877256317689,1.0,2.0,0.0,9.0,RP,1.6643908860104468,ML
23165,Steven Cruz,KCR,26.0,45.2,0.0,47.0,1.8053097345132747,3.0,1.0,0.0,9.0,RP,1.6641319739370022,ML
15094,Rob Zastryzny,MIL,33.0,22.0,1.0,26.0,2.1818181818181817,2.0,1.0,0.0,2.0,SP,1.6612075354381948,ML
17169,Jose Castillo,- - -,29.0,32.0,0.0,29.0,1.375,2.0,2.0,0.0,3.0,RP,1.6610783278610226,ML
21544,Chase Shugart,PIT,28.0,45.0,0.0,35.0,1.8222222222222224,4.0,3.0,0.0,5.0,RP,1.659894582201887,ML
sa3017130,Griff McGarry,WSN,,55.0,0.0,55.0,,2.5926,2.7954,0.0,9.847,RP,1.6598653021261034,Steamer
6107,Huascar Brazoban,NYM,35.0,63.0,3.0,52.0,1.873015873015873,5.0,2.0,2.0,12.0,SP,1.6587233791705438,ML
20794,Manuel Rodriguez,TBR,28.0,30.1,0.0,31.0,2.302325581395349,1.0,2.0,0.0,11.0,RP,1.6573559614980056,ML
30182,Will Warren,NYY,26.0,162.1,33.0,33.0,1.692165330043183,9.0,8.0,0.0,0.0,SP,1.6559725911614662,ML
30055,Cade Povich,BAL,25.0,112.1,20.0,22.0,1.3942908117752004,3.0,8.0,0.0,0.0,SP,1.6549350499036497,ML
25911,Yennier Cano,BAL,31.0,58.0,0.0,65.0,1.293103448275862,3.0,7.0,2.0,17.0,RP,1.6535848469288168,ML
30085,Ben Casparius,LAD,26.0,77.2,3.0,46.0,1.601036269430052,7.0,5.0,2.0,13.0,SP,1.6527828681267855,ML
19274,Jacob Webb,TEX,31.0,66.0,0.0,55.0,2.1818181818181817,5.0,4.0,1.0,7.0,RP,1.6509116085756412,ML
15689,Luis Castillo,SEA,32.0,180.2,32.0,32.0,1.9234184239733625,11.0,8.0,0.0,0.0,SP,1.6497493463113682,ML
17611,Taylor Clarke,KCR,32.0,55.1,0.0,51.0,2.219600725952813,1.0,1.0,1.0,5.0,RP,1.6490374842481488,ML
27572,Carmen Mlodzinski,PIT,26.0,99.0,12.0,34.0,1.808080808080808,5.0,8.0,0.0,3.0,SP,1.648548144197398,ML
3137,Max Scherzer,TOR,40.0,85.0,17.0,17.0,1.5176470588235291,5.0,5.0,0.0,0.0,SP,1.6472733571582177,ML
16507,Dan Altavilla,CHW,32.0,29.0,0.0,28.0,2.0,0.0,1.0,2.0,2.0,RP,1.6467393346680543,ML
24763,Kyle Leahy,STL,28.0,88.0,1.0,62.0,2.0,4.0,2.0,1.0,18.0,SP,1.6466913661143883,ML
13942,Brent Suter,CIN,35.0,67.2,3.0,48.0,1.4821428571428574,1.0,2.0,0.0,0.0,SP,1.6450573725973143,ML
6984,Luis Garcia,- - -,38.0,55.1,0.0,58.0,1.6388384754990928,2.0,2.0,2.0,12.0,RP,1.6433286919265273,ML
16647,Ryan Thompson,ARI,33.0,41.1,0.0,48.0,1.6618004866180052,3.0,2.0,1.0,17.0,RP,1.6430102797099801,ML
24993,Kody Funderburk,MIN,28.0,41.0,0.0,39.0,1.6829268292682926,4.0,1.0,1.0,7.0,RP,1.6423786122676451,ML
5615,Ryan Brasier,CHC,37.0,26.0,1.0,28.0,1.5384615384615383,0.0,1.0,0.0,4.0,SP,1.6421274040590996,ML
30146,Jack Leiter,TEX,25.0,151.2,29.0,29.0,1.835978835978836,10.0,10.0,0.0,0.0,SP,1.6416898849707906,ML
21520,Hogan Harris,ATH,28.0,64.2,0.0,48.0,1.9408099688473524,2.0,1.0,4.0,3.0,RP,1.6387822212957484,ML
sa3020808,Connor Prielipp,MIN,,60.468,3.24,45.24,,3.1566,3.1951,0.0,0.6383,SP,1.6384167193122354,Steamer
21863,George Soriano,MIA,26.0,36.2,0.0,24.0,0.3204419889502768,2.0,0.0,1.0,0.0,RP,1.637612614948507,ML
25377,Brady Singer,CIN,28.0,169.2,32.0,32.0,1.8238770685579195,14.0,12.0,0.0,0.0,SP,1.636251936949151,ML
13346,Hoby Milner,TEX,34.0,70.1,0.0,73.0,1.7018544935805986,3.0,4.0,0.0,18.0,RP,1.6357188707153076,ML
26253,Ryne Nelson,ARI,27.0,154.0,23.0,33.0,2.0324675324675323,7.0,3.0,1.0,0.0,SP,1.6356529791407124,ML
27473,Cade Cavalli,WSN,26.0,48.2,10.0,10.0,1.381742738589212,3.0,1.0,0.0,0.0,SP,1.6350825810916922,ML
16128,John Curtiss,ARI,32.0,36.2,0.0,30.0,1.8397790055248624,3.0,2.0,1.0,3.0,RP,1.63488374377807,ML
26215,Jackson Rutledge,WSN,26.0,73.1,0.0,63.0,1.0848153214774277,4.0,2.0,0.0,3.0,RP,1.6326348127031272,ML
33850,Brandon Sproat,NYM,24.0,20.2,4.0,4.0,1.5148514851485146,0.0,2.0,0.0,0.0,SP,1.6304412154679848,ML
12304,Chris Bassitt,TOR,36.0,170.1,31.0,32.0,1.765432098765432,11.0,9.0,0.0,0.0,SP,1.6288912872744723,ML
27783,Zach Brzykcy,WSN,25.0,23.0,0.0,26.0,0.3043478260869565,0.0,1.0,0.0,0.0,RP,1.6286377428656298,ML
4676,Charlie Morton,- - -,41.0,142.0,27.0,33.0,1.176056338028169,9.0,11.0,0.0,0.0,SP,1.6258665551513247,ML
13619,Jakob Junis,CLE,32.0,66.2,0.0,57.0,1.9274924471299093,4.0,1.0,0.0,6.0,RP,1.6244266909623057,ML
33838,Yariel Rodriguez,TOR,28.0,73.0,1.0,66.0,2.068493150684932,3.0,2.0,2.0,14.0,SP,1.6226176242307202,ML
21420,Yerry De Los Santos,NYY,27.0,35.2,0.0,25.0,1.5227272727272732,0.0,1.0,0.0,3.0,RP,1.621530764105067,ML
17490,Genesis Cabrera,- - -,28.0,42.2,0.0,40.0,0.8436018957345977,0.0,1.0,1.0,3.0,RP,1.6209499249671526,ML
30056,David Festa,MIN,25.0,53.1,10.0,11.0,1.5122410546139362,3.0,4.0,0.0,0.0,SP,1.6190172124993083,ML
19427,Shane Bieber,TOR,30.0,40.1,7.0,7.0,2.102244389027432,4.0,2.0,0.0,0.0,SP,1.6190135477553214,ML
14295,Wandy Peralta,SDP,33.0,71.2,1.0,71.0,1.8342696629213489,6.0,1.0,0.0,4.0,SP,1.6184281842985526,ML
15440,Matthew Boyd,CHC,34.0,179.2,31.0,31.0,2.051339285714285,14.0,8.0,0.0,0.0,SP,1.6179539434009944,ML
22915,Carlos Vargas,SEA,25.0,77.0,0.0,70.0,1.4675324675324677,5.0,5.0,1.0,14.0,RP,1.6173260185788465,ML
26214,Chris Murphy,BOS,27.0,34.2,0.0,23.0,1.9766081871345036,3.0,0.0,0.0,1.0,RP,1.6169009619443286,ML
17639,Justin Lawrence,PIT,,58.0,0.0,58.0,,2.8387,2.8436,1.073,11.5724,RP,1.6139442958124197,Steamer
26790,Angel Chivilli,COL,22.0,58.2,0.0,43.0,0.4570446735395193,1.0,5.0,0.0,1.0,RP,1.6137968505197522,ML
11384,Tommy Kahnle,DET,35.0,63.0,0.0,66.0,1.507936507936508,1.0,5.0,9.0,16.0,RP,1.6117773698605529,ML
20629,Tyler Phillips,MIA,27.0,77.2,1.0,54.0,1.8989637305699485,2.0,1.0,4.0,8.0,SP,1.6057081111144447,ML
29754,Sam Bachman,LAA,25.0,20.1,0.0,23.0,0.9104477611940304,2.0,3.0,0.0,2.0,RP,1.6045457498199567,ML
22543,Taj Bradley,- - -,24.0,142.2,27.0,27.0,1.4528832630098447,6.0,8.0,0.0,0.0,SP,1.602427742595099,ML
13892,Paul Sewald,ARI,,58.0,0.0,58.0,,2.8177,2.8646,7.909,9.9785,RP,1.6024018308909138,Steamer
12972,Joe Ross,PHI,32.0,51.0,1.0,37.0,1.156862745098039,2.0,1.0,0.0,0.0,SP,1.599836572176571,ML
17964,Tyler Gilbert,CHW,31.0,51.0,5.0,46.0,1.843137254901961,4.0,2.0,1.0,5.0,SP,1.5995250948309847,ML
27756,Mick Abel,- - -,23.0,39.0,8.0,10.0,1.1025641025641026,3.0,4.0,0.0,0.0,SP,1.5975311489170716,ML
29519,Gordon Graceffo,STL,25.0,43.0,0.0,26.0,1.069767441860465,3.0,1.0,1.0,0.0,RP,1.5968211499697502,ML
22717,Angel Zerpa,KCR,25.0,64.2,2.0,69.0,1.5825545171339566,5.0,2.0,0.0,14.0,SP,1.59379345797963,ML
16432,Foster Griffin,WSN,,125.808,19.44,34.44,,7.1141,7.7712,0.0,0.651,SP,1.5903470600056255,Steamer
21584,Tristan Beck,SFG,29.0,56.2,1.0,31.0,1.5765124555160146,1.0,0.0,2.0,3.0,SP,1.5855877485177143,ML
29812,Robert Gasser,MIL,,89.1128,11.34,37.34,,4.9351,5.351,0.0,0.6236,SP,1.584208775843908,Steamer
22284,Matt Sauer,LAD,26.0,29.2,1.0,10.0,0.9109589041095888,2.0,1.0,1.0,0.0,SP,1.5838026706228197,ML
14542,Carlos Estevez,KCR,32.0,66.0,0.0,67.0,2.212121212121212,4.0,5.0,42.0,0.0,RP,1.583531999051873,ML
11752,Luke Jackson,- - -,33.0,51.0,0.0,52.0,1.4901960784313726,2.0,5.0,9.0,4.0,RP,1.5827518255526138,ML
20353,Steven Wilson,CHW,30.0,55.1,0.0,59.0,1.856624319419238,2.0,2.0,2.0,9.0,RP,1.5824402601407925,ML
13652,Tayler Scott,- - -,33.0,27.1,0.0,24.0,0.1955719557195576,1.0,2.0,0.0,3.0,RP,1.581743945876262,ML
15541,Tyler Rogers,- - -,34.0,77.1,0.0,81.0,2.234760051880674,4.0,6.0,0.0,32.0,RP,1.5811284757036441,ML
31807,Troy Melton,DET,24.0,45.2,4.0,16.0,2.1592920353982303,3.0,2.0,0.0,2.0,SP,1.5795373000511093,ML
15145,Justin Topa,MIN,34.0,60.0,1.0,54.0,1.5166666666666666,1.0,5.0,4.0,4.0,SP,1.5788110638870962,ML
27782,Brandon Pfaadt,ARI,26.0,176.2,33.0,33.0,1.3314415437003402,13.0,9.0,0.0,0.0,SP,1.5762306186899009,ML
27453,Anthony Veneziano,- - -,27.0,25.0,1.0,26.0,1.4,0.0,0.0,0.0,4.0,SP,1.5752438463814498,ML
24977,Shawn Dubin,- - -,29.0,33.2,0.0,30.0,1.2530120481927711,2.0,0.0,0.0,8.0,RP,1.5745174403980045,ML
13050,Anthony DeSclafani,ARI,35.0,38.2,4.0,13.0,1.5078534031413615,1.0,2.0,2.0,1.0,SP,1.5727910580449618,ML
21306,Jacob Latz,TEX,29.0,85.2,8.0,33.0,2.014084507042253,2.0,0.0,1.0,1.0,SP,1.5701997780211776,ML
31815,Cade Gibson,MIA,27.0,54.2,1.0,44.0,2.003690036900369,4.0,5.0,0.0,4.0,SP,1.5687588609948826,ML
24604,Austin Cox,ATL,28.0,21.1,1.0,13.0,0.2985781990521332,0.0,0.0,0.0,2.0,SP,1.568702897505869,ML
19291,Zac Gallen,ARI,29.0,192.0,33.0,33.0,1.578125,13.0,15.0,0.0,0.0,SP,1.5677702210456357,ML
31687,Shane Smith,CHW,25.0,146.1,29.0,29.0,1.9459274469541408,7.0,8.0,0.0,0.0,SP,1.5672217251315634,ML
19388,Tony Gonsolin,LAD,31.0,36.0,7.0,7.0,1.5277777777777777,3.0,2.0,0.0,0.0,SP,1.5656588345994307,ML
12791,Michael Kelly,ATH,32.0,39.2,0.0,42.0,1.7244897959183678,4.0,4.0,2.0,7.0,RP,1.5640938248650065,ML
14527,Jorge Lopez,WSN,32.0,24.2,0.0,26.0,0.8925619834710742,6.0,0.0,1.0,5.0,RP,1.5636022326110024,ML
31635,Hayden Birdsong,SFG,23.0,65.2,10.0,21.0,1.4662576687116566,4.0,4.0,0.0,3.0,SP,1.5627418754900275,ML
22100,Jose Soriano,LAA,26.0,169.0,31.0,31.0,1.5562130177514792,10.0,11.0,0.0,0.0,SP,1.557010004452939,ML
17192,Jalen Beeks,ARI,31.0,57.1,2.0,61.0,1.896672504378284,5.0,3.0,1.0,14.0,SP,1.550892397998755,ML
10315,Michael Tonkin,MIN,35.0,24.0,0.0,21.0,1.5416666666666667,2.0,1.0,0.0,2.0,RP,1.5472313100906763,ML
14739,Paul Blackburn,- - -,31.0,39.0,4.0,15.0,0.9743589743589745,0.0,3.0,1.0,0.0,SP,1.5445634245739917,ML
27597,Cody Bradford,TEX,,73.6916,8.1,36.1,,3.9845,4.3235,0.0,0.6589,SP,1.5439929965762536,Steamer
30226,Spencer Bivens,SFG,31.0,81.0,0.0,54.0,1.530864197530864,4.0,3.0,3.0,4.0,RP,1.5397087182102618,ML
26048,Sawyer Gipson-Long,DET,27.0,31.1,3.0,8.0,0.9421221864951772,0.0,2.0,0.0,1.0,SP,1.5389037088410304,ML
25977,Quinn Priester,MIL,24.0,157.1,24.0,29.0,1.8605983450031824,13.0,3.0,0.0,0.0,SP,1.5371336128749338,ML
19736,Caleb Boushley,TEX,31.0,43.1,1.0,25.0,1.0278422273781904,0.0,0.0,1.0,0.0,SP,1.5361530730229283,ML
31508,Caden Dana,LAA,21.0,32.1,5.0,7.0,1.0996884735202497,0.0,4.0,0.0,0.0,SP,1.5359014537486906,ML
30105,Mike Vasil,CHW,25.0,101.0,3.0,47.0,2.00990099009901,5.0,3.0,4.0,2.0,SP,1.5353603265112878,ML
20633,Yusei Kikuchi,LAA,34.0,178.1,33.0,33.0,1.6636720943290284,7.0,11.0,0.0,0.0,SP,1.5292017298169427,ML
21224,Bailey Ober,MIN,29.0,146.1,27.0,27.0,1.38466803559206,6.0,9.0,0.0,0.0,SP,1.5287160100050576,ML
12447,Seth Lugo,KCR,35.0,145.1,26.0,26.0,1.6423156443831837,8.0,7.0,0.0,0.0,SP,1.528632989786502,ML
31872,Cade Horton,CHC,23.0,118.0,22.0,23.0,2.1440677966101696,11.0,4.0,0.0,0.0,SP,1.5276800699670967,ML
19350,Dean Kremer,BAL,29.0,171.2,29.0,31.0,1.6799065420560744,11.0,10.0,0.0,0.0,SP,1.5236792039028255,ML
13761,Chris Stratton,- - -,34.0,21.0,0.0,15.0,0.3333333333333333,0.0,0.0,0.0,0.0,RP,1.5214995198613697,ML
30076,Landen Roupp,SFG,26.0,106.2,22.0,22.0,1.625235404896422,7.0,7.0,0.0,0.0,SP,1.5207881459643218,ML
27581,Hayden Wesneski,HOU,27.0,32.0,6.0,6.0,1.8125,1.0,3.0,0.0,0.0,SP,1.519329284269614,ML
17735,Tyler Alexander,- - -,30.0,97.2,5.0,52.0,1.3230452674897122,5.0,14.0,1.0,3.0,SP,1.5173616591126053,ML
33628,Mitch Farris,LAA,24.0,24.1,5.0,5.0,1.0497925311203324,1.0,3.0,0.0,0.0,SP,1.5172517113546895,ML
13361,Steven Matz,- - -,34.0,76.2,2.0,53.0,1.9895013123359584,5.0,2.0,2.0,13.0,SP,1.517173459711322,ML
17594,Mitch Keller,PIT,29.0,176.1,32.0,32.0,1.6598523566155592,6.0,15.0,0.0,0.0,SP,1.5149749088601965,ML
17381,Matt Gage,- - -,32.0,31.0,2.0,33.0,1.6451612903225807,0.0,1.0,0.0,2.0,SP,1.514734797450925,ML
19618,Jordan Hicks,- - -,28.0,67.1,9.0,34.0,0.6453055141579725,2.0,7.0,2.0,2.0,SP,1.514692785927242,ML
11156,Merrill Kelly,- - -,36.0,184.0,32.0,32.0,2.010869565217391,12.0,9.0,0.0,0.0,SP,1.5146428105244838,ML
21052,Luis Gil,NYY,27.0,57.0,11.0,11.0,1.5789473684210529,4.0,1.0,0.0,0.0,SP,1.514113570733576,ML
24581,Lyon Richardson,CIN,25.0,37.2,0.0,34.0,1.2258064516129037,0.0,3.0,0.0,3.0,RP,1.5135201578518513,ML
19320,Joey Lucchesi,SFG,32.0,38.1,0.0,38.0,1.7401574803149609,0.0,1.0,0.0,6.0,RP,1.512316297396871,ML
20302,David Peterson,NYM,29.0,168.2,30.0,30.0,1.5790725326991673,9.0,6.0,0.0,0.0,SP,1.5096306467911835,ML
18311,Carson Fulmer,LAA,31.0,29.1,0.0,13.0,1.350515463917526,0.0,0.0,0.0,0.0,RP,1.5095755158538506,ML
20492,Casey Mize,DET,28.0,149.0,28.0,28.0,1.8053691275167785,14.0,6.0,0.0,0.0,SP,1.509328896256395,ML
18684,Sandy Alcantara,MIA,29.0,174.2,31.0,31.0,1.3467278989667044,11.0,12.0,0.0,0.0,SP,1.5090558161325789,ML
20000,Tyler Wells,BAL,30.0,21.2,4.0,4.0,2.292452830188679,2.0,1.0,0.0,0.0,SP,1.5087464245982583,ML
7836,Hunter Strickland,LAA,36.0,22.0,0.0,19.0,1.681818181818182,1.0,2.0,1.0,2.0,RP,1.5070516402330998,ML
16835,Brennan Bernardino,BOS,33.0,51.2,3.0,55.0,1.8671875000000004,4.0,3.0,1.0,2.0,SP,1.5048073088155276,ML
22361,Colin Holderman,PIT,29.0,25.2,0.0,24.0,0.1428571428571426,0.0,2.0,1.0,2.0,RP,1.5046540396203885,ML
17578,JT Brubaker,- - -,31.0,28.2,1.0,17.0,1.6879432624113473,0.0,0.0,0.0,0.0,SP,1.50394976036673,ML
22253,Sean Reynolds,SDP,27.0,27.0,1.0,19.0,1.3703703703703705,0.0,1.0,0.0,2.0,SP,1.5035051757494342,ML
29628,Alek Jacob,SDP,27.0,33.1,0.0,29.0,1.0362537764350457,1.0,0.0,0.0,2.0,RP,1.5028128965249583,ML
sa3007778,Ryan Weiss,HOU,,89.404,9.72,43.72,,4.8246,5.2187,0.0,0.6545,SP,1.502465835551574,Steamer
13649,Clay Holmes,NYM,32.0,165.2,31.0,33.0,1.6864406779661012,12.0,8.0,0.0,0.0,SP,1.501584362105899,ML
30203,Jackson Jobe,DET,22.0,49.0,10.0,10.0,1.3673469387755102,4.0,1.0,0.0,0.0,SP,1.5014592713270893,ML
30179,Pierson Ohl,MIN,25.0,30.0,3.0,14.0,1.2666666666666666,0.0,3.0,0.0,1.0,SP,1.49761457104585,ML
31838,Kodai Senga,NYM,32.0,113.1,22.0,22.0,1.974358974358974,7.0,6.0,0.0,0.0,SP,1.4965470803237078,ML
22051,John King,STL,30.0,48.1,0.0,51.0,0.9002079002079004,2.0,1.0,0.0,3.0,RP,1.4952466513132716,ML
29911,Andrew Abbott,CIN,26.0,166.1,29.0,29.0,2.108970499698976,10.0,7.0,0.0,0.0,SP,1.4950906020817774,ML
27779,Bryce Elder,ATL,26.0,156.1,28.0,28.0,1.2639333760409992,8.0,11.0,0.0,0.0,SP,1.4942674377695724,ML
26203,Andrew Saalfrank,ARI,27.0,29.0,0.0,28.0,2.3793103448275863,2.0,1.0,3.0,5.0,RP,1.4935806178586972,ML
14120,Lance McCullers Jr.,HOU,31.0,55.1,13.0,16.0,0.840290381125227,2.0,5.0,0.0,0.0,SP,1.4929559684755356,ML
30184,Noah Cameron,KCR,25.0,138.1,24.0,24.0,2.058653149891383,9.0,7.0,0.0,0.0,SP,1.4909467889680883,ML
24494,Simeon Woods Richardson,MIN,24.0,111.1,22.0,23.0,1.784878487848785,7.0,4.0,0.0,0.0,SP,1.490354129978233,ML
23426,Max Lazar,PHI,26.0,41.1,0.0,36.0,1.2725060827250612,1.0,1.0,1.0,1.0,RP,1.4894243181675866,ML
sa3062955,Tatsuya Imai,HOU,,152.928,25.92,25.92,,8.7337,9.4496,0.0,0.0,SP,1.4890871298542994,Steamer
25379,Sam Long,KCR,29.0,40.1,0.0,39.0,0.8802992518703244,2.0,3.0,0.0,1.0,RP,1.4886832449515706,ML
30240,Hunter Dobbins,BOS,25.0,61.0,11.0,13.0,1.540983606557377,4.0,1.0,0.0,0.0,SP,1.4882025564691845,ML
30160,Richard Fitts,BOS,25.0,45.0,10.0,11.0,1.4666666666666666,2.0,4.0,0.0,0.0,SP,1.4869736686712647,ML
14309,Frankie Montas,NYM,32.0,38.2,7.0,9.0,0.8010471204188487,3.0,2.0,0.0,0.0,SP,1.4852330744410294,ML
27487,Landon Knack,LAD,27.0,42.1,7.0,10.0,1.5035629453681711,3.0,2.0,1.0,0.0,SP,1.4820394554405174,ML
27707,Mitch Spence,ATH,27.0,84.2,8.0,32.0,1.1947743467933494,3.0,6.0,1.0,4.0,SP,1.480626591416424,ML
29921,Spencer Arrighetti,HOU,25.0,35.1,7.0,7.0,1.2621082621082624,1.0,5.0,0.0,0.0,SP,1.4784889371162904,ML
16502,Ryan Yarbrough,NYY,33.0,64.0,8.0,19.0,1.6875,3.0,1.0,1.0,0.0,SP,1.4759069067015553,ML
sa3020707,Robby Snelling,MIA,,92.34,16.2,16.2,,5.276,5.9044,0.0,0.0,SP,1.4752078977608827,Steamer
31972,Brad Lord,WSN,25.0,130.2,19.0,48.0,1.563748079877112,5.0,10.0,0.0,7.0,SP,1.4746805752266912,ML
33174,Hunter Barco,PIT,,99.872,12.96,38.96,,5.4546,6.0413,0.0,0.6612,SP,1.4738840442275372,Steamer
19867,Griffin Canning,NYM,29.0,76.1,16.0,16.0,1.6990801576872532,7.0,3.0,0.0,0.0,SP,1.4738171269891258,ML
27477,Bryce Jarvis,ARI,27.0,22.0,0.0,12.0,1.181818181818182,0.0,0.0,1.0,1.0,RP,1.4710914346381097,ML
17874,Nestor Cortes,- - -,30.0,34.1,8.0,8.0,0.8005865102639299,2.0,4.0,0.0,0.0,SP,1.469367029864277,ML
17677,Jeffrey Springs,ATH,32.0,171.0,30.0,32.0,1.6842105263157894,11.0,11.0,0.0,0.0,SP,1.4690847270336895,ML
15043,Lou Trivino,- - -,33.0,47.2,2.0,47.0,1.538135593220339,3.0,2.0,0.0,5.0,SP,1.4688686473263608,ML
26440,Ryan Gusto,- - -,26.0,101.2,17.0,27.0,1.2114624505928857,7.0,7.0,0.0,0.0,SP,1.4683708349745184,ML
31843,Kumar Rocker,TEX,25.0,64.1,14.0,14.0,1.12792511700468,4.0,5.0,0.0,0.0,SP,1.4672668155667483,ML
19716,Dustin May,- - -,27.0,132.1,23.0,25.0,1.4027252081756243,7.0,11.0,0.0,0.0,SP,1.4661577916070798,ML
19646,Kyle Hart,SDP,32.0,43.0,6.0,20.0,1.372093023255814,3.0,3.0,0.0,2.0,SP,1.4658317674417753,ML
8700,Justin Verlander,SFG,42.0,152.0,29.0,29.0,1.6842105263157894,4.0,11.0,0.0,0.0,SP,1.4568321263955915,ML
27500,Slade Cecconi,CLE,26.0,132.0,23.0,23.0,1.681818181818182,7.0,7.0,0.0,0.0,SP,1.4565296159778693,ML
19409,Dane Dunning,- - -,30.0,20.2,0.0,12.0,0.9207920792079204,0.0,0.0,2.0,0.0,RP,1.454309484264723,ML
2036,Clayton Kershaw,LAD,37.0,112.2,22.0,23.0,1.7789661319073085,11.0,2.0,0.0,0.0,SP,1.454211739353557,ML
19479,Aaron Civale,- - -,30.0,102.0,18.0,23.0,1.5196078431372548,4.0,9.0,1.0,0.0,SP,1.4495364394753125,ML
33829,Shota Imanaga,CHC,31.0,144.2,25.0,25.0,1.9875173370319,9.0,8.0,0.0,0.0,SP,1.4484798817635682,ML
22304,Brenan Hanifee,DET,27.0,60.0,0.0,54.0,1.6833333333333331,3.0,3.0,0.0,10.0,RP,1.4471023078543237,ML
23301,Janson Junk,MIA,29.0,110.0,16.0,21.0,1.6363636363636365,6.0,4.0,1.0,0.0,SP,1.4462362462893628,ML
29837,Bryce Miller,SEA,26.0,90.1,18.0,18.0,1.1465038845726965,4.0,6.0,0.0,0.0,SP,1.4406016133447797,ML
29863,Ryan Bergert,- - -,25.0,76.1,15.0,19.0,1.8830486202365304,2.0,2.0,0.0,0.0,SP,1.439047142586908,ML
22630,Keider Montero,DET,24.0,90.2,12.0,20.0,1.4257206208425723,5.0,3.0,0.0,0.0,SP,1.438608559601942,ML
23920,Brayan Bello,BOS,26.0,166.2,28.0,29.0,1.7605294825511428,11.0,9.0,0.0,0.0,SP,1.4376562685220409,ML
32227,Luis Morales,ATH,22.0,48.2,9.0,10.0,2.0248962655601663,4.0,3.0,0.0,0.0,SP,1.4371943631306197,ML
14843,Michael Lorenzen,KCR,33.0,141.2,26.0,27.0,1.53399433427762,7.0,11.0,0.0,0.0,SP,1.4358118468578285,ML
35324,Shinnosuke Ogasawara,WSN,27.0,38.2,2.0,23.0,0.6439790575916235,1.0,1.0,0.0,1.0,SP,1.4341924827653596,ML
26079,Beau Brieske,DET,27.0,22.0,1.0,22.0,0.6363636363636364,1.0,3.0,1.0,5.0,SP,1.4328991207057684,ML
14168,Jose Berrios,TOR,31.0,166.0,30.0,31.0,1.6024096385542168,9.0,5.0,0.0,0.0,SP,1.4327448046113005,ML
23135,Eduardo Salazar,WSN,27.0,29.0,0.0,30.0,-0.2413793103448276,0.0,1.0,0.0,2.0,RP,1.4322592209009979,ML
21649,Luis Medina,ATH,,97.1237,11.34,45.34,,5.2823,5.7908,0.0,0.638,SP,1.431890607882992,Steamer
29878,Sean Burke,CHW,25.0,134.1,22.0,28.0,1.6055182699478,4.0,11.0,0.0,0.0,SP,1.4318801843786269,ML
16358,Tyler Mahle,TEX,30.0,86.2,16.0,16.0,2.141531322505801,6.0,4.0,0.0,0.0,SP,1.4303281705131967,ML
35323,Roki Sasaki,LAD,23.0,36.1,8.0,10.0,1.3379501385041557,1.0,1.0,0.0,2.0,SP,1.4290008995724306,ML
30004,McCade Brown,COL,24.0,25.2,7.0,7.0,0.3809523809523807,0.0,5.0,0.0,0.0,SP,1.4288445598535495,ML
20548,Bowden Francis,TOR,29.0,64.0,14.0,14.0,0.96875,2.0,8.0,0.0,0.0,SP,1.4280765601762504,ML
22207,DL Hall,MIL,26.0,38.2,3.0,20.0,1.8481675392670165,1.0,0.0,0.0,1.0,SP,1.427671187020029,ML
14916,Jon Gray,,,62.9779,11.34,11.34,,3.5886,4.1439,0.0,0.0,SP,1.4266102512508754,Steamer
21448,Davis Martin,CHW,28.0,142.2,25.0,26.0,1.5232067510548517,7.0,10.0,0.0,0.0,SP,1.4248974987346599,ML
27819,Brandon Young,BAL,26.0,57.2,12.0,12.0,0.8671328671328675,1.0,7.0,0.0,0.0,SP,1.424323160612057,ML
33482,Chase Dollander,COL,23.0,98.0,21.0,21.0,0.8367346938775511,2.0,12.0,0.0,0.0,SP,1.4242624679998905,ML
16427,Scott Blewett,- - -,29.0,44.1,2.0,26.0,1.140589569160998,3.0,0.0,0.0,0.0,SP,1.4234386902172527,ML
22872,Yoendrys Gomez,- - -,25.0,62.2,9.0,21.0,1.3762057877813507,3.0,3.0,1.0,0.0,SP,1.4231478392881594,ML
22191,Tobias Myers,MIL,26.0,50.2,6.0,22.0,1.5856573705179289,1.0,2.0,0.0,1.0,SP,1.4190991503597403,ML
31312,Colton Gordon,HOU,26.0,86.0,14.0,20.0,1.2325581395348837,6.0,4.0,1.0,0.0,SP,1.4166361575390547,ML
26448,Trevor McDonald,SFG,,62.4786,8.1,24.1,,3.3948,3.784,0.0,0.6709,SP,1.4163422515713302,Steamer
31261,Chris Roycroft,STL,28.0,20.2,0.0,20.0,0.0792079207920789,1.0,3.0,0.0,2.0,RP,1.41460921983061,ML
23150,Osvaldo Bido,ATH,29.0,79.2,10.0,26.0,0.9292929292929296,2.0,5.0,1.0,0.0,SP,1.4142951221640105,ML
12317,Colin Rea,CHC,34.0,159.1,27.0,32.0,1.6675047140163417,11.0,7.0,1.0,0.0,SP,1.4094510152535953,ML
13164,Eduardo Rodriguez,ARI,32.0,154.1,29.0,29.0,1.2673588578844903,9.0,9.0,0.0,0.0,SP,1.4088858016557682,ML
30002,Grant Holman,ATH,25.0,23.0,2.0,22.0,1.0869565217391304,4.0,2.0,0.0,3.0,SP,1.4074879807630527,ML
14078,Michael Wacha,KCR,33.0,172.2,31.0,31.0,1.646922183507549,10.0,13.0,0.0,0.0,SP,1.4044442839111044,ML
16814,Tim Hill,NYY,35.0,67.0,0.0,70.0,1.7611940298507462,4.0,4.0,0.0,15.0,RP,1.4029593211766402,ML
9323,Patrick Corbin,TEX,35.0,155.1,30.0,31.0,1.4977433913604123,7.0,11.0,0.0,0.0,SP,1.402825741507345,ML
17606,Cristian Javier,HOU,28.0,37.0,8.0,8.0,1.6216216216216215,2.0,4.0,0.0,0.0,SP,1.401716763617798,ML
11674,Jameson Taillon,CHC,33.0,129.2,23.0,23.0,1.8777089783281733,11.0,7.0,0.0,0.0,SP,1.4006811665899515,ML
21537,Daniel Lynch IV,KCR,28.0,67.2,2.0,57.0,1.6160714285714288,6.0,2.0,1.0,7.0,SP,1.3978356405653292,ML
21446,Ryan Feltner,COL,28.0,30.1,6.0,6.0,1.2724252491694354,0.0,2.0,0.0,0.0,SP,1.3936962441092988,ML
19666,Jason Alexander,- - -,32.0,77.1,13.0,18.0,1.4046692607003886,4.0,2.0,1.0,0.0,SP,1.3930847671676423,ML
29960,AJ Smith-Shawver,ATL,22.0,44.1,9.0,9.0,1.6621315192743766,3.0,2.0,0.0,0.0,SP,1.392638353820837,ML
31730,Jonathan Cannon,CHW,24.0,103.2,17.0,22.0,1.042635658914729,4.0,10.0,0.0,0.0,SP,1.3918342066223326,ML
31552,Zach Agnos,COL,24.0,31.1,0.0,30.0,0.5884244372990357,1.0,3.0,4.0,3.0,RP,1.3913994199628796,ML
12730,Nick Martinez,CIN,34.0,165.2,26.0,40.0,1.498789346246973,11.0,14.0,0.0,5.0,SP,1.3907192137708995,ML
15890,Luis Severino,ATH,31.0,162.2,29.0,29.0,1.44636251541307,8.0,11.0,0.0,0.0,SP,1.390134390878261,ML
15474,Lucas Giolito,BOS,30.0,145.0,26.0,26.0,1.7862068965517242,10.0,4.0,0.0,0.0,SP,1.3872601867898475,ML
15423,Andrew Heaney,- - -,34.0,122.1,23.0,27.0,1.0917280917280914,5.0,10.0,0.0,0.0,SP,1.3830775914854798,ML
30180,Travis Adams,MIN,25.0,33.2,2.0,18.0,0.5602409638554223,1.0,4.0,0.0,2.0,SP,1.3814377335143453,ML
19962,Joey Wentz,- - -,27.0,98.0,13.0,39.0,1.1326530612244898,5.0,7.0,0.0,0.0,SP,1.3806206857955305,ML
16256,Kyle Freeland,COL,32.0,162.2,31.0,31.0,1.2305795314426629,5.0,17.0,0.0,0.0,SP,1.377929053832913,ML
29914,Andrew Alvarez,WSN,26.0,23.1,5.0,5.0,2.220779220779221,1.0,1.0,0.0,0.0,SP,1.3769510324086625,ML
26058,Easton Lucas,TOR,28.0,24.1,5.0,6.0,0.9253112033195025,3.0,3.0,0.0,0.0,SP,1.3758429095539886,ML
22294,Matthew Liberatore,STL,25.0,151.2,29.0,29.0,1.5582010582010577,8.0,12.0,0.0,0.0,SP,1.3755739531944116,ML
23429,JP Sears,- - -,29.0,135.2,27.0,27.0,1.4171597633136088,9.0,11.0,0.0,0.0,SP,1.375088870566646,ML
33876,Rhett Lowder,CIN,,88.172,11.34,35.34,,4.6204,5.5421,0.0,0.6505,SP,1.3743238505258497,Steamer
31741,Mason Barnett,ATH,24.0,22.1,5.0,5.0,0.6018099547511317,1.0,1.0,0.0,0.0,SP,1.3711656908702547,ML
16977,Trevor Williams,WSN,33.0,82.2,17.0,17.0,0.8588807785888081,3.0,10.0,0.0,0.0,SP,1.3628302641934569,ML
27669,Tanner Gordon,COL,27.0,75.1,15.0,15.0,0.909454061251664,6.0,8.0,0.0,0.0,SP,1.3605244436371335,ML
13528,Matt Bowman,BAL,34.0,24.2,0.0,20.0,0.8099173553719006,0.0,1.0,0.0,0.0,RP,1.3583717270808662,ML
26952,Anthony Molina,COL,23.0,34.2,1.0,17.0,0.3684210526315791,1.0,1.0,0.0,0.0,SP,1.357795961075934,ML
26171,Connor Gillispie,MIA,27.0,26.0,6.0,6.0,0.3076923076923077,0.0,3.0,0.0,0.0,SP,1.3570450736095694,ML
18347,Brandon Waddell,NYM,31.0,31.1,1.0,11.0,1.6495176848874602,0.0,0.0,0.0,1.0,SP,1.349494827438541,ML
14932,Ben Lively,CLE,33.0,44.2,9.0,9.0,1.7330316742081453,2.0,2.0,0.0,0.0,SP,1.3410339342229343,ML
20387,Anthony Kay,CHW,,129.276,22.68,22.68,,7.0818,8.5863,0.0,0.0,SP,1.3385737477064998,Steamer
13774,Zach Eflin,BAL,31.0,71.1,14.0,14.0,0.9606188466947956,6.0,5.0,0.0,0.0,SP,1.3330978486860487,ML
12880,Tyler Anderson,LAA,35.0,136.1,26.0,26.0,1.339456282145481,2.0,8.0,0.0,0.0,SP,1.3326215969361395,ML
30084,Carson Seymour,SFG,26.0,36.0,3.0,16.0,1.2777777777777777,1.0,3.0,0.0,1.0,SP,1.329408668714472,ML
12718,Adrian Houser,- - -,32.0,125.0,21.0,21.0,1.72,8.0,5.0,0.0,0.0,SP,1.324369623842475,ML
21504,Jake Irvin,WSN,28.0,180.0,33.0,33.0,0.9944444444444444,9.0,13.0,0.0,0.0,SP,1.3217212369330933,ML
6902,Martin Perez,CHW,34.0,56.0,10.0,11.0,1.8928571428571428,1.0,6.0,0.0,0.0,SP,1.314028789181831,ML
20099,Chris Paddack,- - -,29.0,158.0,28.0,33.0,1.2341772151898731,5.0,12.0,1.0,0.0,SP,1.3096836784725545,ML
15823,Zack Littell,- - -,29.0,186.2,32.0,32.0,1.74328678839957,10.0,8.0,0.0,0.0,SP,1.2999435744850754,ML
27589,Logan Allen,CLE,26.0,156.2,29.0,30.0,1.4314980793854029,8.0,11.0,0.0,0.0,SP,1.295910914179057,ML
26108,Andre Pallante,STL,26.0,162.2,31.0,31.0,1.0517879161528971,6.0,15.0,0.0,0.0,SP,1.2946747914504368,ML
17732,Nabil Crismatt,ARI,30.0,34.0,5.0,8.0,1.4705882352941178,3.0,0.0,0.0,0.0,SP,1.2941339686277702,ML
19879,Tanner Houck,BOS,29.0,43.2,9.0,9.0,0.2222222222222227,0.0,3.0,0.0,0.0,SP,1.291233884111432,ML
21487,Stephen Kolek,- - -,28.0,112.2,19.0,19.0,1.75222816399287,5.0,7.0,0.0,0.0,SP,1.282932547212871,ML
31676,Carson Whisenhunt,SFG,24.0,23.1,5.0,5.0,1.0952380952380956,2.0,1.0,0.0,0.0,SP,1.2824132488792006,ML
23899,Valente Bellozo,MIA,25.0,81.1,6.0,32.0,1.298397040690505,1.0,4.0,0.0,1.0,SP,1.2792060788199857,ML
13431,Marcus Stroman,NYY,34.0,39.0,9.0,9.0,0.7435897435897436,3.0,2.0,0.0,0.0,SP,1.2777460983652835,ML
33699,Logan Evans,SEA,24.0,81.1,15.0,16.0,1.3723797780517877,6.0,5.0,0.0,0.0,SP,1.2749568401209894,ML
31612,Carson Palmquist,COL,24.0,34.1,7.0,9.0,-0.2551319648093838,0.0,4.0,0.0,0.0,SP,1.2711885180046734,ML
6632,Carlos Carrasco,- - -,38.0,45.2,9.0,11.0,0.4336283185840712,2.0,2.0,0.0,0.0,SP,1.2697740187205402,ML
7005,Ryan Pressly,CHC,36.0,41.1,0.0,44.0,1.175182481751825,2.0,3.0,5.0,7.0,RP,1.2605453131584368,ML
26410,Alek Manoah,LAA,,107.795,19.44,19.44,,5.3877,7.8972,0.0,0.0,SP,1.2534831483258286,Steamer
9803,Miles Mikolas,STL,36.0,156.1,31.0,31.0,1.2447149263292758,8.0,11.0,0.0,0.0,SP,1.248725790426038,ML
11423,Jose Quintana,MIL,36.0,131.2,24.0,24.0,1.4984756097560974,11.0,7.0,0.0,0.0,SP,1.2428416591165368,ML
27470,Emerson Hancock,SEA,26.0,90.0,16.0,22.0,1.2444444444444445,4.0,5.0,0.0,0.0,SP,1.2424945847540148,ML
sa3017880,Andrew Painter,PHI,,114.574,17.82,30.82,,6.1169,7.472,0.0,0.6346,SP,1.2419372371451751,Steamer
18694,Kolby Allard,CLE,27.0,65.0,2.0,33.0,1.8615384615384616,2.0,2.0,0.0,3.0,SP,1.2406521133198338,ML
11589,Jose Urena,- - -,33.0,55.0,6.0,19.0,1.1454545454545455,0.0,1.0,1.0,0.0,SP,1.2382252140843004,ML
20070,Bailey Falter,- - -,28.0,125.1,24.0,26.0,1.3693045563549158,7.0,7.0,0.0,0.0,SP,1.2268852215343269,ML
17871,Ian Gibaut,CIN,31.0,25.1,0.0,25.0,1.2071713147410363,0.0,1.0,0.0,3.0,RP,1.218057313367515,ML
19374,Walker Buehler,- - -,30.0,126.0,24.0,26.0,1.119047619047619,10.0,7.0,0.0,0.0,SP,1.2120873938586165,ML
21741,Javier Assad,CHC,27.0,37.0,7.0,8.0,1.5945945945945943,4.0,1.0,0.0,0.0,SP,1.2095601803138978,ML
35321,Tomoyuki Sugano,BAL,35.0,157.0,30.0,30.0,1.3121019108280254,10.0,10.0,0.0,0.0,SP,1.1962214011578598,ML
24580,Josiah Gray,WSN,,118.075,21.06,21.06,,5.5085,8.9776,0.0,0.0,SP,1.1961348722207794,Steamer
11836,Taijuan Walker,PHI,32.0,123.2,21.0,34.0,1.3766233766233769,5.0,8.0,1.0,2.0,SP,1.1948901867412374,ML
18413,José Urquidy,PIT,,100.22,14.58,32.58,,4.8865,6.9221,0.0,0.6612,SP,1.1919608627694178,Steamer
19312,Cal Quantrill,- - -,30.0,117.2,26.0,26.0,0.9180887372013654,4.0,12.0,0.0,0.0,SP,1.1878738418985557,ML
19264,Thomas Hatch,- - -,30.0,34.0,1.0,12.0,0.6764705882352942,2.0,1.0,0.0,0.0,SP,1.1762531740437454,ML
12049,Kyle Hendricks,LAA,35.0,164.2,31.0,31.0,1.3556638246041408,8.0,10.0,0.0,0.0,SP,1.1755131010480755,ML
19990,Bryse Wilson,CHW,27.0,47.1,5.0,20.0,0.2823779193205947,0.0,2.0,0.0,0.0,SP,1.1625981551462574,ML
29869,Michael McGreevy,STL,24.0,95.2,16.0,17.0,1.3613445378151263,8.0,4.0,0.0,0.0,SP,1.154857761652866,ML
31318,Gunnar Hoglund,ATH,25.0,32.1,6.0,6.0,0.7570093457943928,1.0,3.0,0.0,0.0,SP,1.1507382609770846,ML
22200,Ryan Rolison,COL,27.0,42.1,1.0,31.0,0.2446555819477437,1.0,0.0,0.0,0.0,SP,1.1494903858184642,ML
17425,Erick Fedde,- - -,32.0,141.0,24.0,32.0,0.851063829787234,4.0,13.0,0.0,1.0,SP,1.1368643906430047,ML
31900,Adam Mazur,MIA,24.0,30.0,6.0,6.0,1.0666666666666669,0.0,4.0,0.0,0.0,SP,1.131982918164911,ML
16561,Austin Gomber,COL,31.0,57.2,12.0,12.0,0.1853146853146857,0.0,7.0,0.0,0.0,SP,1.1116976888726962,ML
27688,Jack Kochanowicz,LAA,24.0,111.0,23.0,23.0,0.3873873873873873,3.0,11.0,0.0,0.0,SP,1.1090070259091431,ML
13896,Chris Flexen,CHC,30.0,43.2,1.0,21.0,1.657407407407408,5.0,1.0,1.0,0.0,SP,1.0970218889038945,ML
18674,Jake Woodford,ARI,28.0,36.1,0.0,22.0,0.5900277008310252,0.0,4.0,3.0,2.0,RP,1.083444516648115,ML
27636,Mitchell Parker,WSN,25.0,164.2,30.0,33.0,0.9232643118148596,9.0,16.0,1.0,0.0,SP,1.079473660258359,ML
24719,Randy Vasquez,SDP,26.0,133.2,26.0,28.0,1.4009009009009008,6.0,7.0,0.0,0.0,SP,1.048893132595333,ML
15038,German Marquez,COL,30.0,126.1,26.0,26.0,0.4544012688342582,3.0,16.0,0.0,0.0,SP,1.0203358248656098,ML
15488,Antonio Senzatela,COL,30.0,130.0,23.0,30.0,0.2461538461538461,4.0,15.0,0.0,0.0,SP,1.0122607077130894,ML
26419,Bradley Blalock,COL,24.0,58.2,12.0,14.0,-0.4879725085910649,2.0,6.0,0.0,0.0,SP,0.8687924924172121,ML
