IDfg,Name,Team,Age_2025,IP_2025,GS,G,Fpoints_IP_2025,W_2025,L_2025,SV_2025,HLD_2025,Role,Predicted_Fpoints_IP,Proj_IP,Proj_W,Proj_L,Proj_SV,Proj_HLD,Proj_Skill_Fpoints,Proj_Team_Fpoints,Projected_Fpoints,Rank
22267,Tarik Skubal,DET,28,195.1,31,31,2.851358277806253,13,6,0,0,SP,2.480192,205.0,15.0,7.0,0.0,0.0,508.43934893608093,16.0,524.4393489360809,1
27463,Garrett Crochet,BOS,26,205.1,32,32,2.6392003900536323,18,5,0,0,SP,2.4826584,197.0,14.0,8.0,0.0,0.0,489.08370208740234,12.0,501.08370208740234,2
22182,Hunter Greene,CIN,25,107.2,19,19,2.673507462686567,7,4,0,0,SP,2.422286,183.0,12.0,8.0,0.0,0.0,443.2783441543579,8.0,451.2783441543579,3
33677,Paul Skenes,PIT,23,187.2,32,32,2.7649572649572645,10,10,0,0,SP,2.1661093,198.0,14.0,7.0,0.0,0.0,428.8896460533142,14.0,442.8896460533142,4
18525,Dylan Cease,SDP,29,168.0,32,32,1.9404761904761905,8,12,0,0,SP,2.3021712,189.0,13.0,10.0,0.0,0.0,435.11036252975464,6.0,441.11036252975464,5
21846,Cole Ragans,KCR,27,61.2,13,13,2.362745098039216,3,3,0,0,SP,2.4499109,173.0,12.0,8.0,0.0,0.0,423.8345820903778,8.0,431.8345820903778,6
30279,Bryan Woo,SEA,25,186.2,30,30,2.47905477980666,15,7,0,0,SP,1.9711579,200.0,14.0,9.0,0.0,0.0,394.23158168792725,10.0,404.23158168792725,7
20778,Cristopher Sanchez,PHI,28,202.0,32,32,2.43069306930693,13,5,0,0,SP,1.8975598,204.0,15.0,8.0,0.0,0.0,387.10219144821167,14.0,401.10219144821167,8
10954,Jacob deGrom,TEX,37,172.2,30,30,2.4889663182346107,12,8,0,0,SP,2.2678523,174.0,11.0,8.0,0.0,0.0,394.6063013076782,6.0,400.6063013076782,9
10603,Chris Sale,ATL,36,125.2,20,21,2.672523961661342,7,5,0,0,SP,2.2877753,166.0,13.0,7.0,0.0,0.0,379.7706961631775,12.0,391.7706961631775,10
22250,Logan Gilbert,SEA,28,131.0,25,25,2.5267175572519083,6,6,0,0,SP,2.2418048,167.0,12.0,7.0,0.0,0.0,374.3814079761505,10.0,384.3814079761505,11
17995,Logan Webb,SFG,28,207.0,34,34,2.130434782608696,15,11,0,0,SP,1.7876848,205.0,13.0,9.0,0.0,0.0,366.47538363933563,8.0,374.47538363933563,12
13743,Max Fried,NYY,31,195.1,32,32,2.231163505894413,19,5,0,0,SP,1.9368603,188.0,14.0,9.0,0.0,0.0,364.12974071502686,10.0,374.12974071502686,13
19959,Jesus Luzardo,PHI,27,183.2,32,32,2.08296943231441,15,7,0,0,SP,2.02184,180.0,13.0,9.0,0.0,0.0,363.9312171936035,8.0,371.9312171936035,14
12768,Sonny Gray,STL,35,180.2,32,32,1.9234184239733625,14,8,0,0,SP,2.0157387,180.0,12.0,9.0,0.0,0.0,362.83297061920166,6.0,368.83297061920166,15
25880,Hunter Brown,HOU,26,185.1,31,31,2.546191247974068,12,9,0,0,SP,1.9703574,183.0,12.0,9.0,0.0,0.0,360.5754075050354,6.0,366.5754075050354,16
10310,Zack Wheeler,PHI,35,149.2,24,24,2.7654155495978547,10,5,0,0,SP,2.4145265,146.0,11.0,6.0,0.0,0.0,352.52086353302,10.0,362.52086353302,17
14710,Edwin Diaz,NYM,31,66.1,0,62,3.242057488653555,6,3,28,0,RP,2.5930448,66.0,5.0,3.0,36.0,3.0,171.14095401763916,190.0,361.14095401763916,18
25385,Drew Rasmussen,TBR,29,150.0,31,31,2.2133333333333334,10,5,0,0,SP,2.0769675,170.0,11.0,9.0,0.0,0.0,353.0844712257385,4.0,357.0844712257385,19
31757,Mason Miller,- - -,26,61.2,0,60,3.196078431372549,1,2,22,10,RP,2.817536,66.0,5.0,3.0,32.0,2.0,185.9573836326599,168.0,353.9573836326599,20
21390,Joe Ryan,MIN,29,171.0,30,31,2.3391812865497075,13,10,0,0,SP,2.0059433,171.0,11.0,9.0,0.0,0.0,343.0163040161133,4.0,347.0163040161133,21
13543,Blake Snell,LAD,32,61.1,11,11,2.3944353518821604,5,4,0,0,SP,2.1982083,152.0,13.0,7.0,0.0,0.0,334.1276664733887,12.0,346.1276664733887,22
25436,George Kirby,SEA,27,126.0,23,23,1.96031746031746,10,8,0,0,SP,1.8883196,177.0,13.0,8.0,0.0,0.0,334.2325712442398,10.0,344.2325712442398,23
24586,Kyle Bradish,BAL,28,32.0,6,6,2.875,1,1,0,0,SP,2.3147738,146.0,10.0,8.0,0.0,0.0,337.9569745063782,4.0,341.9569745063782,24
15454,Nick Pivetta,SDP,32,181.2,31,31,2.420529801324503,13,5,0,0,SP,1.9105352,176.0,11.0,9.0,0.0,0.0,336.2541980743408,4.0,340.2541980743408,25
29839,Emmet Sheehan,LAD,25,73.1,12,15,2.616963064295485,6,3,0,0,SP,2.118329,152.0,11.0,4.0,0.0,1.0,321.9860153198242,16.0,337.9860153198242,26
16162,Brandon Woodruff,MIL,32,64.2,12,12,2.6573208722741435,7,2,0,0,SP,2.126283,157.0,10.0,9.0,0.0,0.0,333.82642006874084,2.0,335.82642006874084,27
17295,Framber Valdez,HOU,31,192.0,31,31,1.9166666666666667,13,11,0,0,SP,1.7324089,189.0,13.0,9.0,0.0,0.0,327.42527854442596,8.0,335.42527854442596,28
18679,Freddy Peralta,MIL,29,176.2,33,33,2.477866061293984,17,6,0,0,SP,1.9686139,167.0,12.0,9.0,0.0,0.0,328.7585151195526,6.0,334.7585151195526,29
27867,Cade Smith,CLE,26,73.2,0,76,2.754098360655738,8,5,16,19,RP,2.4525154,70.0,5.0,3.0,30.0,3.0,171.6760754585266,160.0,331.6760754585266,30
15816,Devin Williams,NYY,30,62.0,0,67,2.2580645161290325,4,6,18,15,RP,2.5030184,64.0,5.0,3.0,32.0,3.0,160.19317626953125,170.0,330.19317626953125,31
26221,Ryan Pepiot,TBR,27,167.2,31,31,1.971291866028708,11,12,0,0,SP,1.8788656,174.0,10.0,9.0,0.0,0.0,326.9226143360138,2.0,328.9226143360138,32
14212,Josh Hader,HOU,31,52.2,0,48,3.134099616858238,6,2,28,0,RP,2.4980714,66.0,5.0,3.0,31.0,2.0,164.87271451950073,163.0,327.87271451950073,33
10233,Aroldis Chapman,BOS,37,61.1,0,67,3.425531914893617,5,3,32,4,RP,2.6348822,62.0,5.0,3.0,31.0,2.0,163.3626971244812,163.0,326.3626971244812,34
27768,Eury Perez,MIA,22,95.1,20,20,2.106203995793901,7,6,0,0,SP,2.1381397,151.0,9.0,8.0,0.0,0.0,322.85909843444824,2.0,324.85909843444824,35
27468,Reid Detmers,LAA,25,63.2,0,61,2.066455696202532,5,3,3,13,RP,2.0614486,151.0,10.0,5.0,0.0,1.0,311.2787346839905,12.0,323.2787346839905,36
18684,Sandy Alcantara,MIA,29,174.2,31,31,1.3467278989667044,11,12,0,0,SP,1.720643,186.0,11.0,10.0,0.0,0.0,320.03960609436035,2.0,322.03960609436035,37
17479,Jack Flaherty,DET,29,161.0,31,31,1.8571428571428568,8,15,0,0,SP,1.9036262,167.0,11.0,9.0,0.0,0.0,317.9055759906769,4.0,321.9055759906769,38
14107,Kevin Gausman,TOR,34,193.0,32,32,2.1191709844559585,10,11,0,0,SP,1.7252675,184.0,12.0,10.0,0.0,0.0,317.4492254257202,4.0,321.4492254257202,39
9132,Nathan Eovaldi,TEX,35,130.0,22,22,2.753846153846154,11,3,0,0,SP,1.7976668,176.0,11.0,9.0,0.0,0.0,316.38935470581055,4.0,320.38935470581055,40
19569,David Bednar,- - -,30,62.2,0,64,2.823151125401929,6,5,27,4,RP,2.2811785,65.0,4.0,3.0,33.0,2.0,148.27660083770752,171.0,319.2766008377075,41
22264,Shane Baz,TBR,26,166.1,31,31,1.6393738711619503,10,12,0,0,SP,1.9669303,160.0,11.0,9.0,0.0,0.0,314.7088432312012,4.0,318.7088432312012,42
30122,Gavin Williams,CLE,25,167.2,31,31,2.078947368421052,12,5,0,0,SP,1.8082374,176.0,10.0,10.0,0.0,0.0,318.24978828430176,0.0,318.24978828430176,43
11486,Robbie Ray,SFG,33,182.1,32,32,1.9950576606260293,11,8,0,0,SP,1.765095,179.0,11.0,10.0,0.0,0.0,315.95200419425964,2.0,317.95200419425964,44
21029,Jhoan Duran,- - -,27,70.0,0,72,2.585714285714286,7,6,32,1,RP,2.2913759,70.0,6.0,3.0,29.0,3.0,160.39631128311157,157.0,317.3963112831116,45
33825,Yoshinobu Yamamoto,LAD,26,173.2,30,30,2.6131639722863738,12,8,0,0,SP,2.049388,149.0,13.0,7.0,0.0,0.0,305.35880184173584,12.0,317.35880184173584,46
16149,Aaron Nola,PHI,32,94.1,17,17,1.3421891604675873,5,10,0,0,SP,1.7313623,180.0,12.0,10.0,0.0,0.0,311.6452217102051,4.0,315.6452217102051,47
30134,Tanner Bibee,CLE,26,182.1,31,31,1.7149917627677098,12,11,0,0,SP,1.7273737,181.0,10.0,10.0,0.0,0.0,312.65464317798615,0.0,312.65464317798615,48
17085,Pablo Lopez,MIN,29,75.2,14,14,2.242021276595745,5,4,0,0,SP,1.7827233,171.0,11.0,9.0,0.0,0.0,304.84568560123444,4.0,308.84568560123444,49
27498,Spencer Strider,ATL,26,125.1,23,23,1.6570743405275776,7,14,0,0,SP,1.9265013,158.0,11.0,9.0,0.0,0.0,304.3872013092041,4.0,308.3872013092041,50
27914,Daniel Palencia,CHC,25,52.2,0,54,2.3678160919540234,1,6,22,6,RP,2.1774583,67.0,5.0,3.0,30.0,4.0,145.88970518112183,162.0,307.8897051811218,51
15689,Luis Castillo,SEA,32,180.2,32,32,1.9234184239733625,11,8,0,0,SP,1.686748,180.0,12.0,10.0,0.0,0.0,303.61464500427246,4.0,307.61464500427246,52
22201,MacKenzie Gore,WSN,26,159.2,30,30,1.875628140703517,5,15,0,0,SP,1.8120916,166.0,11.0,9.0,0.0,0.0,300.80720376968384,4.0,304.80720376968384,53
20373,Andres Munoz,SEA,26,62.1,0,64,2.919484702093398,3,3,38,0,RP,2.416959,64.0,5.0,3.0,28.0,3.0,154.6853790283203,150.0,304.6853790283203,54
21455,Kris Bubic,KCR,27,116.1,20,20,2.250645994832041,8,7,0,0,SP,1.9467713,151.0,9.0,5.0,0.0,1.0,293.96246087551117,10.0,303.96246087551117,55
14374,Tyler Glasnow,LAD,31,90.1,18,18,2.367369589345172,4,3,0,0,SP,2.128171,138.0,12.0,7.0,0.0,0.0,293.687593460083,10.0,303.687593460083,56
17277,Ranger Suarez,PHI,29,157.1,26,26,2.026098026734564,12,8,0,0,SP,1.7704405,170.0,11.0,10.0,0.0,0.0,300.97487807273865,2.0,302.97487807273865,57
19291,Zac Gallen,ARI,29,192.0,33,33,1.578125,13,15,0,0,SP,1.6150948,187.0,11.0,11.0,0.0,0.0,302.02272403240204,0.0,302.02272403240204,58
19853,Michael King,SDP,30,73.1,15,15,2.069767441860465,5,3,0,0,SP,1.8044428,166.0,10.0,9.0,0.0,0.0,299.5374987125397,2.0,301.5374987125397,59
17594,Mitch Keller,PIT,29,176.1,32,32,1.6598523566155592,6,15,0,0,SP,1.670755,179.0,11.0,10.0,0.0,0.0,299.065150141716,2.0,301.065150141716,60
20633,Yusei Kikuchi,LAA,34,178.1,33,33,1.6636720943290284,7,11,0,0,SP,1.700681,177.0,10.0,10.0,0.0,0.0,301.0205318927765,0.0,301.0205318927765,61
22100,Jose Soriano,LAA,26,169.0,31,31,1.5562130177514792,10,11,0,0,SP,1.6823783,176.0,11.0,9.0,0.0,0.0,296.0985794067383,4.0,300.0985794067383,62
27782,Brandon Pfaadt,ARI,26,176.2,33,33,1.3314415437003402,13,9,0,0,SP,1.8120003,166.0,9.0,10.0,0.0,0.0,300.7920455932617,-2.0,298.7920455932617,63
19755,Shohei Ohtani,LAD,30,47.0,14,14,2.6382978723404253,1,1,0,0,SP,2.5169187,115.0,10.0,6.0,0.0,0.0,289.4456458091736,8.0,297.4456458091736,64
15890,Luis Severino,ATH,31,162.2,29,29,1.44636251541307,8,11,0,0,SP,1.6534805,181.0,10.0,11.0,0.0,0.0,299.2799758911133,-2.0,297.2799758911133,65
14771,Emilio Pagan,CIN,34,68.2,0,70,2.618768328445748,2,4,32,2,RP,2.2543678,66.0,4.0,3.0,27.0,4.0,148.78827667236328,145.0,293.7882766723633,66
15440,Matthew Boyd,CHC,34,179.2,31,31,2.051339285714285,14,8,0,0,SP,1.6824371,172.0,11.0,10.0,0.0,0.0,289.37917470932007,2.0,291.37917470932007,67
16137,Carlos Rodon,NYY,32,195.1,33,33,2.302921578677601,18,9,0,0,SP,1.7929896,159.0,11.0,9.0,0.0,0.0,285.08534824848175,4.0,289.08534824848175,68
17432,Jeff Hoffman,TOR,32,68.0,0,71,2.073529411764706,9,7,33,0,RP,2.3085718,63.0,4.0,3.0,26.0,4.0,145.44002437591553,140.0,285.4400243759155,69
21690,Edward Cabrera,MIA,27,137.2,26,26,2.0743440233236146,8,7,0,0,SP,1.976184,142.0,10.0,8.0,0.0,0.0,280.61812949180603,4.0,284.61812949180603,70
25327,Abner Uribe,MIL,25,75.1,0,75,2.786950732356857,3,2,7,37,RP,2.3903453,72.0,5.0,4.0,19.0,7.0,172.1048641204834,111.0,283.1048641204834,71
26253,Ryne Nelson,ARI,27,154.0,23,33,2.0324675324675323,7,3,1,0,SP,1.6704524,168.0,10.0,10.0,0.0,1.0,280.63599586486816,2.0,282.63599586486816,72
27474,Max Meyer,MIA,26,64.2,12,12,1.5669781931464175,3,5,0,0,SP,1.8659456,145.0,8.0,3.0,0.0,1.0,270.5621087551117,12.0,282.5621087551117,73
23335,Joey Cantillo,CLE,25,95.1,13,34,2.158780231335436,5,3,1,1,SP,1.7874444,149.0,9.0,4.0,0.0,1.0,266.329208612442,12.0,278.329208612442,74
26378,Nick Lodolo,CIN,27,156.2,28,29,2.174135723431497,9,8,0,0,SP,1.8146152,151.0,10.0,9.0,0.0,0.0,274.00690269470215,2.0,276.00690269470215,75
25377,Brady Singer,CIN,28,169.2,32,32,1.8238770685579195,14,12,0,0,SP,1.5760623,175.0,11.0,11.0,0.0,0.0,275.810906291008,0.0,275.810906291008,76
18138,Ryan Helsley,- - -,30,56.0,0,58,1.5892857142857142,3,4,21,1,RP,2.1994178,64.0,4.0,3.0,25.0,4.0,140.7627410888672,135.0,275.7627410888672,77
17130,Raisel Iglesias,ATL,35,67.1,0,70,2.374068554396423,4,6,29,2,RP,2.0508935,66.0,4.0,3.0,26.0,4.0,135.35897397994995,140.0,275.35897397994995,78
14542,Carlos Estevez,KCR,32,66.0,0,67,2.212121212121212,4,5,42,0,RP,1.7269192,65.0,4.0,3.0,31.0,2.0,112.24974632263184,161.0,273.24974632263184,79
17998,Pete Fairbanks,TBR,31,60.1,0,61,2.301164725457571,4,5,27,0,RP,2.035816,62.0,4.0,3.0,27.0,4.0,126.22058916091919,145.0,271.2205891609192,80
20423,Ryan Walker,SFG,29,61.1,0,68,1.788870703764321,5,7,17,9,RP,1.9706099,63.0,4.0,3.0,27.0,5.0,124.14842391014099,147.0,271.148423910141,81
11156,Merrill Kelly,- - -,36,184.0,32,32,2.010869565217391,12,9,0,0,SP,1.5532349,174.0,10.0,10.0,0.0,0.0,270.26287865638733,0.0,270.26287865638733,82
13649,Clay Holmes,NYM,32,165.2,31,33,1.6864406779661012,12,8,0,0,SP,1.69619,156.0,11.0,9.0,0.0,0.0,264.6056399345398,4.0,268.6056399345398,83
22286,Trevor Rogers,BAL,27,109.2,18,18,2.6336996336996337,9,3,0,0,SP,1.6958766,156.0,10.0,9.0,0.0,0.0,264.55674934387207,2.0,266.55674934387207,84
17878,Dennis Santana,PIT,29,70.1,0,70,2.5007132667617684,4,5,16,12,RP,1.8268445,68.0,4.0,3.0,26.0,5.0,124.2254228591919,142.0,266.2254228591919,85
29911,Andrew Abbott,CIN,26,166.1,29,29,2.108970499698976,10,7,0,0,SP,1.5803523,169.0,10.0,11.0,0.0,0.0,267.0795397758484,-2.0,265.0795397758484,86
12304,Chris Bassitt,TOR,36,170.1,31,32,1.765432098765432,11,9,0,0,SP,1.4885812,175.0,11.0,11.0,0.0,1.0,260.5017066001892,2.0,262.5017066001892,87
19716,Dustin May,- - -,27,132.1,23,25,1.4027252081756243,7,11,0,0,SP,1.6408628,155.0,8.0,5.0,0.0,1.0,254.33373749256134,8.0,262.33373749256134,88
25977,Quinn Priester,MIL,24,157.1,24,29,1.8605983450031824,13,3,0,0,SP,1.5181957,170.0,11.0,9.0,0.0,0.0,258.09327721595764,4.0,262.09327721595764,89
17677,Jeffrey Springs,ATH,32,171.0,30,32,1.6842105263157894,11,11,0,0,SP,1.5381256,174.0,9.0,12.0,0.0,0.0,267.63386034965515,-6.0,261.63386034965515,90
29837,Bryce Miller,SEA,26,90.1,18,18,1.1465038845726965,4,6,0,0,SP,1.7788837,143.0,10.0,8.0,0.0,0.0,254.38036847114563,4.0,258.38036847114563,91
20253,Griffin Jax,- - -,30,66.0,2,73,2.272727272727273,1,7,0,28,SP,2.591288,67.0,5.0,3.0,12.0,10.0,173.61630201339722,84.0,257.6163020133972,92
23796,Ryan Weathers,MIA,25,38.1,8,8,1.792650918635171,2,2,0,0,SP,1.9244936,130.0,9.0,7.0,0.0,1.0,250.18416166305542,6.0,256.1841616630554,93
27500,Slade Cecconi,CLE,26,132.0,23,23,1.681818181818182,7,7,0,0,SP,1.6783438,154.0,8.0,10.0,0.0,0.0,258.4649410247803,-4.0,254.46494102478027,94
19249,Seranthony Dominguez,- - -,30,62.2,0,67,2.276527331189711,4,4,2,20,RP,2.2122347,63.0,4.0,3.0,20.0,6.0,139.37078833580017,114.0,253.37078833580017,95
20492,Casey Mize,DET,28,149.0,28,28,1.8053691275167785,14,6,0,0,SP,1.6293423,154.0,10.0,9.0,0.0,0.0,250.91871690750122,2.0,252.91871690750122,96
33829,Shota Imanaga,CHC,31,144.2,25,25,1.9875173370319,9,8,0,0,SP,1.6428307,153.0,9.0,9.0,0.0,0.0,251.3531016111374,0.0,251.3531016111374,97
15873,Sean Manaea,NYM,33,60.2,12,15,1.7541528239202662,2,4,0,0,SP,1.8455261,134.0,9.0,8.0,0.0,1.0,247.3004972934723,4.0,251.3004972934723,98
16358,Tyler Mahle,TEX,30,86.2,16,16,2.141531322505801,6,4,0,0,SP,1.7103426,148.0,8.0,9.0,0.0,0.0,253.13071155548096,-2.0,251.13071155548096,99
20539,Edwin Uceta,TBR,27,76.0,0,70,2.3421052631578947,10,3,1,21,RP,2.3353388,70.0,4.0,3.0,12.0,12.0,163.47371816635132,86.0,249.47371816635132,100
20302,David Peterson,NYM,29,168.2,30,30,1.5790725326991673,9,6,0,0,SP,1.4146376,171.0,12.0,9.0,0.0,0.0,241.9030237197876,6.0,247.9030237197876,101
30182,Will Warren,NYY,26,162.1,33,33,1.692165330043183,9,8,0,0,SP,1.7461095,135.0,9.0,4.0,0.0,1.0,235.7247805595398,12.0,247.7247805595398,102
22543,Taj Bradley,- - -,24,142.2,27,27,1.4528832630098447,6,8,0,0,SP,1.832444,129.0,7.0,3.0,0.0,1.0,236.3852698802948,10.0,246.3852698802948,103
24614,Victor Vodnik,COL,25,50.2,0,52,1.8844621513944224,4,3,10,7,RP,1.9305947,64.0,4.0,3.0,22.0,4.0,123.55805969238281,120.0,243.5580596923828,104
23363,Robert Garcia,TEX,29,64.0,0,71,2.15625,4,8,9,15,RP,1.983633,64.0,4.0,3.0,20.0,6.0,126.9525146484375,114.0,240.9525146484375,105
30146,Jack Leiter,TEX,25,151.2,29,29,1.835978835978836,10,10,0,0,SP,1.5271504,154.0,10.0,9.0,0.0,0.0,235.1811604499817,2.0,237.1811604499817,106
24763,Kyle Leahy,STL,28,88.0,1,62,2.0,4,2,1,18,SP,1.785447,127.0,7.0,3.0,0.0,1.0,226.75176918506622,10.0,236.75176918506622,107
11674,Jameson Taillon,CHC,33,129.2,23,23,1.8777089783281733,11,7,0,0,SP,1.4566718,162.0,10.0,10.0,0.0,0.0,235.9808371067047,0.0,235.9808371067047,108
17722,Trevor Megill,MIL,31,47.0,0,50,2.595744680851064,6,3,30,0,RP,2.4045231,66.0,5.0,3.0,11.0,9.0,158.69852685928345,77.0,235.69852685928345,109
15474,Lucas Giolito,BOS,30,145.0,26,26,1.7862068965517242,10,4,0,0,SP,1.5208638,157.0,9.0,11.0,0.0,0.0,238.77561211585999,-4.0,234.77561211585999,110
17606,Cristian Javier,HOU,28,37.0,8,8,1.6216216216216215,2,4,0,0,SP,1.550326,154.0,9.0,11.0,0.0,0.0,238.75020241737366,-4.0,234.75020241737366,111
21448,Davis Martin,CHW,28,142.2,25,26,1.5232067510548517,7,10,0,0,SP,1.5418551,156.0,7.0,10.0,0.0,0.0,240.5293951034546,-6.0,234.5293951034546,112
16944,Grant Holmes,ATL,29,115.0,21,22,1.8434782608695648,4,9,0,0,SP,1.7504803,127.0,8.0,3.0,0.0,1.0,222.3109973669052,12.0,234.3109973669052,113
14078,Michael Wacha,KCR,33,172.2,31,31,1.646922183507549,10,13,0,0,SP,1.3676894,171.0,10.0,11.0,0.0,0.0,233.8748824596405,-2.0,231.8748824596405,114
3096,Kenley Jansen,LAA,37,59.0,0,62,2.440677966101695,5,4,29,0,RP,1.8106781,60.0,3.0,3.0,23.0,4.0,108.64068746566772,123.0,231.64068746566772,115
8700,Justin Verlander,SFG,42,152.0,29,29,1.6842105263157894,4,11,0,0,SP,1.6157743,143.0,9.0,9.0,0.0,0.0,231.0557211637497,0.0,231.0557211637497,116
31827,Zebby Matthews,MIN,25,79.1,16,16,1.3817951959544874,5,6,0,0,SP,1.9013605,116.0,7.0,3.0,0.0,1.0,220.55781936645508,10.0,230.55781936645508,117
12447,Seth Lugo,KCR,35,145.1,26,26,1.6423156443831837,8,7,0,0,SP,1.4749986,158.0,9.0,11.0,0.0,0.0,233.04977774620056,-4.0,229.04977774620056,118
23920,Brayan Bello,BOS,26,166.2,28,29,1.7605294825511428,11,9,0,0,SP,1.4099408,160.0,10.0,10.0,0.0,0.0,225.59053421020508,0.0,225.59053421020508,119
29869,Michael McGreevy,STL,24,95.2,16,17,1.3613445378151263,8,4,0,0,SP,1.4639028,149.0,8.0,6.0,0.0,1.0,218.12152183055878,6.0,224.12152183055878,120
12730,Nick Martinez,CIN,34,165.2,26,40,1.498789346246973,11,14,0,5,SP,1.5625912,143.0,8.0,9.0,0.0,1.0,223.4505409002304,0.0,223.4505409002304,121
13361,Steven Matz,- - -,34,76.2,2,53,1.9895013123359584,5,2,2,13,SP,1.5551962,138.0,8.0,5.0,0.0,1.0,214.61707091331482,8.0,222.61707091331482,122
26108,Andre Pallante,STL,26,162.2,31,31,1.0517879161528971,6,15,0,0,SP,1.5095147,148.0,8.0,9.0,0.0,0.0,223.40817403793335,-2.0,221.40817403793335,123
19427,Shane Bieber,TOR,30,40.1,7,7,2.102244389027432,4,2,0,0,SP,1.7625821,124.0,8.0,7.0,0.0,0.0,218.56017589569092,2.0,220.56017589569092,124
22294,Matthew Liberatore,STL,25,151.2,29,29,1.5582010582010577,8,12,0,0,SP,1.4562094,154.0,8.0,10.0,0.0,0.0,224.25625085830688,-4.0,220.25625085830688,125
22487,Johan Oviedo,PIT,27,40.1,9,9,2.0274314214463844,2,1,0,0,SP,1.7476575,120.0,7.0,3.0,0.0,1.0,209.71890449523926,10.0,219.71890449523926,126
17897,Garrett Cleavinger,TBR,31,61.1,0,67,2.8690671031096566,2,6,2,21,RP,2.2859404,66.0,4.0,3.0,8.0,13.0,150.8720669746399,68.0,218.8720669746399,127
12718,Adrian Houser,- - -,32,125.0,21,21,1.72,8,5,0,0,SP,1.4887155,147.0,9.0,9.0,0.0,0.0,218.84118282794952,0.0,218.84118282794952,128
31838,Kodai Senga,NYM,32,113.1,22,22,1.974358974358974,7,6,0,0,SP,1.6669605,125.0,8.0,4.0,0.0,1.0,208.37005972862244,10.0,218.37005972862244,129
13449,Taylor Rogers,- - -,34,50.2,0,57,1.9043824701195224,3,2,0,10,RP,1.7407962,61.0,4.0,3.0,20.0,5.0,106.18856871128082,112.0,218.18856871128082,130
22210,Jeremiah Estrada,SDP,26,73.0,0,77,2.547945205479452,4,5,3,30,RP,2.4884567,70.0,5.0,3.0,1.0,17.0,174.1919708251953,43.0,217.1919708251953,131
16256,Kyle Freeland,COL,32,162.2,31,31,1.2305795314426629,5,17,0,0,SP,1.3284217,169.0,7.0,12.0,0.0,0.0,224.50326931476593,-10.0,214.50326931476593,132
15823,Zack Littell,- - -,29,186.2,32,32,1.74328678839957,10,8,0,0,SP,1.3129935,166.0,9.0,11.0,0.0,0.0,217.95692539215088,-4.0,213.95692539215088,133
19350,Dean Kremer,BAL,29,171.2,29,31,1.6799065420560744,11,10,0,0,SP,1.5242373,139.0,9.0,9.0,0.0,1.0,211.86898124217987,2.0,213.86898124217987,134
16609,Bryan Abreu,HOU,28,71.0,0,70,2.816901408450704,3,4,7,25,RP,2.444562,68.0,5.0,3.0,3.0,13.0,166.2302131652832,45.0,211.2302131652832,135
30115,Robert Suarez,SDP,34,69.2,0,70,2.508670520231214,4,6,40,0,RP,2.1744144,67.0,4.0,3.0,8.0,11.0,145.68576455116272,64.0,209.68576455116272,136
21224,Bailey Ober,MIN,29,146.1,27,27,1.38466803559206,6,9,0,0,SP,1.4938177,137.0,7.0,6.0,0.0,1.0,204.65302312374115,4.0,208.65302312374115,137
3137,Max Scherzer,TOR,40,85.0,17,17,1.5176470588235291,5,5,0,0,SP,1.7872608,117.0,7.0,8.0,0.0,0.0,209.10951018333435,-2.0,207.10951018333435,138
14168,Jose Berrios,TOR,31,166.0,30,31,1.6024096385542168,9,5,0,0,SP,1.3923634,140.0,7.0,3.0,0.0,1.0,194.93088006973267,10.0,204.93088006973267,139
19876,Kevin Ginkel,ARI,31,25.2,0,29,0.8174603174603172,1,4,3,6,RP,1.9441814,62.0,4.0,3.0,12.0,11.0,120.53924942016602,84.0,204.53924942016602,140
19574,JoJo Romero,STL,28,61.0,0,65,2.19672131147541,4,6,8,24,RP,1.7215748,64.0,4.0,3.0,14.0,9.0,110.1807861328125,90.0,200.1807861328125,141
19479,Aaron Civale,- - -,30,102.0,18,23,1.5196078431372548,4,9,1,0,SP,1.5350627,131.0,7.0,9.0,0.0,0.0,201.09320986270905,-4.0,197.09320986270905,142
13774,Zach Eflin,BAL,31,71.1,14,14,0.9606188466947956,6,5,0,0,SP,1.3085876,150.0,9.0,10.0,0.0,1.0,196.2881326675415,0.0,196.2881326675415,143
30076,Landen Roupp,SFG,26,106.2,22,22,1.625235404896422,7,7,0,0,SP,1.4330294,130.0,8.0,5.0,0.0,1.0,186.29382371902466,8.0,194.29382371902466,144
19926,Tony Santillan,CIN,28,73.2,0,80,2.35792349726776,1,5,7,33,RP,2.0482047,70.0,4.0,3.0,4.0,13.0,143.37432622909546,48.0,191.37432622909546,145
18383,Michael Soroka,- - -,27,89.2,17,22,1.923766816143498,3,8,0,1,SP,1.7388152,96.0,6.0,3.0,2.0,4.0,166.9262580871582,24.0,190.9262580871582,146
20039,Adrian Morejon,SDP,26,73.2,0,75,2.5901639344262297,13,6,3,20,RP,2.1352992,68.0,5.0,3.0,3.0,13.0,145.200345993042,45.0,190.200345993042,147
20099,Chris Paddack,- - -,29,158.0,28,33,1.2341772151898731,5,12,1,0,SP,1.4324244,134.0,7.0,9.0,0.0,1.0,191.94487309455872,-2.0,189.94487309455872,148
12828,Andrew Kittredge,- - -,35,53.0,0,54,2.4716981132075477,4,3,5,15,RP,2.113858,67.0,4.0,3.0,4.0,13.0,141.62848496437073,48.0,189.62848496437073,149
24494,Simeon Woods Richardson,MIN,24,111.1,22,23,1.784878487848785,7,4,0,0,SP,1.4760542,123.0,7.0,4.0,0.0,1.0,181.55466556549072,8.0,189.55466556549072,150
14843,Michael Lorenzen,KCR,33,141.2,26,27,1.53399433427762,7,11,0,0,SP,1.5479506,130.0,5.0,11.0,0.0,0.0,201.23358130455017,-12.0,189.23358130455017,151
20191,Garrett Whitlock,BOS,29,72.0,0,62,2.680555555555556,7,3,1,24,RP,2.0319078,70.0,5.0,3.0,3.0,14.0,142.23354578018188,47.0,189.23354578018188,152
16918,Luke Weaver,NYY,31,64.2,0,64,2.283489096573209,4,4,8,21,RP,2.060302,67.0,4.0,3.0,4.0,14.0,138.0402352809906,50.0,188.0402352809906,153
13164,Eduardo Rodriguez,ARI,32,154.1,29,29,1.2673588578844903,9,9,0,0,SP,1.4264462,133.0,7.0,9.0,0.0,1.0,189.7173445224762,-2.0,187.7173445224762,154
17586,Tanner Scott,LAD,30,57.0,0,61,1.736842105263158,1,4,23,8,RP,2.1511464,63.0,4.0,3.0,4.0,15.0,135.52222394943237,52.0,187.52222394943237,155
21052,Luis Gil,NYY,27,57.0,11,11,1.5789473684210529,4,1,0,0,SP,1.7088345,104.0,6.0,3.0,0.0,1.0,177.7187910079956,8.0,185.7187910079956,156
18064,Phil Maton,- - -,32,61.1,0,63,2.639934533551555,4,5,5,22,RP,2.074157,65.0,4.0,3.0,4.0,14.0,134.82020497322083,50.0,184.82020497322083,157
24719,Randy Vasquez,SDP,26,133.2,26,28,1.4009009009009008,6,7,0,0,SP,1.380634,135.0,8.0,10.0,0.0,1.0,186.38558328151703,-2.0,184.38558328151703,158
19996,Dylan Lee,ATL,30,68.1,0,74,2.3979441997063136,2,4,2,19,RP,2.2208333,65.0,4.0,3.0,1.0,16.0,144.35416460037231,39.0,183.35416460037231,159
12095,Yimi Garcia,TOR,34,21.0,0,22,2.142857142857143,1,2,3,6,RP,2.321886,60.0,4.0,3.0,4.0,11.0,139.31316375732422,44.0,183.31316375732422,160
21520,Hogan Harris,ATH,28,64.2,0,48,1.9408099688473524,2,1,4,3,RP,1.6788698,66.0,3.0,3.0,10.0,11.0,110.8054096698761,72.0,182.8054096698761,161
7048,Fernando Cruz,NYY,35,48.0,0,49,2.520833333333333,3,4,2,16,RP,2.3549829,61.0,4.0,3.0,1.0,16.0,143.65395402908325,39.0,182.65395402908325,162
19769,Will Vest,DET,30,68.2,0,64,2.208211143695015,6,5,23,3,RP,1.8923266,68.0,5.0,3.0,5.0,12.0,128.67820835113525,53.0,181.67820835113525,163
15734,Brad Keller,CHC,29,69.2,1,68,2.653179190751445,4,2,3,25,SP,2.0236878,68.0,4.0,3.0,2.0,16.0,137.61077308654785,44.0,181.61077308654785,164
24017,Jose A. Ferrer,WSN,25,76.1,0,72,1.6596583442838366,4,4,11,21,RP,1.85468,70.0,5.0,3.0,3.0,16.0,129.82759594917297,51.0,180.82759594917297,165
17780,Jose Alvarado,PHI,30,26.0,0,28,2.076923076923077,4,2,7,5,RP,2.159957,64.0,4.0,3.0,3.0,12.0,138.23724365234375,41.0,179.23724365234375,166
29950,Jordan Leasure,CHW,26,64.1,1,68,2.1575663026521057,5,6,7,14,SP,2.0267322,64.0,4.0,3.0,5.0,11.0,129.7108612060547,49.0,178.7108612060547,167
15551,Mark Leiter Jr.,NYY,34,48.1,0,59,1.5031185031185033,6,7,2,14,RP,1.8679138,64.0,4.0,3.0,6.0,13.0,119.5464859008789,58.0,177.5464859008789,168
25007,Alex Vesia,LAD,29,59.2,0,68,2.6790540540540544,4,2,5,25,RP,2.174246,61.0,4.0,3.0,1.0,18.0,132.62901043891907,43.0,175.62901043891907,169
25756,Matt Brash,SEA,27,47.1,0,53,2.426751592356688,1,3,4,21,RP,2.1323397,63.0,4.0,3.0,3.0,12.0,134.33740210533142,41.0,175.33740210533142,170
13799,Matt Strahm,PHI,33,62.1,0,66,2.4363929146537844,2,3,6,22,RP,2.0275414,66.0,4.0,3.0,1.0,17.0,133.81773233413696,41.0,174.81773233413696,171
17556,Jimmy Herget,COL,31,83.1,0,59,2.241877256317689,1,2,0,9,RP,1.6946964,77.0,5.0,3.0,2.0,15.0,130.49162483215332,44.0,174.49162483215332,172
14120,Lance McCullers Jr.,HOU,31,55.1,13,16,0.840290381125227,2,5,0,0,SP,1.4354973,117.0,7.0,5.0,0.0,1.0,167.95318222045898,6.0,173.95318222045898,173
19804,Bryan Baker,- - -,30,68.2,0,73,2.1935483870967745,4,4,3,19,RP,2.1074889,63.0,4.0,3.0,3.0,12.0,132.77179884910583,41.0,173.77179884910583,174
9323,Patrick Corbin,TEX,35,155.1,30,31,1.4977433913604123,7,11,0,0,SP,1.3211174,133.0,8.0,9.0,0.0,0.0,175.70861434936523,-2.0,173.70861434936523,175
26252,Erik Miller,SFG,27,30.0,0,36,1.9333333333333331,4,1,0,10,RP,1.9515784,62.0,4.0,3.0,4.0,15.0,120.99785947799683,52.0,172.99785947799683,176
25890,Bryan King,HOU,28,68.0,0,68,2.3529411764705883,5,4,2,27,RP,1.9584765,67.0,4.0,3.0,1.0,17.0,131.21792840957642,41.0,172.21792840957642,177
25636,Hunter Gaddis,CLE,27,66.2,0,73,2.2145015105740185,2,2,3,35,RP,1.9132586,66.0,4.0,3.0,3.0,14.0,126.27506446838379,45.0,171.2750644683838,178
19362,Keegan Akin,BAL,30,63.1,3,64,1.7955625990491284,5,4,8,16,SP,1.8760731,66.0,4.0,3.0,3.0,15.0,123.82082605361938,47.0,170.82082605361938,179
20116,Calvin Faucher,MIA,29,60.1,0,65,1.9683860232945092,4,4,15,7,RP,1.8965521,64.0,4.0,3.0,5.0,11.0,121.37933349609375,49.0,170.37933349609375,180
19677,Gregory Soto,- - -,30,60.1,0,70,1.8019966722129783,1,5,1,22,RP,1.9722097,61.0,4.0,3.0,4.0,14.0,120.30479121208191,50.0,170.3047912120819,181
21306,Jacob Latz,TEX,29,85.2,8,33,2.014084507042253,2,0,1,1,SP,1.5523822,104.0,6.0,3.0,0.0,1.0,161.44775199890137,8.0,169.44775199890137,182
27589,Logan Allen,CLE,26,156.2,29,30,1.4314980793854029,8,11,0,0,SP,1.3447139,123.0,6.0,5.0,0.0,1.0,165.39981293678284,4.0,169.39981293678284,183
27779,Bryce Elder,ATL,26,156.1,28,28,1.2639333760409992,8,11,0,0,SP,1.398118,115.0,7.0,4.0,0.0,1.0,160.78357219696045,8.0,168.78357219696045,184
19867,Griffin Canning,NYM,29,76.1,16,16,1.6990801576872532,7,3,0,0,SP,1.4872955,112.0,7.0,7.0,0.0,1.0,166.5770969390869,2.0,168.5770969390869,185
21461,Cole Sands,MIN,27,72.0,3,69,1.7222222222222223,4,6,3,13,SP,1.919212,68.0,4.0,3.0,2.0,13.0,130.5064148902893,38.0,168.5064148902893,186
27758,Kyle Harrison,- - -,23,35.2,6,11,1.7784090909090915,1,1,0,1,SP,1.7074091,95.0,5.0,3.0,0.0,1.0,162.20386862754822,6.0,168.20386862754822,187
11423,Jose Quintana,MIL,36,131.2,24,24,1.4984756097560974,11,7,0,0,SP,1.2279112,145.0,6.0,11.0,0.0,0.0,178.04712891578674,-10.0,168.04712891578674,188
27691,Louie Varland,- - -,27,72.2,1,74,2.168975069252078,4,3,0,22,SP,1.9089876,67.0,5.0,3.0,2.0,13.0,127.90217196941376,40.0,167.90217196941376,189
23550,Aaron Ashby,MIL,27,66.2,1,43,2.486404833836858,5,2,3,5,SP,2.0957482,64.0,4.0,3.0,1.0,13.0,134.1278839111328,33.0,167.1278839111328,190
20997,Eduard Bazardo,SEA,29,78.2,0,73,2.462915601023018,5,0,0,12,RP,1.9413383,68.0,4.0,3.0,1.0,14.0,132.011004447937,35.0,167.011004447937,191
12857,Shawn Armstrong,TEX,34,74.0,2,71,2.675675675675676,4,3,9,12,SP,1.7350181,68.0,4.0,3.0,3.0,16.0,117.9812331199646,49.0,166.9812331199646,192
15541,Tyler Rogers,- - -,34,77.1,0,81,2.234760051880674,4,6,0,32,RP,1.6034719,74.0,5.0,4.0,2.0,18.0,118.65691876411438,48.0,166.65691876411438,193
31846,Spencer Schwellenbach,ATL,25,110.2,17,17,2.3194192377495466,7,4,0,0,SP,1.8650423,87.0,6.0,4.0,0.0,0.0,162.25868260860443,4.0,166.25868260860443,194
27517,Jared Koenig,MIL,31,66.0,0,72,2.227272727272727,6,1,2,27,RP,1.9864827,65.0,4.0,3.0,1.0,15.0,129.12137806415558,37.0,166.12137806415558,195
21446,Ryan Feltner,COL,28,30.1,6,6,1.2724252491694354,0,2,0,0,SP,1.5547825,105.0,5.0,5.0,0.0,1.0,163.25216352939606,2.0,165.25216352939606,196
31776,Orion Kerkering,PHI,24,60.0,0,69,1.9833333333333332,8,4,4,19,RP,2.09295,63.0,4.0,3.0,1.0,13.0,131.8558566570282,33.0,164.8558566570282,197
15038,German Marquez,COL,30,126.1,26,26,0.4544012688342582,3,16,0,0,SP,1.2594587,140.0,5.0,12.0,0.0,1.0,176.32421255111694,-12.0,164.32421255111694,198
12572,Blake Treinen,LAD,37,26.2,0,32,1.282442748091603,2,7,2,10,RP,2.193852,58.0,4.0,3.0,1.0,14.0,127.24341297149658,35.0,162.24341297149658,199
15009,Kyle Finnegan,- - -,33,57.0,0,56,2.087719298245614,4,4,24,3,RP,1.7802646,64.0,4.0,3.0,4.0,13.0,113.93693542480469,48.0,161.9369354248047,200
9073,Kirby Yates,LAD,38,41.1,0,50,1.759124087591241,4,3,3,15,RP,1.992462,56.0,3.0,3.0,5.0,12.0,111.57787418365479,49.0,160.57787418365479,201
10078,Caleb Thielbar,CHC,38,58.0,0,67,2.5,3,4,1,25,RP,1.8305165,66.0,4.0,3.0,1.0,15.0,120.81408619880676,37.0,157.81408619880676,202
9803,Miles Mikolas,STL,36,156.1,31,31,1.2447149263292758,8,11,0,0,SP,1.1918437,139.0,6.0,10.0,0.0,0.0,165.66628098487854,-8.0,157.66628098487854,203
12880,Tyler Anderson,LAA,35,136.1,26,26,1.339456282145481,2,8,0,0,SP,1.29617,126.0,6.0,9.0,0.0,0.0,163.31741952896118,-6.0,157.31741952896118,204
31730,Jonathan Cannon,CHW,24,103.2,17,22,1.042635658914729,4,10,0,0,SP,1.4380105,105.0,5.0,3.0,0.0,1.0,150.99109768867493,6.0,156.99109768867493,205
11426,Drew Pomeranz,CHC,36,49.2,4,57,2.59349593495935,2,2,1,14,SP,1.9451197,58.0,4.0,3.0,4.0,11.0,112.81694483757019,44.0,156.8169448375702,206
13580,Steven Okert,HOU,33,71.2,1,68,2.606741573033708,3,2,1,10,SP,1.9792066,64.0,4.0,3.0,0.0,14.0,126.66921997070312,30.0,156.66921997070312,207
24993,Kody Funderburk,MIN,28,41.0,0,39,1.6829268292682926,4,1,1,7,RP,1.6741835,65.0,4.0,3.0,3.0,15.0,108.82192671298981,47.0,155.8219267129898,208
27552,Graham Ashcraft,CIN,27,65.1,0,62,1.6635944700460823,8,5,0,23,RP,1.719568,65.0,4.0,3.0,2.0,16.0,111.77192091941833,44.0,155.77192091941833,209
15947,Ryne Stanek,NYM,33,56.0,0,65,1.2857142857142858,4,6,3,11,RP,1.9948118,60.0,4.0,3.0,2.0,12.0,119.68870639801025,36.0,155.68870639801025,210
30160,Richard Fitts,BOS,25,45.0,10,11,1.4666666666666666,2,4,0,0,SP,1.3307279,110.0,6.0,3.0,0.0,1.0,146.38007283210754,8.0,154.38007283210754,211
19360,Lucas Erceg,KCR,30,61.1,0,61,2.0180032733224222,8,4,2,22,RP,1.8757664,62.0,4.0,3.0,2.0,13.0,116.29751658439636,38.0,154.29751658439636,212
21992,Camilo Doval,- - -,27,65.1,0,69,1.9861751152073728,4,3,16,10,RP,1.759456,64.0,4.0,3.0,2.0,14.0,112.60518646240234,40.0,152.60518646240234,213
11847,Chris Martin,TEX,39,42.1,0,49,2.144893111638955,2,6,2,13,RP,2.005318,54.0,3.0,3.0,4.0,12.0,108.28716802597046,44.0,152.28716802597046,214
15145,Justin Topa,MIN,34,60.0,1,54,1.5166666666666666,1,5,4,4,SP,1.5583798,63.0,4.0,3.0,6.0,11.0,98.17792546749115,54.0,152.17792546749115,215
16943,Sean Newcomb,- - -,32,92.1,5,48,2.022801302931596,2,5,2,4,SP,1.7036695,69.0,4.0,2.0,2.0,10.0,117.55319881439209,34.0,151.5531988143921,216
11836,Taijuan Walker,PHI,32,123.2,21,34,1.3766233766233769,5,8,1,2,SP,1.1719518,122.0,6.0,3.0,0.0,1.0,142.97811603546143,8.0,150.97811603546143,217
17170,Gabe Speier,SEA,30,62.0,0,76,2.870967741935484,4,3,0,24,RP,2.1507053,58.0,4.0,3.0,0.0,12.0,124.74090957641602,26.0,150.74090957641602,218
26231,Tyler Holton,DET,29,78.2,6,70,1.9514066496163684,6,5,0,17,SP,1.6349335,72.0,4.0,4.0,1.0,14.0,117.7152099609375,33.0,150.7152099609375,219
20375,Greg Weissert,BOS,30,67.0,0,72,2.0597014925373136,6,6,4,17,RP,1.6827918,65.0,4.0,3.0,1.0,17.0,109.38146889209747,41.0,150.38146889209747,220
25648,Justin Slaten,BOS,27,34.0,0,36,1.7058823529411764,2,4,3,6,RP,1.9950875,61.0,4.0,3.0,0.0,13.0,121.70033776760101,28.0,149.700337767601,221
13932,Dietrich Enns,- - -,34,46.1,3,24,1.7418655097613884,3,3,2,4,SP,1.951219,62.0,4.0,3.0,0.0,13.0,120.9755756855011,28.0,148.9755756855011,222
10061,Brooks Raley,NYM,37,25.2,0,30,2.642857142857143,3,1,0,10,RP,1.8072823,62.0,4.0,3.0,1.0,14.0,112.05150437355042,35.0,147.05150437355042,223
13435,Pierce Johnson,ATL,34,59.0,0,65,2.1186440677966103,3,3,1,16,RP,1.8886269,61.0,4.0,3.0,1.0,12.0,115.2062429189682,31.0,146.2062429189682,224
29608,Joe Boyle,TBR,25,52.0,9,13,1.7115384615384617,1,4,0,0,SP,1.9971732,70.0,4.0,2.0,0.0,1.0,139.80212330818176,6.0,145.80212330818176,225
29921,Spencer Arrighetti,HOU,25,35.1,7,7,1.2621082621082624,1,5,0,0,SP,1.600134,87.0,5.0,3.0,0.0,1.0,139.21165931224823,6.0,145.21165931224823,226
18297,Tyler Kinley,- - -,34,72.2,0,73,1.9335180055401664,6,3,3,13,RP,1.846726,63.0,4.0,3.0,0.0,13.0,116.34373426437378,28.0,144.34373426437378,227
23313,Jose Butto,- - -,27,67.0,0,55,1.5970149253731345,5,3,1,6,RP,1.7664243,61.0,3.0,3.0,2.0,13.0,107.75188219547272,36.0,143.75188219547272,228
20629,Tyler Phillips,MIA,27,77.2,1,54,1.8989637305699485,2,1,4,8,SP,1.4492065,68.0,3.0,3.0,3.0,15.0,98.54604005813599,45.0,143.546040058136,229
17968,Brock Burke,LAA,28,61.2,1,69,1.8562091503267977,7,1,0,15,SP,1.7750717,62.0,4.0,3.0,1.0,13.0,110.054447889328,33.0,143.054447889328,230
27649,Connor Phillips,CIN,24,25.0,0,21,2.72,5,0,0,1,RP,2.2950304,56.0,3.0,3.0,0.0,7.0,128.5216999053955,14.0,142.5216999053955,231
20000,Tyler Wells,BAL,30,21.2,4,4,2.292452830188679,2,1,0,0,SP,1.7019556,73.0,4.0,2.0,0.0,7.0,124.242755651474,18.0,142.242755651474,232
20020,John Schreiber,KCR,31,64.0,0,74,1.9375,3,3,1,23,RP,1.7005379,64.0,4.0,3.0,1.0,13.0,108.83442687988281,33.0,141.8344268798828,233
19742,Anthony Bender,MIA,30,50.0,0,51,2.3,3,5,4,19,RP,1.8126472,61.0,4.0,3.0,1.0,12.0,110.57148063182831,31.0,141.5714806318283,234
21504,Jake Irvin,WSN,28,180.0,33,33,0.9944444444444444,9,13,0,0,SP,1.4165833,97.0,4.0,3.0,0.0,1.0,137.40858006477356,4.0,141.40858006477356,235
19374,Walker Buehler,- - -,30,126.0,24,26,1.119047619047619,10,7,0,0,SP,1.246387,114.0,7.0,8.0,0.0,0.0,142.08811855316162,-2.0,140.08811855316162,236
30226,Spencer Bivens,SFG,31,81.0,0,54,1.530864197530864,4,3,3,4,RP,1.4950647,70.0,4.0,3.0,1.0,14.0,104.65453147888184,35.0,139.65453147888184,237
16647,Ryan Thompson,ARI,33,41.1,0,48,1.6618004866180052,3,2,1,17,RP,1.5434847,64.0,4.0,3.0,1.0,16.0,98.78302001953125,39.0,137.78302001953125,238
16990,Tanner Banks,PHI,33,67.1,1,69,2.2101341281669145,6,2,1,10,SP,1.7853762,62.0,4.0,3.0,0.0,12.0,110.69332385063171,26.0,136.6933238506317,239
25376,Nick Mears,MIL,28,56.2,0,63,2.05693950177936,5,3,1,16,RP,1.8615388,60.0,3.0,3.0,0.0,12.0,111.69232606887817,24.0,135.69232606887817,240
25911,Yennier Cano,BAL,31,58.0,0,65,1.293103448275862,3,7,2,17,RP,1.6918119,60.0,4.0,3.0,1.0,13.0,101.50871515274048,33.0,134.50871515274048,241
14706,Anthony Banda,LAD,31,65.0,1,71,2.0153846153846158,5,1,0,11,SP,1.7582645,60.0,3.0,3.0,1.0,12.0,105.4958724975586,29.0,134.4958724975586,242
22288,Mason Englert,TBR,25,44.2,0,29,1.9140271493212675,0,1,0,1,RP,1.7490189,60.0,3.0,3.0,1.0,12.0,104.94113445281982,29.0,133.94113445281982,243
17312,Justin Steele,CHC,29,22.2,4,4,1.6936936936936935,3,1,0,0,SP,1.6282176,81.0,5.0,4.0,0.0,0.0,131.88562381267548,2.0,133.88562381267548,244
12791,Michael Kelly,ATH,32,39.2,0,42,1.7244897959183678,4,4,2,7,RP,1.6093981,60.0,3.0,3.0,3.0,11.0,96.56388759613037,37.0,133.56388759613037,245
19444,Yohan Ramirez,PIT,30,33.1,0,24,1.6706948640483386,3,3,0,1,RP,1.9674821,56.0,4.0,3.0,0.0,10.0,110.17899703979492,22.0,132.17899703979492,246
13619,Jakob Junis,CLE,32,66.2,0,57,1.9274924471299093,4,1,0,6,RP,1.5216179,65.0,3.0,3.0,1.0,14.0,98.9051628112793,33.0,131.9051628112793,247
16122,Jordan Romano,PHI,32,42.2,0,49,0.7962085308056877,2,4,8,7,RP,1.8636488,57.0,3.0,3.0,1.0,10.0,106.22798001766205,25.0,131.22798001766205,248
20349,Zack Kelly,BOS,30,35.1,0,28,1.632478632478633,1,3,0,3,RP,1.8455788,58.0,3.0,3.0,0.0,12.0,107.04356980323792,24.0,131.04356980323792,249
27470,Emerson Hancock,SEA,26,90.0,16,22,1.2444444444444445,4,5,0,0,SP,1.5445323,81.0,4.0,3.0,0.0,1.0,125.10711622238159,4.0,129.1071162223816,250
6984,Luis Garcia,- - -,38,55.1,0,58,1.6388384754990928,2,2,2,12,RP,1.7125839,59.0,4.0,3.0,0.0,13.0,101.04245007038116,28.0,129.04245007038116,251
22717,Angel Zerpa,KCR,25,64.2,2,69,1.5825545171339566,5,2,0,14,SP,1.7059417,60.0,4.0,3.0,0.0,12.0,102.35650062561035,26.0,128.35650062561035,252
21574,Brendon Little,TOR,28,68.1,0,79,2.295154185022026,4,2,1,30,RP,1.9653481,54.0,4.0,3.0,0.0,10.0,106.12879872322083,22.0,128.12879872322083,253
19349,Caleb Ferguson,- - -,28,65.1,0,70,1.8172043010752688,5,4,0,14,RP,1.8289158,58.0,4.0,3.0,0.0,10.0,106.07711839675903,22.0,128.07711839675903,254
14739,Paul Blackburn,- - -,31,39.0,4,15,0.9743589743589745,0,3,1,0,SP,1.5148834,67.0,3.0,2.0,0.0,12.0,101.49718773365021,26.0,127.49718773365021,255
18403,Enyel De Los Santos,- - -,29,66.0,0,65,1.681818181818182,6,3,0,6,RP,1.7132378,60.0,3.0,3.0,0.0,12.0,102.79426574707031,24.0,126.79426574707031,256
20546,Grant Anderson,MIL,28,69.2,0,66,2.0751445086705207,2,6,0,6,RP,1.8800982,56.0,3.0,3.0,0.0,10.0,105.28550052642822,20.0,125.28550052642822,257
19178,Tommy Nance,TOR,34,31.2,0,30,2.551282051282051,2,0,0,5,RP,1.7115349,58.0,4.0,3.0,0.0,12.0,99.26902174949646,26.0,125.26902174949646,258
27572,Carmen Mlodzinski,PIT,26,99.0,12,34,1.808080808080808,5,8,0,3,SP,1.6871995,67.0,4.0,2.0,0.0,4.0,113.04236471652985,12.0,125.04236471652985,259
19330,Matt Festa,CLE,32,54.2,0,63,2.022140221402214,5,4,0,12,RP,1.7364652,58.0,3.0,3.0,0.0,12.0,100.71498250961304,24.0,124.71498250961304,260
14993,Scott Barlow,CIN,32,68.1,1,75,1.7665198237885458,6,3,1,16,SP,1.78203,54.0,3.0,3.0,2.0,9.0,96.22961926460266,28.0,124.22961926460266,261
16258,Aaron Bummer,ATL,31,54.1,2,42,1.835489833641405,3,2,0,2,SP,1.6212866,60.0,4.0,3.0,0.0,12.0,97.27719783782959,26.0,123.27719783782959,262
17735,Tyler Alexander,- - -,30,97.2,5,52,1.3230452674897122,5,14,1,3,SP,1.4308746,70.0,3.0,3.0,0.0,11.0,100.16122102737427,22.0,122.16122102737427,263
26215,Jackson Rutledge,WSN,26,73.1,0,63,1.0848153214774277,4,2,0,3,RP,1.6506901,57.0,3.0,3.0,1.0,11.0,94.08933448791504,27.0,121.08933448791504,264
15256,Cole Sulser,TBR,35,22.2,0,18,2.324324324324324,2,1,0,0,RP,1.8376743,55.0,3.0,3.0,0.0,10.0,101.0720843076706,20.0,121.0720843076706,265
14295,Wandy Peralta,SDP,33,71.2,1,71,1.8342696629213489,6,1,0,4,SP,1.6304888,59.0,3.0,3.0,0.0,12.0,96.19883644580841,24.0,120.19883644580841,266
21267,Jake Bird,- - -,29,55.1,0,48,1.4210526315789476,4,2,0,10,RP,1.8876512,53.0,3.0,3.0,0.0,10.0,100.04551386833191,20.0,120.04551386833191,267
12317,Colin Rea,CHC,34,159.1,27,32,1.6675047140163417,11,7,1,0,SP,1.4307855,81.0,4.0,3.0,0.0,1.0,115.89362847805023,4.0,119.89362847805023,268
6107,Huascar Brazoban,NYM,35,63.0,3,52,1.873015873015873,5,2,2,12,SP,1.7389072,56.0,3.0,3.0,0.0,11.0,97.37880420684814,22.0,119.37880420684814,269
16835,Brennan Bernardino,BOS,33,51.2,3,55,1.8671875000000004,4,3,1,2,SP,1.5356547,58.0,3.0,3.0,2.0,10.0,89.06797051429749,30.0,119.06797051429749,270
17611,Taylor Clarke,KCR,32,55.1,0,51,2.219600725952813,1,1,1,5,RP,1.7526917,56.0,3.0,3.0,0.0,10.0,98.15073776245117,20.0,118.15073776245117,271
30133,Brant Hurter,DET,26,63.0,4,43,2.2063492063492065,4,3,2,5,SP,1.8141695,55.0,3.0,3.0,0.0,9.0,99.77932393550873,18.0,117.77932393550873,272
19274,Jacob Webb,TEX,31,66.0,0,55,2.1818181818181817,5,4,1,7,RP,1.7669513,54.0,3.0,3.0,0.0,11.0,95.41537141799927,22.0,117.41537141799927,273
27702,Brent Headrick,NYY,27,23.0,0,17,2.565217391304348,0,0,0,1,RP,2.0958283,50.0,3.0,2.0,0.0,5.0,104.79141473770142,12.0,116.79141473770142,274
13942,Brent Suter,CIN,35,67.2,3,48,1.4821428571428574,1,2,0,0,SP,1.5436583,60.0,3.0,3.0,0.0,12.0,92.6194953918457,24.0,116.6194953918457,275
17425,Erick Fedde,- - -,32,141.0,24,32,0.851063829787234,4,13,0,1,SP,1.228976,99.0,4.0,8.0,0.0,1.0,121.66862511634827,-6.0,115.66862511634827,276
16814,Tim Hill,NYY,35,67.0,0,70,1.7611940298507462,4,4,0,15,RP,1.267178,66.0,4.0,3.0,0.0,15.0,83.63375186920166,32.0,115.63375186920166,277
24968,Reese Olson,DET,25,68.2,13,13,2.032258064516129,4,4,0,0,SP,1.6890742,68.2,4.0,4.0,0.0,0.0,115.19485762119294,0.0,115.19485762119294,278
31635,Hayden Birdsong,SFG,23,65.2,10,21,1.4662576687116566,4,4,0,3,SP,1.789094,62.0,3.0,2.0,0.0,1.0,110.92382621765137,4.0,114.92382621765137,279
13346,Hoby Milner,TEX,34,70.1,0,73,1.7018544935805986,3,4,0,18,RP,1.4483116,60.0,4.0,3.0,0.0,13.0,86.89869403839111,28.0,114.89869403839111,280
25139,Tim Herrin,CLE,28,42.2,0,54,1.388625592417062,5,4,0,15,RP,1.7406566,54.0,3.0,3.0,0.0,10.0,93.9954571723938,20.0,113.9954571723938,281
13431,Marcus Stroman,NYY,34,39.0,9,9,0.7435897435897436,3,2,0,0,SP,1.3076403,87.0,6.0,6.0,0.0,0.0,113.76470732688904,0.0,113.76470732688904,282
14332,Joel Payamps,- - -,31,26.1,0,30,0.8544061302681997,0,1,1,4,RP,1.7904738,53.0,3.0,3.0,0.0,9.0,94.89511239528656,18.0,112.89511239528656,283
11861,Jason Adam,SDP,33,65.1,0,65,2.493087557603686,8,4,0,29,RP,1.9385983,51.0,3.0,3.0,0.0,7.0,98.8685120344162,14.0,112.8685120344162,284
22304,Brenan Hanifee,DET,27,60.0,0,54,1.6833333333333331,3,3,0,10,RP,1.5636989,58.0,3.0,3.0,0.0,11.0,90.69453549385071,22.0,112.69453549385071,285
21487,Stephen Kolek,- - -,28,112.2,19,19,1.75222816399287,5,7,0,0,SP,1.3074175,81.0,4.0,2.0,0.0,1.0,105.9008184671402,6.0,111.9008184671402,286
19618,Jordan Hicks,- - -,28,67.1,9,34,0.6453055141579725,2,7,2,2,SP,1.6412208,56.0,3.0,3.0,0.0,9.0,91.90836524963379,18.0,109.90836524963379,287
33826,Yuki Matsui,SDP,29,63.1,0,61,1.716323296354992,3,1,1,3,RP,1.6907051,53.0,3.0,3.0,0.0,10.0,89.6073682308197,20.0,109.6073682308197,288
31204,Justin Wrobleski,LAD,24,66.2,2,24,1.9425981873111784,5,5,2,6,SP,1.8774115,56.0,3.0,2.0,0.0,1.0,105.13504314422607,4.0,109.13504314422607,289
21345,Bennett Sousa,HOU,30,50.2,0,44,2.5019920318725104,5,1,4,7,RP,1.980895,50.0,3.0,2.0,0.0,4.0,99.04475212097168,10.0,109.04475212097168,290
21537,Daniel Lynch IV,KCR,28,67.2,2,57,1.6160714285714288,6,2,1,7,SP,1.4572892,59.0,3.0,3.0,0.0,11.0,85.98006391525269,22.0,107.98006391525269,291
21205,Connor Brogdon,LAA,30,47.0,0,43,1.4680851063829787,3,2,0,4,RP,1.802485,52.0,3.0,3.0,0.0,7.0,93.72921943664551,14.0,107.72921943664551,292
27636,Mitchell Parker,WSN,25,164.2,30,33,0.9232643118148596,9,16,1,0,SP,1.2753421,78.0,4.0,2.0,0.0,1.0,99.47668433189392,6.0,105.47668433189392,293
26413,Porter Hodge,CHC,24,33.0,0,36,1.2424242424242424,2,2,2,8,RP,1.8622626,50.0,3.0,2.0,0.0,5.0,93.11313033103943,12.0,105.11313033103943,294
15488,Antonio Senzatela,COL,30,130.0,23,30,0.2461538461538461,4,15,0,0,SP,1.1423908,88.0,4.0,3.0,0.0,1.0,100.53039455413818,4.0,104.53039455413818,295
27889,J.T. Ginn,ATH,26,90.1,16,23,1.601553829078801,4,7,0,1,SP,1.7325153,58.0,3.0,2.0,0.0,1.0,100.48588943481445,4.0,104.48588943481445,296
16502,Ryan Yarbrough,NYY,33,64.0,8,19,1.6875,3,1,1,0,SP,1.4410765,61.0,3.0,2.0,0.0,7.0,87.90566754341125,16.0,103.90566754341125,297
19316,Eric Lauer,TOR,30,104.2,15,28,2.1554702495201536,9,2,0,1,SP,1.512209,63.0,3.0,3.0,0.0,4.0,95.26917064189911,8.0,103.26917064189911,298
16727,Brock Stewart,- - -,33,37.2,0,43,2.3817204301075274,2,2,0,16,RP,2.2556415,44.0,3.0,2.0,0.0,1.0,99.24822425842285,4.0,103.24822425842285,299
7005,Ryan Pressly,CHC,36,41.1,0,44,1.175182481751825,2,3,5,7,RP,1.6094525,41.1,2.0,3.0,5.0,7.0,66.14849717617035,37.0,103.14849717617035,300
19261,Ian Hamilton,NYY,30,40.0,1,36,1.85,2,1,0,4,SP,1.7325927,50.0,3.0,2.0,0.0,7.0,86.62963509559631,16.0,102.62963509559631,301
26079,Beau Brieske,DET,27,22.0,1,22,0.6363636363636364,1,3,1,5,SP,1.8297572,50.0,3.0,2.0,0.0,4.0,91.48786067962646,10.0,101.48786067962646,302
12988,Andrew Chafin,- - -,35,33.2,0,42,2.096385542168675,1,1,0,4,RP,1.6201295,54.0,3.0,3.0,0.0,7.0,87.48699116706848,14.0,101.48699116706848,303
20353,Steven Wilson,CHW,30,55.1,0,59,1.856624319419238,2,2,2,9,RP,1.6358463,52.0,3.0,3.0,0.0,7.0,85.06400537490845,14.0,99.06400537490845,304
20070,Bailey Falter,- - -,28,125.1,24,26,1.3693045563549158,7,7,0,0,SP,1.2010902,73.0,3.0,2.0,0.0,4.0,87.67958581447601,10.0,97.67958581447601,305
21863,George Soriano,MIA,26,36.2,0,24,0.3204419889502768,2,0,1,0,RP,1.6876432,50.0,3.0,2.0,0.0,5.0,84.38215851783752,12.0,96.38215851783752,306
22630,Keider Montero,DET,24,90.2,12,20,1.4257206208425723,5,3,0,0,SP,1.462743,60.0,3.0,1.0,0.0,1.0,87.76458263397217,6.0,93.76458263397217,307
15094,Rob Zastryzny,MIL,33,22.0,1,26,2.1818181818181817,2,1,0,2,SP,1.6724395,50.0,3.0,2.0,0.0,4.0,83.62197279930115,10.0,93.62197279930115,308
22191,Tobias Myers,MIL,26,50.2,6,22,1.5856573705179289,1,2,0,1,SP,1.465219,61.0,3.0,2.0,0.0,1.0,89.37836027145386,4.0,93.37836027145386,309
23429,JP Sears,- - -,29,135.2,27,27,1.4171597633136088,9,11,0,0,SP,1.4351994,63.0,3.0,3.0,0.0,1.0,90.41756093502045,2.0,92.41756093502045,310
4301,Justin Wilson,BOS,37,48.1,0,61,2.022869022869023,4,1,0,18,RP,1.9517848,46.0,3.0,2.0,0.0,0.0,89.78210306167603,2.0,91.78210306167603,311
17578,JT Brubaker,- - -,31,28.2,1,17,1.6879432624113473,0,0,0,0,SP,1.5583947,53.0,2.0,3.0,0.0,5.0,82.59491753578186,8.0,90.59491753578186,312
13293,Danny Coulombe,- - -,35,43.0,1,55,2.3255813953488373,2,1,2,9,SP,1.8447388,48.0,3.0,2.0,0.0,0.0,88.54746437072754,2.0,90.54746437072754,313
23590,Ben Brown,CHC,25,106.1,15,25,1.3788878416588122,5,8,1,1,SP,1.8284985,47.0,3.0,2.0,0.0,1.0,85.93942868709564,4.0,89.93942868709564,314
21741,Javier Assad,CHC,27,37.0,7,8,1.5945945945945943,4,1,0,0,SP,1.1553245,61.0,3.0,2.0,0.0,7.0,70.47479200363159,16.0,86.47479200363159,315
27669,Tanner Gordon,COL,27,75.1,15,15,0.909454061251664,6,8,0,0,SP,1.4973298,59.0,2.0,4.0,0.0,1.0,88.34246003627777,-2.0,86.34246003627777,316
4676,Charlie Morton,- - -,41,142.0,27,33,1.176056338028169,9,11,0,0,SP,1.6162095,52.0,4.0,3.0,0.0,0.0,84.04289436340332,2.0,86.04289436340332,317
22207,DL Hall,MIL,26,38.2,3,20,1.8481675392670165,1,0,0,1,SP,1.4163812,52.0,3.0,3.0,0.0,6.0,73.65182447433472,12.0,85.65182447433472,318
22051,John King,STL,30,48.1,0,51,0.9002079002079004,2,1,0,3,RP,1.3770409,52.0,3.0,3.0,0.0,7.0,71.60612487792969,14.0,85.60612487792969,319
30056,David Festa,MIN,25,53.1,10,11,1.5122410546139362,3,4,0,0,SP,1.7660245,45.0,3.0,1.0,0.0,1.0,79.47110116481781,6.0,85.47110116481781,320
19962,Joey Wentz,- - -,27,98.0,13,39,1.1326530612244898,5,7,0,0,SP,1.5865785,50.0,3.0,1.0,0.0,1.0,79.32892441749573,6.0,85.32892441749573,321
20548,Bowden Francis,TOR,29,64.0,14,14,0.96875,2,8,0,0,SP,1.5000646,64.0,2.0,8.0,0.0,0.0,96.00413513183594,-12.0,84.00413513183594,322
27775,Kyle Nicolas,PIT,26,38.0,0,31,1.4736842105263157,1,2,0,3,RP,1.8961521,42.0,2.0,2.0,0.0,1.0,79.63838982582092,2.0,81.63838982582092,323
11384,Tommy Kahnle,DET,35,63.0,0,66,1.507936507936508,1,5,9,16,RP,1.5794036,50.0,3.0,2.0,0.0,0.0,78.97018194198608,2.0,80.97018194198608,324
29928,Dylan Dodd,ATL,27,35.0,0,28,2.1142857142857143,1,0,0,2,RP,1.532446,46.0,2.0,2.0,0.0,4.0,70.4925172328949,8.0,78.4925172328949,325
24862,Ryan Fernandez,STL,27,30.1,0,32,0.6744186046511631,0,4,1,4,RP,1.6843693,44.0,3.0,2.0,0.0,1.0,74.11225032806396,4.0,78.11225032806396,326
11589,Jose Urena,- - -,33,55.0,6,19,1.1454545454545455,0,1,1,0,SP,1.364986,55.0,0.0,1.0,1.0,0.0,75.07422685623169,3.0,78.07422685623169,327
5615,Ryan Brasier,CHC,37,26.0,1,28,1.5384615384615383,0,1,0,4,SP,1.7093147,44.0,2.0,2.0,0.0,1.0,75.20984697341919,2.0,77.20984697341919,328
15552,Chad Green,TOR,34,43.2,0,45,1.0787037037037042,3,2,1,7,RP,1.7352642,44.0,2.0,2.0,0.0,0.0,76.35162401199341,0.0,76.35162401199341,329
19481,Tyler Ferguson,ATH,31,58.0,0,56,1.5689655172413792,4,2,2,11,RP,1.745073,42.0,2.0,2.0,0.0,1.0,73.29306435585022,2.0,75.29306435585022,330
11752,Luke Jackson,- - -,33,51.0,0,52,1.4901960784313726,2,5,9,4,RP,1.5898708,46.0,3.0,2.0,0.0,0.0,73.13405728340149,2.0,75.13405728340149,331
25679,Kevin Kelly,TBR,27,39.2,0,41,1.1887755102040822,2,5,0,5,RP,1.6027852,44.0,3.0,2.0,0.0,1.0,70.52255010604858,4.0,74.52255010604858,332
22361,Colin Holderman,PIT,29,25.2,0,24,0.1428571428571426,0,2,1,2,RP,1.6953423,42.0,2.0,2.0,0.0,1.0,71.20437669754028,2.0,73.20437669754028,333
19361,Corbin Burnes,ARI,30,64.1,11,11,2.21996879875195,3,2,0,0,SP,1.7221696,41.0,2.0,2.0,0.0,0.0,70.6089551448822,0.0,70.6089551448822,334
17192,Jalen Beeks,ARI,31,57.1,2,61,1.896672504378284,5,3,1,14,SP,1.56226,44.0,2.0,2.0,0.0,0.0,68.73944139480591,0.0,68.73944139480591,335
19753,Jonathan Loaisiga,NYY,30,29.2,0,30,1.3904109589041094,0,1,1,7,RP,1.8710498,35.0,2.0,2.0,0.0,1.0,65.48674166202545,2.0,67.48674166202545,336
19666,Jason Alexander,- - -,32,77.1,13,18,1.4046692607003886,4,2,1,0,SP,1.2004899,50.0,3.0,1.0,0.0,1.0,60.024493932724,6.0,66.024493932724,337
19899,Clarke Schmidt,NYY,29,78.2,14,14,2.092071611253197,4,4,0,0,SP,1.8534005,33.0,2.0,1.0,0.0,1.0,61.1622154712677,4.0,65.1622154712677,338
26048,Sawyer Gipson-Long,DET,27,31.1,3,8,0.9421221864951772,0,2,0,1,SP,1.7247695,35.0,2.0,1.0,0.0,1.0,60.366931557655334,4.0,64.36693155765533,339
26214,Chris Murphy,BOS,27,34.2,0,23,1.9766081871345036,3,0,0,1,RP,1.5938162,38.0,2.0,2.0,0.0,1.0,60.565014123916626,2.0,62.565014123916626,340
31261,Chris Roycroft,STL,28,20.2,0,20,0.0792079207920789,1,3,0,2,RP,1.4568131,40.0,2.0,2.0,0.0,1.0,58.27252388000488,2.0,60.27252388000488,341
21584,Tristan Beck,SFG,29,56.2,1,31,1.5765124555160146,1,0,2,3,SP,1.4550337,40.0,2.0,2.0,0.0,1.0,58.2013463973999,2.0,60.2013463973999,342
19320,Joey Lucchesi,SFG,32,38.1,0,38,1.7401574803149609,0,1,0,6,RP,1.3830152,43.0,2.0,2.0,0.0,0.0,59.46965169906616,0.0,59.46965169906616,343
33838,Yariel Rodriguez,TOR,28,73.0,1,66,2.068493150684932,3,2,2,14,SP,1.5879949,36.0,2.0,2.0,0.0,1.0,57.16781759262085,2.0,59.16781759262085,344
16507,Dan Altavilla,CHW,32,29.0,0,28,2.0,0,1,2,2,RP,1.7811607,32.0,2.0,2.0,0.0,1.0,56.99714279174805,2.0,58.99714279174805,345
17948,Trent Thornton,SEA,31,42.1,0,33,1.4085510688836107,2,0,0,5,RP,1.7686087,30.0,2.0,1.0,0.0,1.0,53.058260679244995,4.0,57.058260679244995,346
10315,Michael Tonkin,MIN,35,24.0,0,21,1.5416666666666667,2,1,0,2,RP,1.589288,34.0,2.0,2.0,0.0,0.0,54.035791873931885,0.0,54.035791873931885,347
6632,Carlos Carrasco,- - -,38,45.2,9,11,0.4336283185840712,2,2,0,0,SP,1.1834348,45.2,2.0,2.0,0.0,0.0,53.49125494956971,0.0,53.49125494956971,348
31900,Adam Mazur,MIA,24,30.0,6,6,1.0666666666666669,0,4,0,0,SP,1.4781917,33.0,2.0,1.0,0.0,1.0,48.78032720088959,4.0,52.78032720088959,349
21420,Yerry De Los Santos,NYY,27,35.2,0,25,1.5227272727272732,0,1,0,3,RP,1.455272,34.0,2.0,2.0,0.0,1.0,49.479246616363525,2.0,51.479246616363525,350
27581,Hayden Wesneski,HOU,27,32.0,6,6,1.8125,1,3,0,0,SP,1.6306367,29.0,2.0,1.0,0.0,1.0,47.288464069366455,4.0,51.288464069366455,351
26790,Angel Chivilli,COL,22,58.2,0,43,0.4570446735395193,1,5,0,1,RP,1.5278848,30.0,2.0,1.0,0.0,1.0,45.83654522895813,4.0,49.83654522895813,352
30055,Cade Povich,BAL,25,112.1,20,22,1.3942908117752004,3,8,0,0,SP,1.7547262,27.0,1.0,1.0,0.0,1.0,47.37760663032532,2.0,49.37760663032532,353
20061,Kaleb Ort,HOU,33,46.0,0,49,1.6304347826086956,2,2,1,3,RP,2.0444303,22.0,1.0,1.0,0.0,1.0,44.97746562957764,2.0,46.97746562957764,354
12760,Rafael Montero,- - -,34,60.1,0,59,1.6522462562396008,1,2,0,8,RP,1.6674173,26.0,1.0,1.0,0.0,1.0,43.35284948348999,2.0,45.35284948348999,355
16977,Trevor Williams,WSN,33,82.2,17,17,0.8588807785888081,3,10,0,0,SP,1.3981712,32.0,1.0,2.0,0.0,1.0,44.741477966308594,0.0,44.741477966308594,356
14527,Jorge Lopez,WSN,32,24.2,0,26,0.8925619834710742,6,0,1,5,RP,1.3949223,32.0,2.0,2.0,0.0,0.0,44.63751220703125,0.0,44.63751220703125,357
6902,Martin Perez,CHW,34,56.0,10,11,1.8928571428571428,1,6,0,0,SP,1.294712,36.0,2.0,3.0,0.0,0.0,46.60963010787964,-2.0,44.60963010787964,358
15043,Lou Trivino,- - -,33,47.2,2,47,1.538135593220339,3,2,0,5,SP,1.6862247,24.0,1.0,1.0,0.0,1.0,40.46939277648926,2.0,42.46939277648926,359
19614,Cionel Perez,BAL,29,21.2,0,19,-0.0660377358490568,0,0,0,0,RP,1.6484846,24.0,1.0,1.0,0.0,1.0,39.56363010406494,2.0,41.56363010406494,360
27487,Landon Knack,LAD,27,42.1,7,10,1.5035629453681711,3,2,1,0,SP,1.6113721,24.0,1.0,1.0,0.0,1.0,38.67293071746826,2.0,40.67293071746826,361
19409,Dane Dunning,- - -,30,20.2,0,12,0.9207920792079204,0,0,2,0,RP,1.5135586,25.0,2.0,2.0,0.0,1.0,37.83896565437317,2.0,39.83896565437317,362
11804,Hector Neris,- - -,36,26.2,0,35,1.0916030534351142,3,2,0,7,RP,1.7130375,22.0,1.0,1.0,0.0,1.0,37.686824798583984,2.0,39.686824798583984,363
20666,Felix Bautista,BAL,30,34.2,0,35,2.7368421052631584,1,1,19,0,RP,2.319099,16.0,1.0,1.0,0.0,1.0,37.10558319091797,2.0,39.10558319091797,364
17964,Tyler Gilbert,CHW,31,51.0,5,46,1.843137254901961,4,2,1,5,SP,1.3960733,26.0,1.0,1.0,0.0,1.0,36.29790687561035,2.0,38.29790687561035,365
16427,Scott Blewett,- - -,29,44.1,2,26,1.140589569160998,3,0,0,0,SP,1.493248,24.0,1.0,1.0,0.0,1.0,35.83795166015625,2.0,37.83795166015625,366
19459,Jorge Alcala,- - -,29,55.0,0,56,0.9818181818181818,0,2,0,5,RP,1.9812347,18.0,1.0,1.0,0.0,1.0,35.66222405433655,2.0,37.66222405433655,367
22713,Carlos Hernandez,- - -,28,43.1,0,41,0.8422273781902555,1,0,0,1,RP,1.8337655,18.0,1.0,1.0,0.0,1.0,33.007779121398926,2.0,35.007779121398926,368
19990,Bryse Wilson,CHW,27,47.1,5,20,0.2823779193205947,0,2,0,0,SP,1.0953884,30.0,1.0,1.0,0.0,1.0,32.86165237426758,2.0,34.86165237426758,369
16350,Ryan Borucki,- - -,31,35.0,0,39,1.6,1,3,0,7,RP,1.7810287,18.0,1.0,1.0,0.0,1.0,32.05851745605469,2.0,34.05851745605469,370
17490,Genesis Cabrera,- - -,28,42.2,0,40,0.8436018957345977,0,1,1,3,RP,1.6861519,18.0,1.0,1.0,0.0,1.0,30.350733518600464,2.0,32.350733518600464,371
20794,Manuel Rodriguez,TBR,28,30.1,0,31,2.302325581395349,1,2,0,11,RP,1.895729,16.0,1.0,1.0,0.0,1.0,30.331663131713867,2.0,32.33166313171387,372
23150,Osvaldo Bido,ATH,29,79.2,10,26,0.9292929292929296,2,5,1,0,SP,1.65526,16.0,1.0,1.0,0.0,1.0,26.484159469604492,2.0,28.484159469604492,373
19407,Ronel Blanco,HOU,31,48.1,9,9,1.8981288981288984,3,4,0,0,SP,1.6221336,15.0,1.0,0.0,0.0,1.0,24.332004189491272,4.0,28.332004189491272,374
27688,Jack Kochanowicz,LAA,24,111.0,23,23,0.3873873873873873,3,11,0,0,SP,0.9782383,26.0,1.0,1.0,0.0,1.0,25.434195399284363,2.0,27.434195399284363,375
16561,Austin Gomber,COL,31,57.2,12,12,0.1853146853146857,0,7,0,0,SP,1.0766352,25.0,1.0,2.0,0.0,1.0,26.915881037712097,0.0,26.915881037712097,376
27707,Mitch Spence,ATH,27,84.2,8,32,1.1947743467933494,3,6,1,4,SP,1.5206423,16.0,1.0,1.0,0.0,1.0,24.330276489257812,2.0,26.330276489257812,377
26419,Bradley Blalock,COL,24,58.2,12,14,-0.4879725085910649,2,6,0,0,SP,1.0898527,18.0,1.0,0.0,0.0,1.0,19.617348432540894,4.0,23.617348432540894,378
21453,Konnor Pilkington,WSN,27,28.1,0,32,1.825622775800712,2,0,0,5,RP,1.7912738,12.0,1.0,1.0,0.0,1.0,21.495285987854004,2.0,23.495285987854004,379
7836,Hunter Strickland,LAA,36,22.0,0,19,1.681818181818182,1,2,1,2,RP,1.4302745,14.0,1.0,1.0,0.0,1.0,20.023842811584473,2.0,22.023842811584473,380
12972,Joe Ross,PHI,32,51.0,1,37,1.156862745098039,2,1,0,0,SP,1.5331279,13.0,1.0,1.0,0.0,1.0,19.930662751197815,2.0,21.930662751197815,381
23307,Collin Snider,SEA,29,26.1,0,24,1.237547892720307,2,1,0,4,RP,1.7692729,10.0,1.0,0.0,0.0,1.0,17.692729234695435,4.0,21.692729234695435,382
12777,John Brebbia,- - -,35,23.1,0,22,0.6623376623376628,1,1,0,2,RP,1.7223706,10.0,1.0,0.0,0.0,1.0,17.223706245422363,4.0,21.223706245422363,383
18694,Kolby Allard,CLE,27,65.0,2,33,1.8615384615384616,2,2,0,3,SP,1.2754867,14.0,1.0,1.0,0.0,1.0,17.85681390762329,2.0,19.85681390762329,384
16061,Cam Booser,CHW,33,31.0,0,39,1.3870967741935485,2,4,1,8,RP,1.718584,8.0,0.0,0.0,0.0,1.0,13.748671531677246,2.0,15.748671531677246,385
13528,Matt Bowman,BAL,34,24.2,0,20,0.8099173553719006,0,1,0,0,RP,1.2934895,8.0,0.0,0.0,0.0,1.0,10.347915649414062,2.0,12.347915649414062,386
29960,AJ Smith-Shawver,ATL,22,44.1,9,9,1.6621315192743766,3,2,0,0,SP,1.562188,6.0,0.0,0.0,0.0,1.0,9.373128175735474,2.0,11.373128175735474,387
23899,Valente Bellozo,MIA,25,81.1,6,32,1.298397040690505,1,4,0,1,SP,1.2857327,8.0,0.0,1.0,0.0,1.0,10.28586196899414,0.0,10.28586196899414,388
19312,Cal Quantrill,- - -,30,117.2,26,26,0.9180887372013654,4,12,0,0,SP,1.2818369,9.0,0.0,1.0,0.0,0.0,11.536531805992126,-2.0,9.536531805992126,389
21318,Tylor Megill,NYM,29,68.1,14,14,2.060205580029368,5,5,0,0,SP,2.002228,4.62925,0.0,0.0,0.0,0.0,9.268814069092274,0.0,9.268814069092274,390
13074,Yu Darvish,SDP,38,72.0,15,15,1.5694444444444444,5,5,0,0,SP,1.7933011,5.07883,0.0,0.0,0.0,0.0,9.107871453642845,0.0,9.107871453642845,391
27646,Luis L. Ortiz,CLE,26,88.2,16,16,1.7301587301587305,4,9,0,0,SP,1.7127795,4.67897,0.0,0.0,0.0,0.0,8.014043999781608,0.0,8.014043999781608,392
26056,Brandon Walter,HOU,28,53.2,9,9,2.285714285714286,1,3,0,0,SP,1.7245846,4.62632,0.0,0.0,0.0,0.0,7.978480131683349,0.0,7.978480131683349,393
19879,Tanner Houck,BOS,29,43.2,9,9,0.2222222222222227,0,3,0,0,SP,1.5287049,5.08592,0.0,0.0,0.0,0.0,7.774870731773376,0.0,7.774870731773376,394
14309,Frankie Montas,NYM,32,38.2,7,9,0.8010471204188487,3,2,0,0,SP,1.7256243,4.39988,0.0,0.0,0.0,0.0,7.592539945802688,0.0,7.592539945802688,395
19388,Tony Gonsolin,LAD,31,36.0,7,7,1.5277777777777777,3,2,0,0,SP,1.5773951,4.64018,0.0,0.0,0.0,0.0,7.319397109367848,0.0,7.319397109367848,396
17874,Nestor Cortes,- - -,30,34.1,8,8,0.8005865102639299,2,4,0,0,SP,1.4161665,5.1033,0.0,0.0,0.0,0.0,7.2271227237939835,0.0,7.2271227237939835,397
2036,Clayton Kershaw,LAD,37,112.2,22,23,1.7789661319073085,11,2,0,0,SP,1.4045789,4.82423,0.0,0.0,0.0,0.0,6.77601178339243,0.0,6.77601178339243,398
15423,Andrew Heaney,- - -,34,122.1,23,27,1.0917280917280914,5,10,0,0,SP,1.4734892,4.51239,0.0,0.0,0.0,0.0,6.648957774635553,0.0,6.648957774635553,399
13050,Anthony DeSclafani,ARI,35,38.2,4,13,1.5078534031413615,1,2,2,1,SP,1.690962,3.93078,0.0,0.0,0.0,0.0,6.64679944124937,0.0,6.64679944124937,400
12049,Kyle Hendricks,LAA,35,164.2,31,31,1.3556638246041408,8,10,0,0,SP,1.1874259,5.10191,0.0,0.0,0.0,0.0,6.058139827668667,0.0,6.058139827668667,401
17732,Nabil Crismatt,ARI,30,34.0,5,8,1.4705882352941178,3,0,0,0,SP,1.3722041,3.96898,0.0,0.0,0.0,0.0,5.446250491185189,0.0,5.446250491185189,402
19264,Thomas Hatch,- - -,30,34.0,1,12,0.6764705882352942,2,1,0,0,SP,1.4779692,3.67997,0.0,0.0,0.0,0.0,5.438882205114364,0.0,5.438882205114364,403
14932,Ben Lively,CLE,33,44.2,9,9,1.7330316742081453,2,2,0,0,SP,1.0981426,4.94822,0.0,0.0,0.0,0.0,5.433851294441223,0.0,5.433851294441223,404
13896,Chris Flexen,CHC,30,43.2,1,21,1.657407407407408,5,1,1,0,SP,1.2486035,3.86416,0.0,0.0,0.0,0.0,4.824803558254242,0.0,4.824803558254242,405
26952,Anthony Molina,COL,23,34.2,1,17,0.3684210526315791,1,1,0,0,SP,1.3790915,3.22491,0.0,0.0,0.0,0.0,4.447445973250866,0.0,4.447445973250866,406
18674,Jake Woodford,ARI,28,36.1,0,22,0.5900277008310252,0,4,3,2,RP,1.2874836,3.32739,0.0,0.0,0.0,0.0,4.283959965831041,0.0,4.283959965831041,407
27477,Bryce Jarvis,ARI,27,22.0,0,12,1.181818181818182,0,0,1,1,RP,1.4360659,2.95777,0.0,0.0,0.0,0.0,4.247552673265934,0.0,4.247552673265934,408
18311,Carson Fulmer,LAA,31,29.1,0,13,1.350515463917526,0,0,0,0,RP,1.5864339,2.49766,0.0,0.0,0.0,0.0,3.962372463407517,0.0,3.962372463407517,409
23974,Randy Rodriguez,SFG,25,50.2,0,50,3.0398406374502,3,5,4,13,RP,2.1090531,1.2714,0.0,0.0,0.0,0.0,2.681450155735016,0.0,2.681450155735016,410
22175,Max Kranick,NYM,27,37.0,0,24,1.8108108108108107,3,2,0,5,RP,1.6594124,1.58811,0.0,0.0,0.0,0.0,2.63532940120697,0.0,2.63532940120697,411
24604,Austin Cox,ATL,28,21.1,1,13,0.2985781990521332,0,0,0,2,SP,1.6017765,1.57843,0.0,0.0,0.0,0.0,2.5282920503914355,0.0,2.5282920503914355,412
24977,Shawn Dubin,- - -,29,33.2,0,30,1.2530120481927711,2,0,0,8,RP,1.5666997,1.60558,0.0,0.0,0.0,0.0,2.51546177380085,0.0,2.51546177380085,413
16866,Reed Garrett,NYM,32,55.1,1,58,1.9655172413793105,3,6,3,20,SP,2.1578422,1.05103,0.0,0.0,0.0,0.0,2.2679568446588516,0.0,2.2679568446588516,414
10197,Shelby Miller,- - -,34,46.0,0,48,2.5217391304347827,4,3,10,9,RP,2.0872586,1.01771,0.0,0.0,0.0,0.0,2.1242239267516134,0.0,2.1242239267516134,415
16128,John Curtiss,ARI,32,36.2,0,30,1.8397790055248624,3,2,1,3,RP,1.7230269,1.21029,0.0,0.0,0.0,0.0,2.085362192527056,0.0,2.085362192527056,416
23135,Eduardo Salazar,WSN,27,29.0,0,30,-0.2413793103448276,0,1,0,2,RP,1.5577615,1.24527,0.0,0.0,0.0,0.0,1.9398337253057958,0.0,1.9398337253057958,417
17169,Jose Castillo,- - -,29,32.0,0,29,1.375,2,2,0,3,RP,1.8631178,1.03474,0.0,0.0,0.0,0.0,1.9278425269246102,0.0,1.9278425269246102,418
21032,Emmanuel Clase,CLE,27,47.1,0,48,2.0445859872611467,5,3,24,1,RP,1.8751376,0.982604,0.0,0.0,0.0,0.0,1.8425176743955614,0.0,1.8425176743955614,419
13761,Chris Stratton,- - -,34,21.0,0,15,0.3333333333333333,0,0,0,0,RP,1.4705424,1.21947,0.0,0.0,0.0,0.0,1.7932823781824112,0.0,1.7932823781824112,420
25379,Sam Long,KCR,29,40.1,0,39,0.8802992518703244,2,3,0,1,RP,1.5538048,1.05808,0.0,0.0,0.0,0.0,1.644049735393524,0.0,1.644049735393524,421
13652,Tayler Scott,- - -,33,27.1,0,24,0.1955719557195576,1,2,0,3,RP,1.410479,1.06115,0.0,0.0,0.0,0.0,1.4967297373116017,0.0,1.4967297373116017,422
17871,Ian Gibaut,CIN,31,25.1,0,25,1.2071713147410363,0,1,0,3,RP,1.3852568,0.975345,0.0,0.0,0.0,0.0,1.3511032616758347,0.0,1.3511032616758347,423
