IDfg,Name,Team,Role,Proj_IP,Proj_W,Proj_L,Proj_SV,Proj_HLD,Predicted_Fpoints_IP,Projected_Fpoints,Rank
22267,Tarik Skubal,DET,SP,205.0,15.0,7.0,0.0,0.0,2.3602421,499.84963631629944,1
27463,Garrett Crochet,BOS,SP,197.0,14.0,8.0,0.0,0.0,2.3734798,479.57552909851074,2
22182,Hunter Greene,CIN,SP,183.0,12.0,8.0,0.0,0.0,2.5322943,471.40985202789307,3
18525,Dylan Cease,TOR,SP,189.0,13.0,10.0,0.0,0.0,2.2863164,438.11379861831665,4
21846,Cole Ragans,KCR,SP,173.0,12.0,8.0,0.0,0.0,2.4836793,437.6765179634094,5
33677,Paul Skenes,PIT,SP,198.0,14.0,7.0,0.0,0.0,2.08273,426.38055086135864,6
20778,Cristopher Sanchez,PHI,SP,204.0,15.0,8.0,0.0,0.0,2.0081096,423.65435218811035,7
30279,Bryan Woo,SEA,SP,200.0,14.0,9.0,0.0,0.0,1.9822916,406.4583158493042,8
10954,Jacob deGrom,TEX,SP,174.0,11.0,8.0,0.0,0.0,2.2424626,396.1884984970093,9
19959,Jesus Luzardo,PHI,SP,180.0,13.0,9.0,0.0,0.0,2.0239372,372.30870056152344,10
25880,Hunter Brown,HOU,SP,183.0,12.0,9.0,0.0,0.0,1.9715245,366.7889792919159,11
10603,Chris Sale,ATL,SP,166.0,13.0,7.0,0.0,0.0,2.1220217,364.2555980682373,12
17995,Logan Webb,SFG,SP,205.0,13.0,9.0,0.0,0.0,1.7356498,363.8082139492035,13
10310,Zack Wheeler,PHI,SP,146.0,11.0,6.0,0.0,0.0,2.362332,354.9004874229431,14
14710,Edwin Diaz,LAD,RP,66.0,5.0,3.0,36.0,3.0,2.4843216,353.96522521972656,15
13743,Max Fried,NYY,SP,188.0,14.0,9.0,0.0,0.0,1.8264581,353.37412214279175,16
29839,Emmet Sheehan,LAD,SP,152.0,11.0,4.0,0.0,1.0,2.2140415,352.53430366516113,17
22250,Logan Gilbert,SEA,SP,167.0,12.0,7.0,0.0,0.0,2.0470307,351.8541247844696,18
31757,Mason Miller,SDP,RP,66.0,5.0,3.0,32.0,2.0,2.7775223,351.3164734840393,19
18679,Freddy Peralta,NYM,SP,167.0,12.0,9.0,0.0,0.0,2.0644405,350.7615616321564,20
27768,Eury Perez,MIA,SP,151.0,9.0,8.0,0.0,0.0,2.29735,348.8998394012451,21
12768,Sonny Gray,BOS,SP,180.0,12.0,9.0,0.0,0.0,1.8709769,342.77584648132324,22
24586,Kyle Bradish,BAL,SP,146.0,10.0,8.0,0.0,0.0,2.2996442,339.74805784225464,23
25436,George Kirby,SEA,SP,177.0,13.0,8.0,0.0,0.0,1.8563026,338.56556355953217,24
17295,Framber Valdez,DET,SP,189.0,13.0,9.0,0.0,0.0,1.745324,337.86623895168304,25
25385,Drew Rasmussen,TBR,SP,170.0,11.0,9.0,0.0,0.0,1.9597671,337.1604075431824,26
18684,Sandy Alcantara,MIA,SP,186.0,11.0,10.0,0.0,0.0,1.7895702,334.8600594997406,27
14107,Kevin Gausman,TOR,SP,184.0,12.0,10.0,0.0,0.0,1.7912638,333.59254264831543,28
30122,Gavin Williams,CLE,SP,176.0,10.0,10.0,0.0,0.0,1.8863217,331.9926128387451,29
26221,Ryan Pepiot,TBR,SP,174.0,10.0,9.0,0.0,0.0,1.8943349,331.6142747402191,30
10233,Aroldis Chapman,BOS,RP,62.0,5.0,3.0,31.0,2.0,2.7130258,331.20760011672974,31
21390,Joe Ryan,MIN,SP,171.0,11.0,9.0,0.0,0.0,1.8994946,328.8135848045349,32
13543,Blake Snell,LAD,SP,152.0,13.0,7.0,0.0,0.0,2.0801501,328.1828193664551,33
27867,Cade Smith,CLE,RP,70.0,5.0,3.0,30.0,3.0,2.3875375,327.12762355804443,34
11486,Robbie Ray,SFG,SP,179.0,11.0,10.0,0.0,0.0,1.7921139,322.788388133049,35
19569,David Bednar,NYY,RP,65.0,4.0,3.0,33.0,2.0,2.3210578,321.86875677108765,36
22264,Shane Baz,BAL,SP,160.0,11.0,9.0,0.0,0.0,1.9842042,321.4726676940918,37
22201,MacKenzie Gore,TEX,SP,166.0,11.0,9.0,0.0,0.0,1.9112352,321.2650454044342,38
15816,Devin Williams,NYM,RP,64.0,5.0,3.0,32.0,3.0,2.3547955,320.7069091796875,39
15454,Nick Pivetta,SDP,SP,176.0,11.0,9.0,0.0,0.0,1.7978262,320.4174060821533,40
21029,Jhoan Duran,PHI,RP,70.0,6.0,3.0,29.0,3.0,2.3290334,320.0323362350464,41
27468,Reid Detmers,LAA,RP,151.0,10.0,5.0,0.0,1.0,2.0327272,318.9418134689331,42
27914,Daniel Palencia,CHC,RP,67.0,5.0,3.0,30.0,4.0,2.326661,317.8862943649292,43
14212,Josh Hader,HOU,RP,66.0,5.0,3.0,31.0,2.0,2.3409228,317.5009069442749,44
31623,Jacob Misiorowski,MIL,SP,145.0,10.0,4.0,0.0,1.0,2.0913634,317.24769735336304,45
22100,Jose Soriano,LAA,SP,176.0,11.0,9.0,0.0,0.0,1.7769251,316.7388153076172,46
29868,Bubba Chandler,PIT,SP,160.0,10.0,6.0,0.0,1.0,1.9156928,316.51084899902344,47
9132,Nathan Eovaldi,TEX,SP,176.0,11.0,9.0,0.0,0.0,1.751553,312.2733383178711,48
16162,Brandon Woodruff,MIL,SP,157.0,10.0,9.0,0.0,0.0,1.9564866,309.16839349269867,49
16149,Aaron Nola,PHI,SP,180.0,12.0,10.0,0.0,0.0,1.6785772,306.1438932418823,50
35333,Chase Burns,CIN,SP,130.0,9.0,4.0,0.0,1.0,2.25426,305.0538082122803,51
20373,Andres Munoz,SEA,RP,64.0,5.0,3.0,28.0,3.0,2.405663,303.9624328613281,52
19291,Zac Gallen,ARI,SP,187.0,11.0,11.0,0.0,0.0,1.6211964,303.1637247800827,53
19755,Shohei Ohtani,LAD,SP,115.0,10.0,6.0,0.0,0.0,2.5580738,302.17848229408264,54
15689,Luis Castillo,SEA,SP,180.0,12.0,10.0,0.0,0.0,1.6541855,301.7533960342407,55
17479,Jack Flaherty,DET,SP,167.0,11.0,9.0,0.0,0.0,1.7730253,300.0952208042145,56
33703,Nolan McLean,NYM,SP,151.0,11.0,8.0,0.0,0.0,1.9374944,298.56165397167206,57
33825,Yoshinobu Yamamoto,LAD,SP,149.0,13.0,7.0,0.0,0.0,1.9215282,298.3077048063278,58
26253,Ryne Nelson,ARI,SP,168.0,10.0,10.0,0.0,1.0,1.7534496,296.5795259475708,59
15890,Luis Severino,ATH,SP,181.0,10.0,11.0,0.0,0.0,1.6476204,296.21929955482483,60
14374,Tyler Glasnow,LAD,SP,138.0,12.0,7.0,0.0,0.0,2.0640013,294.83218240737915,61
17594,Mitch Keller,PIT,SP,179.0,11.0,10.0,0.0,0.0,1.6358749,294.82160127162933,62
14771,Emilio Pagan,CIN,RP,66.0,4.0,3.0,27.0,4.0,2.265094,294.4962067604065,63
17085,Pablo Lopez,MIN,SP,171.0,11.0,9.0,0.0,0.0,1.6977819,294.3207083940506,64
25377,Brady Singer,CIN,SP,175.0,11.0,11.0,0.0,0.0,1.6814021,294.24536526203156,65
27498,Spencer Strider,ATL,SP,158.0,11.0,9.0,0.0,0.0,1.8359234,294.0759024620056,66
16137,Carlos Rodon,NYY,SP,159.0,11.0,9.0,0.0,0.0,1.8171184,292.92182660102844,67
19853,Michael King,SDP,SP,166.0,10.0,9.0,0.0,0.0,1.7492996,292.3837411403656,68
27474,Max Meyer,MIA,SP,145.0,8.0,3.0,0.0,1.0,1.8990762,287.3660523891449,69
27782,Brandon Pfaadt,ARI,SP,166.0,9.0,10.0,0.0,0.0,1.7397038,286.7908265590668,70
21455,Kris Bubic,KCR,SP,151.0,9.0,5.0,0.0,1.0,1.8252207,285.6083263158798,71
21690,Edward Cabrera,CHC,SP,142.0,10.0,8.0,0.0,0.0,1.9797015,285.11761569976807,72
25327,Abner Uribe,MIL,RP,72.0,5.0,4.0,19.0,7.0,2.413456,284.7688293457031,73
31687,Shane Smith,CHW,SP,169.0,8.0,11.0,0.0,0.0,1.7131518,283.5226563215256,74
17432,Jeff Hoffman,TOR,RP,63.0,4.0,3.0,26.0,4.0,2.2483997,281.64918327331543,75
30134,Tanner Bibee,CLE,SP,181.0,10.0,10.0,0.0,0.0,1.5556028,281.56410479545593,76
27473,Cade Cavalli,WSN,SP,152.0,7.0,9.0,0.0,0.0,1.878038,281.46178340911865,77
18138,Ryan Helsley,BAL,RP,64.0,4.0,3.0,25.0,4.0,2.2663965,280.04937744140625,78
15440,Matthew Boyd,CHC,SP,172.0,11.0,10.0,0.0,0.0,1.6050229,278.0639400482178,79
25977,Quinn Priester,MIL,SP,170.0,11.0,9.0,0.0,0.0,1.6088603,277.50624322891235,80
23335,Joey Cantillo,CLE,SP,149.0,9.0,4.0,0.0,1.0,1.7796104,277.16194891929626,81
17277,Ranger Suarez,BOS,SP,170.0,11.0,10.0,0.0,0.0,1.6167439,276.84646677970886,82
22286,Trevor Rogers,BAL,SP,156.0,10.0,9.0,0.0,0.0,1.7539468,275.6156978607178,83
26378,Nick Lodolo,CIN,SP,151.0,10.0,9.0,0.0,0.0,1.8092148,275.1914393901825,84
19716,Dustin May,STL,SP,155.0,8.0,5.0,0.0,1.0,1.7212629,274.7957544326782,85
17130,Raisel Iglesias,ATL,RP,66.0,4.0,3.0,26.0,4.0,2.0253437,273.6726813316345,86
17998,Pete Fairbanks,MIA,RP,62.0,4.0,3.0,27.0,4.0,2.068625,273.2547483444214,87
29911,Andrew Abbott,CIN,SP,169.0,10.0,11.0,0.0,0.0,1.6282306,273.1709666252136,88
20633,Yusei Kikuchi,LAA,SP,177.0,10.0,10.0,0.0,0.0,1.5338471,271.49093556404114,89
11156,Merrill Kelly,ARI,SP,174.0,10.0,10.0,0.0,0.0,1.5459292,268.9916796684265,90
17878,Dennis Santana,PIT,RP,68.0,4.0,3.0,26.0,5.0,1.853851,268.06186532974243,91
23793,Braxton Ashcraft,PIT,SP,143.0,9.0,4.0,0.0,1.0,1.7859076,267.3847905397415,92
12304,Chris Bassitt,BAL,SP,175.0,11.0,11.0,0.0,1.0,1.5106612,266.3657177686691,93
30146,Jack Leiter,TEX,SP,154.0,10.0,9.0,0.0,0.0,1.7128294,265.7757201194763,94
14542,Carlos Estevez,KCR,RP,65.0,4.0,3.0,31.0,2.0,1.6020377,265.1324484348297,95
23796,Ryan Weathers,NYY,SP,130.0,9.0,7.0,0.0,1.0,1.9715683,262.30388498306274,96
13649,Clay Holmes,NYM,SP,156.0,11.0,9.0,0.0,0.0,1.633344,258.8016724586487,97
14078,Michael Wacha,KCR,SP,171.0,10.0,11.0,0.0,0.0,1.5093396,256.0970666408539,98
19249,Seranthony Dominguez,CHW,RP,63.0,4.0,3.0,20.0,6.0,2.2468703,255.55282759666443,99
20492,Casey Mize,DET,SP,154.0,10.0,9.0,0.0,0.0,1.6438248,255.1490216255188,100
20423,Ryan Walker,SFG,RP,63.0,4.0,3.0,27.0,5.0,1.7029123,254.2834768295288,101
20253,Griffin Jax,TBR,SP,67.0,5.0,3.0,12.0,10.0,2.499908,251.49383401870728,102
29837,Bryce Miller,SEA,SP,143.0,10.0,8.0,0.0,0.0,1.7302245,251.4221020936966,103
11674,Jameson Taillon,CHC,SP,162.0,10.0,10.0,0.0,0.0,1.54815,250.8002908229828,104
32095,Cameron Schlittler,NYY,SP,129.0,9.0,7.0,0.0,0.0,1.9115238,250.58657264709473,105
30113,Chad Patrick,MIL,SP,141.0,9.0,8.0,0.0,0.0,1.7601535,250.18164801597595,106
24728,Mike Burrows,HOU,SP,142.0,9.0,6.0,0.0,1.0,1.6975473,249.0517189502716,107
27494,Clayton Beeter,WSN,RP,63.0,4.0,3.0,17.0,9.0,2.273071,248.20347619056702,108
33829,Shota Imanaga,CHC,SP,153.0,9.0,9.0,0.0,0.0,1.6175584,247.48642909526825,109
33927,Grant Taylor,CHW,SP,92.0,7.0,4.0,5.0,15.0,2.0172675,246.58860683441162,110
17606,Cristian Javier,HOU,SP,154.0,9.0,11.0,0.0,0.0,1.6256151,246.34472846984863,111
21448,Davis Martin,CHW,SP,156.0,7.0,10.0,0.0,0.0,1.6129621,245.62209177017212,112
16256,Kyle Freeland,COL,SP,169.0,7.0,12.0,0.0,0.0,1.5081416,244.875936627388,113
27500,Slade Cecconi,CLE,SP,154.0,8.0,10.0,0.0,0.0,1.6109767,244.09041118621826,114
15873,Sean Manaea,NYM,SP,134.0,9.0,8.0,0.0,1.0,1.788841,243.70469522476196,115
22543,Taj Bradley,MIN,SP,129.0,7.0,3.0,0.0,1.0,1.8082885,243.2692106962204,116
24614,Victor Vodnik,COL,RP,64.0,4.0,3.0,22.0,4.0,1.9185559,242.7875747680664,117
17722,Trevor Megill,MIL,RP,66.0,5.0,3.0,11.0,9.0,2.5094795,242.62564849853516,118
8700,Justin Verlander,DET,SP,143.0,9.0,9.0,0.0,0.0,1.6882498,241.41972517967224,119
23920,Brayan Bello,BOS,SP,160.0,10.0,10.0,0.0,0.0,1.5073342,241.17347717285156,120
20302,David Peterson,NYM,SP,171.0,12.0,9.0,0.0,0.0,1.3751327,241.14768826961517,121
30182,Will Warren,NYY,SP,135.0,9.0,4.0,0.0,1.0,1.6903098,240.1918179988861,122
12718,Adrian Houser,SFG,SP,147.0,9.0,9.0,0.0,0.0,1.6320751,239.9150354862213,123
24763,Kyle Leahy,STL,SP,127.0,7.0,3.0,0.0,1.0,1.7940199,237.84053206443787,124
17677,Jeffrey Springs,ATH,SP,174.0,9.0,12.0,0.0,0.0,1.39245,236.28629565238953,125
22487,Johan Oviedo,BOS,SP,120.0,7.0,3.0,0.0,1.0,1.880361,235.64331531524658,126
30184,Noah Cameron,KCR,SP,148.0,8.0,10.0,0.0,0.0,1.6141111,234.88843774795532,127
16944,Grant Holmes,ATL,SP,127.0,8.0,3.0,0.0,1.0,1.7476436,233.9507359266281,128
3096,Kenley Jansen,DET,RP,60.0,3.0,3.0,23.0,4.0,1.8381912,233.29146909713745,129
31827,Zebby Matthews,MIN,SP,116.0,7.0,3.0,0.0,1.0,1.9158376,232.23716688156128,130
25098,Jacob Lopez,ATH,SP,138.0,8.0,9.0,0.0,0.0,1.6966602,232.13910222053528,131
23363,Robert Garcia,TEX,RP,64.0,4.0,3.0,20.0,6.0,1.8415344,231.8582000732422,132
20539,Edwin Uceta,TBR,RP,70.0,4.0,3.0,12.0,12.0,2.0706809,230.94765996932983,133
31972,Brad Lord,WSN,SP,152.0,7.0,5.0,0.0,1.0,1.4728242,229.8692808151245,134
26108,Andre Pallante,STL,SP,148.0,8.0,9.0,0.0,0.0,1.5610436,229.0344557762146,135
16358,Tyler Mahle,SFG,SP,148.0,8.0,9.0,0.0,0.0,1.5533037,227.8889503479004,136
12447,Seth Lugo,KCR,SP,158.0,9.0,11.0,0.0,0.0,1.4607219,226.79405236244202,137
31475,Logan Henderson,MIL,SP,113.0,7.0,3.0,0.0,1.0,1.9001656,224.71870803833008,138
19350,Dean Kremer,BAL,SP,139.0,9.0,9.0,0.0,1.0,1.5983921,224.17650592327118,139
31986,Parker Messick,CLE,SP,127.0,7.0,8.0,0.0,0.0,1.7776767,223.76494109630585,140
22294,Matthew Liberatore,STL,SP,154.0,8.0,10.0,0.0,0.0,1.4739364,222.98621153831482,141
13361,Steven Matz,TBR,SP,138.0,8.0,5.0,0.0,1.0,1.5563736,222.77955627441406,142
31838,Kodai Senga,NYM,SP,125.0,8.0,4.0,0.0,1.0,1.6902103,221.27629280090332,143
15474,Lucas Giolito,BOS,SP,157.0,9.0,11.0,0.0,0.0,1.4339577,221.13135826587677,144
19427,Shane Bieber,TOR,SP,124.0,8.0,7.0,0.0,0.0,1.7569312,219.85946702957153,145
15823,Zack Littell,- - -,SP,166.0,9.0,11.0,0.0,0.0,1.348371,219.82959079742432,146
31872,Cade Horton,CHC,SP,134.0,9.0,8.0,0.0,0.0,1.6205735,219.15685176849365,147
17897,Garrett Cleavinger,TBR,RP,66.0,4.0,3.0,8.0,13.0,2.2514367,216.59482288360596,148
13449,Taylor Rogers,MIN,RP,61.0,4.0,3.0,20.0,5.0,1.6911685,215.16128134727478,149
12730,Nick Martinez,TBR,SP,143.0,8.0,9.0,0.0,1.0,1.4866108,212.58534014225006,150
30076,Landen Roupp,SFG,SP,130.0,8.0,5.0,0.0,1.0,1.5610075,210.93097496032715,151
20348,Riley O'Brien,STL,RP,63.0,4.0,3.0,16.0,9.0,1.7504995,210.28146767616272,152
30115,Robert Suarez,ATL,RP,67.0,4.0,3.0,8.0,11.0,2.1731713,209.60247588157654,153
29878,Sean Burke,CHW,SP,140.0,7.0,9.0,0.0,0.0,1.5226583,209.17216873168945,154
22210,Jeremiah Estrada,SDP,RP,70.0,5.0,3.0,1.0,17.0,2.3379335,206.65534782409668,155
16609,Bryan Abreu,HOU,RP,68.0,5.0,3.0,3.0,13.0,2.3524284,204.9651336669922,156
14168,Jose Berrios,TOR,SP,140.0,7.0,3.0,0.0,1.0,1.3851379,203.9193081855774,157
3137,Max Scherzer,TOR,SP,117.0,7.0,8.0,0.0,0.0,1.7339598,200.87329590320587,158
27570,Cole Henry,WSN,RP,64.0,3.0,3.0,16.0,8.0,1.633978,200.57459259033203,159
19574,JoJo Romero,STL,RP,64.0,4.0,3.0,14.0,9.0,1.7077699,199.29727172851562,160
19479,Aaron Civale,ATH,SP,131.0,7.0,9.0,0.0,0.0,1.5499073,199.03785979747772,161
21224,Bailey Ober,MIN,SP,137.0,7.0,6.0,0.0,1.0,1.4223577,198.86300194263458,162
12828,Andrew Kittredge,BAL,RP,67.0,4.0,3.0,4.0,13.0,2.2422302,198.22942185401917,163
19876,Kevin Ginkel,ARI,RP,62.0,4.0,3.0,12.0,11.0,1.826899,197.2677412033081,164
18383,Michael Soroka,ARI,SP,96.0,6.0,3.0,2.0,4.0,1.804131,197.1965789794922,165
24494,Simeon Woods Richardson,MIN,SP,123.0,7.0,4.0,0.0,1.0,1.5301312,196.2061401605606,166
32227,Luis Morales,ATH,SP,123.0,7.0,8.0,0.0,1.0,1.5761578,193.86741042137146,167
13774,Zach Eflin,BAL,SP,150.0,9.0,10.0,0.0,1.0,1.2869345,193.04017424583435,168
29869,Michael McGreevy,STL,SP,149.0,8.0,6.0,0.0,1.0,1.2429734,191.20304358005524,169
33482,Chase Dollander,COL,SP,126.0,6.0,9.0,0.0,0.0,1.5543641,189.84987473487854,170
14843,Michael Lorenzen,COL,SP,130.0,5.0,11.0,0.0,0.0,1.5479075,189.2279713153839,171
16918,Luke Weaver,NYM,RP,67.0,4.0,3.0,4.0,14.0,2.0733778,188.9163157939911,172
17586,Tanner Scott,LAD,RP,63.0,4.0,3.0,4.0,15.0,2.1619558,188.2032175064087,173
20191,Garrett Whitlock,BOS,RP,70.0,5.0,3.0,3.0,14.0,2.013694,187.95858335494995,174
24719,Randy Vasquez,SDP,SP,135.0,8.0,10.0,0.0,1.0,1.4044279,187.5977646112442,175
35323,Roki Sasaki,LAD,SP,128.0,8.0,4.0,0.0,1.0,1.385776,187.37933349609375,176
13164,Eduardo Rodriguez,ARI,SP,133.0,7.0,9.0,0.0,1.0,1.4195685,186.8026156425476,177
29629,Matt Svanson,STL,RP,65.0,4.0,3.0,6.0,15.0,1.9095281,186.1193288564682,178
20039,Adrian Morejon,SDP,RP,68.0,5.0,3.0,3.0,13.0,2.0746958,186.0793161392212,179
27694,Justin Sterner,ATH,SP,65.0,4.0,3.0,8.0,10.0,1.9073325,185.9766150712967,180
21306,Jacob Latz,TEX,SP,104.0,6.0,3.0,0.0,1.0,1.7100081,185.84084701538086,181
21520,Hogan Harris,ATH,RP,66.0,3.0,3.0,10.0,11.0,1.7071364,184.67100191116333,182
9323,Patrick Corbin,TEX,SP,133.0,8.0,9.0,0.0,0.0,1.3958282,183.64515686035156,183
18064,Phil Maton,CHC,RP,65.0,4.0,3.0,4.0,14.0,2.0556405,183.61662983894348,184
21052,Luis Gil,NYY,SP,104.0,6.0,3.0,0.0,1.0,1.6885176,183.60582733154297,185
30160,Richard Fitts,STL,SP,110.0,6.0,3.0,0.0,1.0,1.5878489,182.6633791923523,186
29950,Jordan Leasure,CHW,SP,64.0,4.0,3.0,5.0,11.0,2.0874376,182.59600830078125,187
19769,Will Vest,DET,RP,68.0,5.0,3.0,5.0,12.0,1.9057492,182.5909457206726,188
20099,Chris Paddack,MIA,SP,134.0,7.0,9.0,0.0,1.0,1.3742644,182.1514241695404,189
15734,Brad Keller,PHI,SP,68.0,4.0,3.0,2.0,16.0,2.0211873,181.44073677062988,190
19926,Tony Santillan,CIN,RP,70.0,4.0,3.0,4.0,13.0,1.902836,181.19851756095886,191
30105,Mike Vasil,CHW,SP,92.0,5.0,5.0,1.0,14.0,1.6087435,181.00440645217896,192
14120,Lance McCullers Jr.,HOU,SP,117.0,7.0,5.0,0.0,1.0,1.4944137,180.84640681743622,193
31843,Kumar Rocker,TEX,SP,114.0,7.0,7.0,0.0,1.0,1.5543641,179.19750571250916,194
24017,Jose A. Ferrer,SEA,RP,70.0,5.0,3.0,3.0,16.0,1.8292751,179.04925918579102,195
25007,Alex Vesia,LAD,RP,61.0,4.0,3.0,1.0,18.0,2.2217717,178.52807474136353,196
17556,Jimmy Herget,COL,RP,77.0,5.0,3.0,2.0,15.0,1.7335829,177.485879778862,197
21446,Ryan Feltner,COL,SP,105.0,5.0,5.0,0.0,1.0,1.6472846,174.9648858308792,198
19996,Dylan Lee,ATL,RP,65.0,4.0,3.0,1.0,16.0,2.0899942,174.84962248802185,199
12857,Shawn Armstrong,CLE,SP,68.0,4.0,3.0,3.0,16.0,1.846878,174.58770751953125,200
12095,Yimi Garcia,TOR,RP,60.0,4.0,3.0,4.0,11.0,2.1742864,174.457181930542,201
17780,Jose Alvarado,PHI,RP,64.0,4.0,3.0,3.0,12.0,2.0849967,174.43978881835938,202
7048,Fernando Cruz,NYY,RP,61.0,4.0,3.0,1.0,16.0,2.1977284,173.0614321231842,203
19804,Bryan Baker,TBR,RP,63.0,4.0,3.0,3.0,12.0,2.0888174,172.59549355506897,204
19677,Gregory Soto,PIT,RP,61.0,4.0,3.0,4.0,14.0,2.006882,172.41979908943176,205
27691,Louie Varland,TOR,SP,67.0,5.0,3.0,2.0,13.0,1.9748435,172.3145146369934,206
25636,Hunter Gaddis,CLE,RP,66.0,4.0,3.0,3.0,14.0,1.9269071,172.17586612701416,207
27779,Bryce Elder,ATL,SP,115.0,7.0,4.0,0.0,1.0,1.4265622,172.05465185642242,208
31846,Spencer Schwellenbach,ATL,SP,87.0,6.0,4.0,0.0,0.0,1.9314777,172.03855693340302,209
27756,Mick Abel,MIN,SP,99.0,6.0,2.0,0.0,1.0,1.634597,171.82509744167328,210
20116,Calvin Faucher,MIA,RP,64.0,4.0,3.0,5.0,11.0,1.9085741,171.14874267578125,211
27932,Ian Seymour,TBR,SP,94.0,5.0,3.0,0.0,1.0,1.754992,170.96924877166748,212
27758,Kyle Harrison,MIL,SP,95.0,5.0,3.0,0.0,1.0,1.7327346,170.6097832918167,213
26252,Erik Miller,SFG,RP,62.0,4.0,3.0,4.0,15.0,1.9099098,170.4144103527069,214
13799,Matt Strahm,KCR,RP,66.0,4.0,3.0,1.0,17.0,1.9545357,169.9993577003479,215
23237,Juan Mejia,COL,RP,66.0,4.0,3.0,3.0,14.0,1.8905098,169.7736496925354,216
31730,Jonathan Cannon,CHW,SP,105.0,5.0,3.0,0.0,1.0,1.5543641,169.20822894573212,217
21951,Joel Peguero,SFG,RP,64.0,4.0,3.0,6.0,12.0,1.7489338,167.9317626953125,218
15009,Kyle Finnegan,DET,RP,64.0,4.0,3.0,4.0,13.0,1.8478801,166.2643280029297,219
19867,Griffin Canning,SDP,SP,112.0,7.0,7.0,0.0,1.0,1.4661834,166.21254348754883,220
27517,Jared Koenig,MIL,RP,65.0,4.0,3.0,1.0,15.0,1.9845676,165.9968967437744,221
25756,Matt Brash,SEA,RP,63.0,4.0,3.0,3.0,12.0,1.9779712,165.61218535900116,222
24978,Erik Sabrowski,CLE,RP,61.0,4.0,3.0,0.0,14.0,2.2180214,165.2993049621582,223
29914,Andrew Alvarez,WSN,SP,110.0,5.0,3.0,0.0,1.0,1.4474187,165.21605587005615,224
27552,Graham Ashcraft,CIN,RP,65.0,4.0,3.0,2.0,16.0,1.8633177,165.11565232276917,225
9803,Miles Mikolas,WSN,SP,139.0,6.0,10.0,0.0,0.0,1.243586,164.8584462404251,226
12880,Tyler Anderson,LAA,SP,126.0,6.0,9.0,0.0,0.0,1.3530658,164.48629689216614,227
23550,Aaron Ashby,MIL,SP,64.0,4.0,3.0,1.0,13.0,2.0511217,164.27178955078125,228
13580,Steven Okert,HOU,SP,64.0,4.0,3.0,0.0,14.0,2.0954034,164.10581970214844,229
11426,Drew Pomeranz,LAA,SP,58.0,4.0,3.0,4.0,11.0,2.0585911,163.39828538894653,230
15541,Tyler Rogers,TOR,RP,74.0,5.0,4.0,2.0,18.0,1.5522705,162.86801934242249,231
15551,Mark Leiter Jr.,ATH,RP,64.0,4.0,3.0,6.0,13.0,1.6327102,162.4934539794922,232
15947,Ryne Stanek,STL,RP,60.0,4.0,3.0,2.0,12.0,2.0920887,161.52532196044922,233
27589,Logan Allen,CLE,SP,123.0,6.0,5.0,0.0,1.0,1.2765518,161.01587665081024,234
10078,Caleb Thielbar,CHC,RP,66.0,4.0,3.0,1.0,15.0,1.8781167,160.95570397377014,235
25890,Bryan King,HOU,RP,67.0,4.0,3.0,1.0,17.0,1.79001,160.93066835403442,236
30240,Hunter Dobbins,STL,SP,96.0,5.0,3.0,0.0,1.0,1.6095353,160.5153923034668,237
29770,Mason Montgomery,PIT,RP,60.0,4.0,3.0,2.0,12.0,2.0624518,159.7471103668213,238
11423,Jose Quintana,COL,SP,145.0,6.0,11.0,0.0,0.0,1.1660976,159.0841579437256,239
33527,Hurston Waldrep,ATL,SP,91.0,6.0,6.0,0.0,0.0,1.7396488,158.30804252624512,240
21461,Cole Sands,MIN,SP,68.0,4.0,3.0,2.0,13.0,1.7625941,157.85639905929565,241
19362,Keegan Akin,BAL,SP,66.0,4.0,3.0,3.0,15.0,1.6719168,157.34651160240173,242
31776,Orion Kerkering,PHI,RP,63.0,4.0,3.0,1.0,13.0,1.9700061,157.11038482189178,243
22113,Cole Winn,TEX,RP,63.0,3.0,3.0,6.0,11.0,1.6665841,156.99480044841766,244
21992,Camilo Doval,NYY,RP,64.0,4.0,3.0,2.0,14.0,1.8252791,156.81786346435547,245
15038,German Marquez,SDP,SP,140.0,5.0,12.0,0.0,1.0,1.2042636,156.59689950942993,246
9073,Kirby Yates,LAA,RP,56.0,3.0,3.0,5.0,12.0,1.9092207,155.9163589477539,247
25420,Ryan Zeferjahn,LAA,SP,63.0,4.0,3.0,1.0,13.0,1.9332893,154.7972252368927,248
11836,Taijuan Walker,PHI,SP,122.0,6.0,3.0,0.0,1.0,1.201694,154.60666942596436,249
12572,Blake Treinen,LAD,RP,58.0,4.0,3.0,1.0,14.0,2.0487556,153.82782745361328,250
20375,Greg Weissert,BOS,RP,65.0,4.0,3.0,1.0,17.0,1.7134598,152.37489020824432,251
29608,Joe Boyle,TBR,SP,70.0,4.0,2.0,0.0,1.0,2.089268,152.24875783920288,252
26191,Kade Strowd,ARI,RP,60.0,4.0,3.0,3.0,12.0,1.8474574,151.84744453430176,253
18297,Tyler Kinley,ATL,RP,63.0,4.0,3.0,0.0,13.0,1.957412,151.316956281662,254
25648,Justin Slaten,BOS,RP,61.0,4.0,3.0,0.0,13.0,2.00667,150.40686988830566,255
17170,Gabe Speier,SEA,RP,58.0,4.0,3.0,0.0,12.0,2.1402886,150.1367383003235,256
24993,Kody Funderburk,MIN,RP,65.0,4.0,3.0,3.0,15.0,1.5829321,149.8905874490738,257
15145,Justin Topa,MIN,SP,63.0,4.0,3.0,6.0,11.0,1.5158057,149.49576044082642,258
27649,Connor Phillips,CIN,RP,56.0,3.0,3.0,0.0,7.0,2.4184084,149.43087005615234,259
20629,Tyler Phillips,MIA,SP,68.0,3.0,3.0,3.0,15.0,1.532222,149.1910982131958,260
21662,Elvis Alvarado,ATH,RP,58.0,4.0,3.0,3.0,10.0,1.9316945,149.03828144073486,261
20997,Eduard Bazardo,SEA,RP,68.0,4.0,3.0,1.0,14.0,1.664135,148.1611785888672,262
16943,Sean Newcomb,CHW,SP,69.0,4.0,2.0,2.0,10.0,1.6500883,147.85609340667725,263
19360,Lucas Erceg,KCR,RP,62.0,4.0,3.0,2.0,13.0,1.7713163,147.82160997390747,264
19374,Walker Buehler,- - -,SP,114.0,7.0,8.0,0.0,0.0,1.3104737,147.3939995765686,265
23394,PJ Poulin,WSN,RP,61.0,3.0,3.0,2.0,15.0,1.7368398,145.94722604751587,266
20385,Isaac Mattson,PIT,RP,64.0,3.0,3.0,2.0,13.0,1.7105926,145.4779281616211,267
23301,Janson Junk,MIA,SP,92.0,5.0,3.0,0.0,1.0,1.5096368,144.8865818977356,268
31508,Caden Dana,LAA,SP,91.0,5.0,6.0,0.0,0.0,1.6120502,144.69656598567963,269
33294,Seth Halvorsen,COL,RP,60.0,4.0,3.0,3.0,11.0,1.7476777,143.86066102981567,270
20000,Tyler Wells,BAL,SP,73.0,4.0,2.0,0.0,7.0,1.7215378,143.67226147651672,271
31616,David Morgan,SDP,SP,62.0,4.0,3.0,0.0,13.0,1.8639749,143.56644558906555,272
23313,Jose Butto,SFG,RP,61.0,3.0,3.0,2.0,13.0,1.7619131,143.47669672966003,273
13435,Pierce Johnson,CIN,RP,61.0,4.0,3.0,1.0,12.0,1.8425932,143.39818477630615,274
11847,Chris Martin,TEX,RP,54.0,3.0,3.0,4.0,12.0,1.83958,143.33732318878174,275
29921,Spencer Arrighetti,HOU,SP,87.0,5.0,3.0,0.0,1.0,1.5734748,142.89230453968048,276
20020,John Schreiber,KCR,RP,64.0,4.0,3.0,1.0,13.0,1.7163093,142.8437957763672,277
30226,Spencer Bivens,SFG,RP,70.0,4.0,3.0,1.0,14.0,1.5398566,142.78995871543884,278
20023,Rico Garcia,BAL,SP,56.0,3.0,3.0,0.0,10.0,2.1901467,142.64821434020996,279
13932,Dietrich Enns,BAL,SP,62.0,4.0,3.0,0.0,13.0,1.8406487,142.1202163696289,280
10061,Brooks Raley,NYM,RP,62.0,4.0,3.0,1.0,14.0,1.726578,142.04783582687378,281
19742,Anthony Bender,MIA,RP,61.0,4.0,3.0,1.0,12.0,1.8201996,142.03217613697052,282
12791,Michael Kelly,ATH,RP,60.0,3.0,3.0,3.0,11.0,1.746734,141.80404138565063,283
26231,Tyler Holton,DET,SP,72.0,4.0,4.0,1.0,14.0,1.5098461,141.70891857147217,284
35321,Tomoyuki Sugano,COL,SP,116.0,4.0,9.0,0.0,0.0,1.3027941,141.12411546707153,285
16647,Ryan Thompson,ARI,RP,64.0,4.0,3.0,1.0,16.0,1.5850173,140.44110870361328,286
17968,Brock Burke,CIN,SP,62.0,4.0,3.0,1.0,13.0,1.7274559,140.1022629737854,287
21504,Jake Irvin,WSN,SP,97.0,4.0,3.0,0.0,1.0,1.4008708,139.88446760177612,288
14706,Anthony Banda,MIN,SP,60.0,3.0,3.0,1.0,12.0,1.8017498,137.104989528656,289
22288,Mason Englert,TBR,RP,60.0,3.0,3.0,1.0,12.0,1.7598021,134.58812618255615,290
19444,Yohan Ramirez,PIT,RP,56.0,4.0,3.0,0.0,10.0,1.998953,133.94136714935303,291
21574,Brendon Little,TOR,RP,54.0,4.0,3.0,0.0,10.0,2.0586374,133.16641855239868,292
16990,Tanner Banks,PHI,SP,62.0,4.0,3.0,0.0,12.0,1.7225132,132.79581832885742,293
6984,Luis Garcia,NYM,RP,59.0,4.0,3.0,0.0,13.0,1.7694445,132.39722347259521,294
25376,Nick Mears,KCR,RP,60.0,3.0,3.0,0.0,12.0,1.8039596,132.23757648468018,295
13619,Jakob Junis,TEX,RP,65.0,3.0,3.0,1.0,14.0,1.5221725,131.94120931625366,296
25911,Yennier Cano,BAL,RP,60.0,4.0,3.0,1.0,13.0,1.6475612,131.85367155075073,297
24607,Jonathan Bowlan,PHI,SP,56.0,3.0,3.0,0.0,10.0,1.9762154,130.66806030273438,298
14739,Paul Blackburn,NYY,SP,67.0,3.0,2.0,0.0,12.0,1.5621566,130.66448938846588,299
19330,Matt Festa,CLE,RP,58.0,3.0,3.0,0.0,12.0,1.8314769,130.22566175460815,300
18403,Enyel De Los Santos,HOU,RP,60.0,3.0,3.0,0.0,12.0,1.7665766,129.99459886550903,301
17312,Justin Steele,CHC,SP,81.0,5.0,4.0,0.0,0.0,1.5759443,129.65148866176605,302
20349,Zack Kelly,BOS,RP,58.0,3.0,3.0,0.0,12.0,1.819831,129.55019879341125,303
31807,Troy Melton,DET,SP,74.0,5.0,2.0,0.0,1.0,1.639493,129.3224811553955,304
19178,Tommy Nance,TOR,RP,58.0,4.0,3.0,0.0,12.0,1.7710866,128.7230212688446,305
16122,Jordan Romano,LAA,RP,57.0,3.0,3.0,1.0,10.0,1.8169594,128.5666847229004,306
26215,Jackson Rutledge,WSN,RP,57.0,3.0,3.0,1.0,11.0,1.7759854,128.23116552829742,307
20546,Grant Anderson,MIL,RP,56.0,3.0,3.0,0.0,10.0,1.9278568,127.95998096466064,308
27470,Emerson Hancock,SEA,SP,81.0,4.0,3.0,0.0,1.0,1.5267805,127.66921937465668,309
22717,Angel Zerpa,MIL,SP,60.0,4.0,3.0,0.0,12.0,1.6914078,127.48446798324585,310
14295,Wandy Peralta,SDP,SP,59.0,3.0,3.0,0.0,12.0,1.7470099,127.07358253002167,311
12317,Colin Rea,CHC,SP,81.0,4.0,3.0,0.0,1.0,1.5163814,126.82689201831818,312
27572,Carmen Mlodzinski,PIT,SP,67.0,4.0,2.0,0.0,4.0,1.70924,126.51907730102539,313
15256,Cole Sulser,TBR,RP,55.0,3.0,3.0,0.0,10.0,1.8978072,124.37939822673798,314
6107,Huascar Brazoban,NYM,SP,56.0,3.0,3.0,0.0,11.0,1.7869334,122.06827163696289,315
16814,Tim Hill,NYY,RP,66.0,4.0,3.0,0.0,15.0,1.3630148,121.95897793769836,316
19349,Caleb Ferguson,CIN,RP,58.0,4.0,3.0,0.0,10.0,1.7197007,121.74264025688171,317
27702,Brent Headrick,NYY,RP,50.0,3.0,2.0,0.0,5.0,2.1819768,121.09883975982666,318
14993,Scott Barlow,ATH,SP,54.0,3.0,3.0,2.0,9.0,1.7217349,120.97368359565735,319
21267,Jake Bird,NYY,RP,53.0,3.0,3.0,0.0,10.0,1.9039433,120.9089949131012,320
24968,Reese Olson,DET,SP,68.2,4.0,4.0,0.0,0.0,1.7694968,120.67968165874481,321
30085,Ben Casparius,LAD,SP,55.0,3.0,3.0,0.0,13.0,1.7157866,120.36826169490814,322
16258,Aaron Bummer,ATL,SP,60.0,4.0,3.0,0.0,12.0,1.5717574,120.3054461479187,323
33850,Brandon Sproat,MIL,SP,74.0,4.0,2.0,0.0,1.0,1.535801,119.64927792549133,324
30249,Jack Dreyer,LAD,SP,54.0,3.0,3.0,0.0,12.0,1.7710068,119.63436841964722,325
11861,Jason Adam,SDP,RP,51.0,3.0,3.0,0.0,7.0,2.0483053,118.46356892585754,326
31635,Hayden Birdsong,SFG,SP,62.0,3.0,2.0,0.0,1.0,1.8461713,118.46261811256409,327
30133,Brant Hurter,DET,SP,55.0,3.0,3.0,0.0,9.0,1.8191832,118.0550776720047,328
17611,Taylor Clarke,ARI,RP,56.0,3.0,3.0,0.0,10.0,1.750964,118.05398654937744,329
27626,Eric Orze,MIN,RP,56.0,3.0,3.0,0.0,10.0,1.7496059,117.97793006896973,330
17735,Tyler Alexander,TEX,SP,70.0,3.0,3.0,0.0,11.0,1.369458,117.86205720901489,331
31815,Cade Gibson,MIA,SP,60.0,3.0,3.0,0.0,12.0,1.5486681,116.92008876800537,332
25139,Tim Herrin,CLE,RP,54.0,3.0,3.0,0.0,10.0,1.7871673,116.50703477859497,333
16835,Brennan Bernardino,COL,SP,58.0,3.0,3.0,2.0,10.0,1.4706177,115.29582381248474,334
24609,Braydon Fisher,TOR,SP,52.0,3.0,3.0,0.0,7.0,1.9437611,115.07557773590088,335
19618,Jordan Hicks,CHW,SP,56.0,3.0,3.0,0.0,9.0,1.7306206,114.91475486755371,336
29519,Gordon Graceffo,STL,RP,58.0,3.0,3.0,0.0,12.0,1.5669522,114.88322925567627,337
13346,Hoby Milner,CHC,RP,60.0,4.0,3.0,0.0,13.0,1.4456954,114.74172401428223,338
19274,Jacob Webb,CHC,RP,54.0,3.0,3.0,0.0,11.0,1.7126939,114.48547220230103,339
33826,Yuki Matsui,SDP,RP,53.0,3.0,3.0,0.0,10.0,1.778914,114.28244066238403,340
13942,Brent Suter,LAA,SP,60.0,3.0,3.0,0.0,12.0,1.4954695,113.72816705703735,341
13431,Marcus Stroman,NYY,SP,87.0,6.0,6.0,0.0,0.0,1.3037903,113.42975878715515,342
21345,Bennett Sousa,HOU,RP,50.0,3.0,2.0,0.0,4.0,2.0678506,113.39252948760986,343
21205,Connor Brogdon,CLE,RP,52.0,3.0,3.0,0.0,7.0,1.9104569,113.34375858306885,344
25921,Casey Legumina,SEA,SP,54.0,3.0,3.0,0.0,7.0,1.8303202,112.83729290962219,345
33699,Logan Evans,SEA,SP,81.1,6.0,5.0,0.0,0.0,1.3656968,112.75800949335097,346
15488,Antonio Senzatela,COL,SP,88.0,4.0,3.0,0.0,1.0,1.2317588,112.39477729797363,347
21487,Stephen Kolek,KCR,SP,81.0,4.0,2.0,0.0,1.0,1.3086703,112.00229287147522,348
22915,Carlos Vargas,SEA,RP,56.0,3.0,3.0,0.0,10.0,1.6405504,111.87082099914551,349
22304,Brenan Hanifee,DET,RP,58.0,3.0,3.0,0.0,11.0,1.5487846,111.82950758934021,350
17425,Erick Fedde,CHW,SP,99.0,4.0,8.0,0.0,1.0,1.188512,111.66268479824066,351
31204,Justin Wrobleski,LAD,SP,56.0,3.0,2.0,0.0,1.0,1.8907665,109.88292407989502,352
33908,Jose Fermin,LAA,RP,52.0,3.0,3.0,0.0,7.0,1.8368794,109.51772737503052,353
14332,Joel Payamps,ATL,RP,53.0,3.0,3.0,0.0,9.0,1.7162074,108.95899140834808,354
27636,Mitchell Parker,WSN,SP,78.0,4.0,2.0,0.0,1.0,1.2924819,106.81358814239502,355
27668,Brandon Eisert,CHW,SP,54.0,3.0,3.0,0.0,6.0,1.7525167,106.63590431213379,356
19316,Eric Lauer,TOR,SP,63.0,3.0,3.0,0.0,4.0,1.5635463,106.5034168958664,357
26413,Porter Hodge,CHC,RP,50.0,3.0,2.0,0.0,5.0,1.8724539,105.62269639968872,358
19261,Ian Hamilton,ATL,SP,50.0,3.0,2.0,0.0,7.0,1.7867817,105.33908343315125,359
27889,J.T. Ginn,ATH,SP,58.0,3.0,2.0,0.0,1.0,1.734794,104.61805319786072,360
29863,Ryan Bergert,KCR,SP,65.0,3.0,2.0,0.0,1.0,1.5351374,103.78393197059631,361
22872,Yoendrys Gomez,TBR,SP,58.0,3.0,1.0,0.0,1.0,1.6708068,102.90679240226746,362
31764,A.J. Blubaugh,HOU,SP,51.0,2.0,2.0,0.0,1.0,1.9778249,102.86907124519348,363
30250,Jaden Hill,COL,RP,52.0,3.0,3.0,0.0,6.0,1.7432483,102.64891386032104,364
21537,Daniel Lynch IV,KCR,SP,59.0,3.0,3.0,0.0,11.0,1.3648403,102.52557587623596,365
16502,Ryan Yarbrough,NYY,SP,61.0,3.0,2.0,0.0,7.0,1.4139538,102.25118064880371,366
20070,Bailey Falter,KCR,SP,73.0,3.0,2.0,0.0,4.0,1.262737,102.17980360984802,367
16727,Brock Stewart,LAD,RP,44.0,3.0,2.0,0.0,1.0,2.22534,101.91495513916016,368
17381,Matt Gage,SFG,SP,56.0,3.0,3.0,0.0,10.0,1.4524782,101.33877754211426,369
20353,Steven Wilson,TBR,RP,52.0,3.0,3.0,0.0,7.0,1.6765473,101.18045902252197,370
26079,Beau Brieske,DET,SP,50.0,3.0,2.0,0.0,4.0,1.8212173,101.06086492538452,371
7005,Ryan Pressly,CHC,RP,41.1,2.0,3.0,5.0,7.0,1.5510492,100.74812345504762,372
12988,Andrew Chafin,MIN,RP,54.0,3.0,3.0,0.0,7.0,1.6027318,100.547518491745,373
15094,Rob Zastryzny,MIL,SP,50.0,3.0,2.0,0.0,4.0,1.8039441,100.19720554351807,374
22191,Tobias Myers,NYM,SP,61.0,3.0,2.0,0.0,1.0,1.5609344,99.2169998884201,375
30180,Travis Adams,MIN,SP,57.0,3.0,2.0,0.0,4.0,1.561463,99.00339090824127,376
21863,George Soriano,STL,RP,50.0,3.0,2.0,0.0,5.0,1.7117963,97.58981418609619,377
19222,Lake Bachar,MIA,SP,48.0,3.0,2.0,0.0,4.0,1.8246144,97.58149147033691,378
26641,Wikelman Gonzalez,CHW,RP,48.0,2.0,2.0,0.0,4.0,1.8056779,94.67253875732422,379
22630,Keider Montero,DET,SP,60.0,3.0,1.0,0.0,1.0,1.4672267,94.0336046218872,380
17578,JT Brubaker,SFG,SP,53.0,2.0,3.0,0.0,5.0,1.5984987,92.72043120861053,381
23429,JP Sears,SDP,SP,63.0,3.0,3.0,0.0,1.0,1.43313,92.28719162940979,382
4676,Charlie Morton,- - -,SP,52.0,4.0,3.0,0.0,0.0,1.7308397,92.00366592407227,383
21741,Javier Assad,CHC,SP,61.0,3.0,2.0,0.0,7.0,1.2447557,91.930100440979,384
13293,Danny Coulombe,- - -,SP,48.0,3.0,2.0,0.0,0.0,1.8656942,91.55331993103027,385
4301,Justin Wilson,BOS,RP,46.0,3.0,2.0,0.0,0.0,1.9307024,90.81231260299683,386
29928,Dylan Dodd,ATL,RP,46.0,2.0,2.0,0.0,4.0,1.7847859,90.10014986991882,387
23590,Ben Brown,CHC,SP,47.0,3.0,2.0,0.0,1.0,1.7974381,88.47959280014038,388
22207,DL Hall,MIL,SP,52.0,3.0,3.0,0.0,6.0,1.4542234,87.61961650848389,389
27775,Kyle Nicolas,PIT,RP,42.0,2.0,2.0,0.0,1.0,2.0377355,87.58488941192627,390
26440,Ryan Gusto,MIA,SP,53.0,3.0,2.0,0.0,1.0,1.5761578,87.53636384010315,391
31553,Mason Fluharty,TOR,RP,42.0,3.0,2.0,0.0,1.0,1.964942,86.52756309509277,392
21623,Grant Wolfram,BAL,RP,46.0,3.0,2.0,0.0,1.0,1.7735646,85.58397054672241,393
23165,Steven Cruz,KCR,RP,45.0,3.0,2.0,0.0,1.0,1.8079096,85.35593235492706,394
19962,Joey Wentz,ATL,SP,50.0,3.0,1.0,0.0,1.0,1.571059,84.55294942855835,395
24862,Ryan Fernandez,STL,RP,44.0,3.0,2.0,0.0,1.0,1.8183326,84.00663232803345,396
30056,David Festa,MIN,SP,45.0,3.0,1.0,0.0,1.0,1.7268703,83.7091634273529,397
27669,Tanner Gordon,COL,SP,59.0,2.0,4.0,0.0,1.0,1.447031,83.37483024597168,398
20548,Bowden Francis,TOR,SP,64.0,2.0,8.0,0.0,0.0,1.4690479,82.0190658569336,399
11589,Jose Urena,- - -,SP,55.0,0.0,1.0,1.0,0.0,1.4365122,82.00817275047302,400
25501,Paxton Schultz,WSN,SP,46.0,2.0,2.0,0.0,1.0,1.7331823,81.72638630867004,401
22051,John King,MIA,RP,52.0,3.0,3.0,0.0,7.0,1.2989799,81.5469536781311,402
15552,Chad Green,TOR,RP,44.0,2.0,2.0,0.0,0.0,1.8434759,81.1129412651062,403
31552,Zach Agnos,COL,RP,50.0,3.0,2.0,0.0,4.0,1.3682939,78.41469407081604,404
20271,Daysbel Hernandez,ATL,RP,40.0,2.0,2.0,0.0,1.0,1.8557891,76.23156261444092,405
31468,Jackson Perkins,ATH,SP,40.0,2.0,2.0,0.0,1.0,1.8357836,75.4313440322876,406
11384,Tommy Kahnle,DET,RP,50.0,3.0,2.0,0.0,0.0,1.4673438,75.36719036102295,407
11752,Luke Jackson,- - -,RP,46.0,3.0,2.0,0.0,0.0,1.5722328,74.32271075248718,408
29542,Andre Granillo,WSN,RP,42.0,2.0,2.0,0.0,1.0,1.7212554,74.29272770881653,409
19666,Jason Alexander,HOU,SP,50.0,3.0,1.0,0.0,1.0,1.3541689,73.70844459533691,410
25679,Kevin Kelly,TBR,RP,44.0,3.0,2.0,0.0,1.0,1.5657681,72.89379739761353,411
19481,Tyler Ferguson,ATH,RP,42.0,2.0,2.0,0.0,1.0,1.6763036,72.40475225448608,412
22361,Colin Holderman,CLE,RP,42.0,2.0,2.0,0.0,1.0,1.6755189,72.37179255485535,413
31741,Mason Barnett,ATH,SP,43.0,2.0,1.0,0.0,1.0,1.586665,72.22659647464752,414
5615,Ryan Brasier,TEX,SP,44.0,2.0,2.0,0.0,1.0,1.5777677,71.42178010940552,415
26203,Andrew Saalfrank,ARI,RP,29.0,2.0,1.0,3.0,5.0,1.50944,70.77375841140747,416
19361,Corbin Burnes,ARI,SP,41.0,2.0,2.0,0.0,0.0,1.714686,70.3021274805069,417
24282,Kai-Wei Teng,HOU,SP,35.0,2.0,1.0,0.0,1.0,1.8870102,70.04535758495331,418
17192,Jalen Beeks,ARI,SP,44.0,2.0,2.0,0.0,0.0,1.5745482,69.28012275695801,419
19753,Jonathan Loaisiga,ARI,RP,35.0,2.0,2.0,0.0,1.0,1.9094671,68.83134853839874,420
31318,Gunnar Hoglund,ATH,SP,46.0,2.0,1.0,0.0,1.0,1.3975984,68.2895257472992,421
19320,Joey Lucchesi,SFG,RP,43.0,2.0,2.0,0.0,0.0,1.5697287,67.49833548069,422
25620,Luis Mey,CIN,RP,40.0,2.0,2.0,0.0,1.0,1.6341747,67.36698818206787,423
21544,Chase Shugart,PHI,RP,42.0,2.0,2.0,0.0,1.0,1.5526831,67.21269083023071,424
30179,Pierson Ohl,COL,SP,40.0,2.0,2.0,0.0,1.0,1.5840712,65.36284637451172,425
21584,Tristan Beck,SFG,SP,40.0,2.0,2.0,0.0,1.0,1.5489349,63.9573974609375,426
19899,Clarke Schmidt,NYY,SP,33.0,2.0,1.0,0.0,1.0,1.810404,63.743330121040344,427
26214,Chris Murphy,CHW,RP,38.0,2.0,2.0,0.0,1.0,1.6210876,63.60132694244385,428
31312,Colton Gordon,HOU,SP,40.0,2.0,2.0,0.0,1.0,1.4937763,61.75105285644531,429
33838,Yariel Rodriguez,TOR,SP,36.0,2.0,2.0,0.0,1.0,1.6471454,61.29723405838013,430
16507,Dan Altavilla,MIN,RP,32.0,2.0,2.0,0.0,1.0,1.8092653,59.896488189697266,431
29628,Alek Jacob,SDP,RP,39.0,2.0,2.0,0.0,1.0,1.4603437,58.953405022621155,432
31261,Chris Roycroft,STL,RP,40.0,2.0,2.0,0.0,1.0,1.417088,58.68352127075195,433
29754,Sam Bachman,LAA,RP,32.0,2.0,2.0,0.0,1.0,1.7694279,58.6216926574707,434
21924,Juan Morillo,ARI,RP,30.0,2.0,1.0,0.0,1.0,1.7893494,57.68048310279846,435
26048,Sawyer Gipson-Long,DET,SP,35.0,2.0,1.0,0.0,1.0,1.5234675,57.32136392593384,436
21420,Yerry De Los Santos,NYY,RP,34.0,2.0,2.0,0.0,1.0,1.5981776,56.33803677558899,437
23426,Max Lazar,PHI,RP,38.0,2.0,2.0,0.0,1.0,1.4293439,56.31506967544556,438
6632,Carlos Carrasco,- - -,SP,45.2,2.0,2.0,0.0,0.0,1.2254778,55.39159722328186,439
17948,Trent Thornton,CHC,RP,30.0,2.0,1.0,0.0,1.0,1.6796353,54.3890585899353,440
31900,Adam Mazur,MIA,SP,33.0,2.0,1.0,0.0,1.0,1.5027524,53.590829968452454,441
29574,Chase Lee,TOR,RP,30.0,2.0,1.0,0.0,1.0,1.6376861,53.13058400154114,442
26247,Orlando Ribalta,WSN,RP,30.0,2.0,1.0,0.0,1.0,1.6217798,52.65339398384094,443
12760,Rafael Montero,NYY,RP,26.0,1.0,1.0,0.0,1.0,1.9050392,51.53101897239685,444
26790,Angel Chivilli,NYY,RP,30.0,2.0,1.0,0.0,1.0,1.5627002,50.88100457191467,445
27819,Brandon Young,BAL,SP,30.0,2.0,1.0,0.0,1.0,1.5201269,49.60380816459656,446
10315,Michael Tonkin,MIN,RP,34.0,2.0,2.0,0.0,0.0,1.455039,49.47132682800293,447
21546,Justin Hagenman,NYM,SP,27.0,1.0,1.0,0.0,1.0,1.7560318,49.41285729408264,448
27581,Hayden Wesneski,HOU,SP,29.0,2.0,1.0,0.0,1.0,1.5502259,48.956549763679504,449
30055,Cade Povich,BAL,SP,27.0,1.0,1.0,0.0,1.0,1.680787,47.381248116493225,450
31676,Carson Whisenhunt,SFG,SP,31.0,2.0,1.0,0.0,1.0,1.3745669,46.61157429218292,451
20061,Kaleb Ort,LAA,RP,22.0,1.0,1.0,0.0,1.0,2.0220342,46.48475170135498,452
19646,Kyle Hart,SDP,SP,31.0,1.0,1.0,0.0,1.0,1.4280818,46.27053427696228,453
14527,Jorge Lopez,WSN,RP,32.0,2.0,2.0,0.0,0.0,1.423595,45.55503845214844,454
17964,Tyler Gilbert,CHW,SP,26.0,1.0,1.0,0.0,1.0,1.6313306,44.41459584236145,455
6902,Martin Perez,ATL,SP,36.0,2.0,3.0,0.0,0.0,1.2587761,43.3159384727478,456
18347,Brandon Waddell,NYM,SP,31.1,0.0,0.0,0.0,1.0,1.3143505,42.87630010843277,457
19614,Cionel Perez,WSN,RP,24.0,1.0,1.0,0.0,1.0,1.6983625,42.76069927215576,458
16977,Trevor Williams,WSN,SP,32.0,1.0,2.0,0.0,1.0,1.3223281,42.31449890136719,459
11804,Hector Neris,KCR,RP,22.0,1.0,1.0,0.0,1.0,1.8253225,42.157095193862915,460
24581,Lyon Richardson,CIN,RP,22.0,1.0,1.0,0.0,1.0,1.7226915,39.899213790893555,461
27487,Landon Knack,LAD,SP,24.0,1.0,1.0,0.0,1.0,1.5787315,39.889556884765625,462
15043,Lou Trivino,PHI,SP,24.0,1.0,1.0,0.0,1.0,1.5724173,39.738014221191406,463
19990,Bryse Wilson,PHI,SP,30.0,1.0,1.0,0.0,1.0,1.2254053,38.76216006278992,464
19459,Jorge Alcala,TOR,RP,18.0,1.0,1.0,0.0,1.0,2.0039482,38.071067810058594,465
16427,Scott Blewett,STL,SP,24.0,1.0,1.0,0.0,1.0,1.4988189,37.97165298461914,466
33628,Mitch Farris,LAA,SP,26.0,1.0,2.0,0.0,0.0,1.5370812,37.964112281799316,467
19409,Dane Dunning,SEA,RP,25.0,2.0,2.0,0.0,1.0,1.3832169,36.580421447753906,468
22713,Carlos Hernandez,CLE,RP,18.0,1.0,1.0,0.0,1.0,1.9151815,36.47326731681824,469
20666,Felix Bautista,BAL,RP,16.0,1.0,1.0,0.0,1.0,2.1494586,36.39133834838867,470
27688,Jack Kochanowicz,LAA,SP,26.0,1.0,1.0,0.0,1.0,1.2760739,35.17792224884033,471
31612,Carson Palmquist,COL,SP,24.0,1.0,1.0,0.0,1.0,1.3405137,34.17232894897461,472
27783,Zach Brzykcy,WSN,RP,23.0,0.0,1.0,0.0,0.0,1.5628436,33.94540190696716,473
16350,Ryan Borucki,CHW,RP,18.0,1.0,1.0,0.0,1.0,1.7322382,33.18028712272644,474
17490,Genesis Cabrera,PHI,RP,18.0,1.0,1.0,0.0,1.0,1.7252116,33.05380916595459,475
20794,Manuel Rodriguez,TBR,RP,16.0,1.0,1.0,0.0,1.0,1.8981239,32.36998176574707,476
30002,Grant Holman,ARI,SP,20.0,1.0,1.0,0.0,1.0,1.4443958,30.88791561126709,477
19407,Ronel Blanco,HOU,SP,15.0,1.0,0.0,0.0,1.0,1.7815825,30.723737120628357,478
30084,Carson Seymour,SFG,SP,20.0,1.0,1.0,0.0,1.0,1.4133329,30.266658782958984,479
23150,Osvaldo Bido,NYY,SP,16.0,1.0,1.0,0.0,1.0,1.6950542,29.120866775512695,480
16561,Austin Gomber,TEX,SP,25.0,1.0,2.0,0.0,1.0,1.1120521,27.801302075386047,481
30004,McCade Brown,COL,SP,18.0,1.0,1.0,0.0,0.0,1.5441192,27.794146299362183,482
27707,Mitch Spence,KCR,SP,16.0,1.0,1.0,0.0,1.0,1.5436563,26.698501586914062,483
29615,Kyle Backhus,PHI,RP,16.0,1.0,1.0,0.0,1.0,1.5300211,26.480337142944336,484
25957,Josh Simpson,MIA,RP,14.0,1.0,1.0,0.0,1.0,1.7199283,26.07899570465088,485
26419,Bradley Blalock,MIA,SP,18.0,1.0,0.0,0.0,1.0,1.2115434,25.80778193473816,486
21453,Konnor Pilkington,DET,RP,12.0,1.0,1.0,0.0,1.0,1.8515176,24.218210697174072,487
7836,Hunter Strickland,LAA,RP,14.0,1.0,1.0,0.0,1.0,1.4796541,22.71515703201294,488
22200,Ryan Rolison,CHC,SP,15.0,1.0,0.0,0.0,1.0,1.2461989,22.692983388900757,489
23307,Collin Snider,CHC,RP,10.0,1.0,0.0,0.0,1.0,1.7132301,21.132301330566406,490
12972,Joe Ross,ARI,SP,13.0,1.0,1.0,0.0,1.0,1.4483044,20.82795739173889,491
18694,Kolby Allard,CLE,SP,14.0,1.0,1.0,0.0,1.0,1.3093925,20.331494331359863,492
12777,John Brebbia,COL,RP,10.0,1.0,0.0,0.0,1.0,1.4531884,18.53188419342041,493
16061,Cam Booser,TBR,RP,8.0,0.0,0.0,0.0,1.0,1.7716134,16.17290687561035,494
35324,Shinnosuke Ogasawara,WSN,SP,8.0,0.0,0.0,0.0,1.0,1.4831216,13.864973068237305,495
13528,Matt Bowman,MIN,RP,8.0,0.0,0.0,0.0,1.0,1.3564227,12.851381301879883,496
29960,AJ Smith-Shawver,ATL,SP,6.0,0.0,0.0,0.0,1.0,1.6392397,11.835438013076782,497
23899,Valente Bellozo,COL,SP,8.0,0.0,1.0,0.0,1.0,1.3962195,11.169755935668945,498
19312,Cal Quantrill,TEX,SP,9.0,0.0,1.0,0.0,0.0,1.2402816,9.162534236907959,499
13074,Yu Darvish,SDP,SP,5.07883,0.0,0.0,0.0,0.0,1.8019395,9.151744327082634,500
21318,Tylor Megill,NYM,SP,4.62925,0.0,0.0,0.0,0.0,1.9575981,9.062210958927869,501
27646,Luis L. Ortiz,CLE,SP,4.67897,0.0,0.0,0.0,0.0,1.8388978,8.604147752906083,502
19879,Tanner Houck,BOS,SP,5.08592,0.0,0.0,0.0,0.0,1.5717168,7.993625833358764,503
14309,Frankie Montas,NYM,SP,4.39988,0.0,0.0,0.0,0.0,1.7927758,7.887998167614936,504
19388,Tony Gonsolin,LAD,SP,4.64018,0.0,0.0,0.0,0.0,1.6620344,7.712138746726513,505
26056,Brandon Walter,HOU,SP,4.62632,0.0,0.0,0.0,0.0,1.6421202,7.5969737185192105,506
2036,Clayton Kershaw,LAD,SP,4.82423,0.0,0.0,0.0,0.0,1.5384004,7.421597417681217,507
30203,Jackson Jobe,DET,SP,4.44773,0.0,0.0,0.0,0.0,1.5999846,7.116299708857536,508
17874,Nestor Cortes,- - -,SP,5.1033,0.0,0.0,0.0,0.0,1.3622388,6.951913088214398,509
13050,Anthony DeSclafani,ARI,SP,3.93078,0.0,0.0,0.0,0.0,1.6970928,6.670898324475289,510
12049,Kyle Hendricks,LAA,SP,5.10191,0.0,0.0,0.0,0.0,1.2453449,6.353637482655048,511
15423,Andrew Heaney,- - -,SP,4.51239,0.0,0.0,0.0,0.0,1.3296485,5.999892571091652,512
14932,Ben Lively,CLE,SP,4.94822,0.0,0.0,0.0,0.0,1.1660976,5.7701076691055295,513
26171,Connor Gillispie,MIA,SP,4.07854,0.0,0.0,0.0,0.0,1.4087621,5.7456925645613675,514
22284,Matt Sauer,LAD,SP,3.52769,0.0,0.0,0.0,0.0,1.5283207,5.3914415448033814,515
19264,Thomas Hatch,ARI,SP,3.67997,0.0,0.0,0.0,0.0,1.4582781,5.366419512308836,516
19736,Caleb Boushley,TEX,SP,3.77157,0.0,0.0,0.0,0.0,1.3923352,5.2512895815110205,517
17732,Nabil Crismatt,TEX,SP,3.96898,0.0,0.0,0.0,0.0,1.2559923,4.985008292491436,518
26952,Anthony Molina,ATL,SP,3.22491,0.0,0.0,0.0,0.0,1.5153774,4.8869557384693625,519
13896,Chris Flexen,CHC,SP,3.86416,0.0,0.0,0.0,0.0,1.2233602,4.727259476451874,520
26058,Easton Lucas,TOR,SP,2.84029,0.0,0.0,0.0,0.0,1.5162579,4.306612100001574,521
27477,Bryce Jarvis,ARI,RP,2.95777,0.0,0.0,0.0,0.0,1.4224907,4.207400365005731,522
18674,Jake Woodford,TBR,RP,3.32739,0.0,0.0,0.0,0.0,1.252692,4.168194781229496,523
27453,Anthony Veneziano,- - -,SP,2.56637,0.0,0.0,0.0,0.0,1.5692075,4.02716717777133,524
18311,Carson Fulmer,LAA,RP,2.49766,0.0,0.0,0.0,0.0,1.5972664,3.9894284855985647,525
24094,Ronny Henriquez,MIA,RP,1.27829,0.0,0.0,0.0,0.0,2.379853,3.04214230437994,526
23974,Randy Rodriguez,SFG,RP,1.2714,0.0,0.0,0.0,0.0,2.2166903,2.818300049829483,527
22175,Max Kranick,NYM,RP,1.58811,0.0,0.0,0.0,0.0,1.6872944,2.679609052373171,528
24977,Shawn Dubin,ARI,RP,1.60558,0.0,0.0,0.0,0.0,1.5983561,2.5662886315751074,529
24604,Austin Cox,ATL,SP,1.57843,0.0,0.0,0.0,0.0,1.473402,2.3256619556617735,530
16866,Reed Garrett,NYM,SP,1.05103,0.0,0.0,0.0,0.0,2.1886966,2.30038581151247,531
10197,Shelby Miller,CHC,RP,1.01771,0.0,0.0,0.0,0.0,2.057563,2.0940025083899494,532
25553,Nic Enright,TOR,RP,1.19895,0.0,0.0,0.0,0.0,1.7131518,2.0539833656609057,533
16128,John Curtiss,ARI,RP,1.21029,0.0,0.0,0.0,0.0,1.6705639,2.0218668263840676,534
21032,Emmanuel Clase,CLE,RP,0.982604,0.0,0.0,0.0,0.0,2.0367036,2.0012730909862517,535
23135,Eduardo Salazar,WSN,RP,1.24527,0.0,0.0,0.0,0.0,1.5263398,1.9007051245951654,536
22253,Sean Reynolds,SDP,SP,1.24266,0.0,0.0,0.0,0.0,1.5083611,1.8743800059556963,537
13761,Chris Stratton,- - -,RP,1.21947,0.0,0.0,0.0,0.0,1.460954,1.7815895144820215,538
17169,Jose Castillo,- - -,RP,1.03474,0.0,0.0,0.0,0.0,1.6052989,1.6610669597411156,539
25379,Sam Long,KCR,RP,1.05808,0.0,0.0,0.0,0.0,1.5140343,1.6019693817138672,540
13652,Tayler Scott,ATL,RP,1.06115,0.0,0.0,0.0,0.0,1.3847384,1.4694152012109758,541
17871,Ian Gibaut,CIN,RP,0.975345,0.0,0.0,0.0,0.0,1.2397507,1.20918468834579,542
