Overall_Rank,Name,Team,Position,Projected_Fpoints,External_Rank,Rank_Diff,In_ESPN
1,Shohei Ohtani,LAD,DH/SP,657.8981076323377,1.0,0.0,True
2,Tarik Skubal,DET,SP,506.2436749538928,5.0,3.0,True
3,Juan Soto,NYM,OF,487.3641247893275,4.0,1.0,True
4,Garrett Crochet,BOS,SP,470.5852954610594,7.0,3.0,True
5,Cole Ragans,KCR,SP,445.56010291058993,41.0,36.0,True
6,Jose Ramirez,CLE,3B/DH,440.8714606550146,6.0,0.0,True
7,Aaron Judge,NYY,OF/DH,431.2569369177197,2.0,-5.0,True
8,Paul Skenes,PIT,SP,430.6315194846788,3.0,-5.0,True
9,Cristopher Sanchez,PHI,SP,430.5980233375548,19.0,10.0,True
10,Bobby Witt Jr.,KCR,SS,429.473760425746,8.0,-2.0,True
11,Hunter Greene,CIN,SP,425.0629837365995,31.0,20.0,True
12,Dylan Cease,TOR,SP,417.8915521190218,61.0,49.0,True
13,Vladimir Guerrero Jr.,TOR,1B/DH,407.8346127035621,29.0,16.0,True
14,Bryan Woo,SEA,SP,407.05859829488304,16.0,2.0,True
15,Geraldo Perdomo,ARI,SS,405.643642748178,70.0,55.0,True
16,Logan Webb,SFG,SP,396.8414233923916,15.0,-1.0,True
17,Kyle Tucker,LAD,OF,392.5989412888278,9.0,-8.0,True
18,Maikel Garcia,KCR,3B,391.2853410706488,103.0,85.0,True
19,Mookie Betts,LAD,SS,387.6886109985158,51.0,32.0,True
20,Vinnie Pasquantino,KCR,1B/DH,385.5854448424278,120.0,100.0,True
21,Chris Sale,ATL,SP,384.9215801242324,28.0,7.0,True
22,Fernando Tatis Jr.,SDP,OF,384.8745966199209,17.0,-5.0,True
23,Alex Bregman,CHC,3B,383.47502342167326,30.0,7.0,True
24,Francisco Lindor,NYM,SS,381.076498930822,21.0,-3.0,True
25,Ronald Acuna Jr.,ATL,OF,377.2090084841198,32.0,7.0,True
26,Gunnar Henderson,BAL,SS,376.0039784069365,27.0,1.0,True
27,Junior Caminero,TBR,3B,375.5582081386807,20.0,-7.0,True
28,Ketel Marte,ARI,2B/DH,375.1267988338032,13.0,-15.0,True
29,Hunter Brown,HOU,SP,372.4130758181623,24.0,-5.0,True
30,Jesus Luzardo,PHI,SP,364.3384862094947,45.0,15.0,True
31,Julio Rodriguez,SEA,OF,363.1771335704086,23.0,-8.0,True
32,Gleyber Torres,DET,2B,361.9898242895727,107.0,75.0,True
33,George Springer,TOR,OF/DH,360.5029001865864,63.0,30.0,True
34,Max Fried,NYY,SP,359.2755741501511,22.0,-12.0,True
35,Cody Bellinger,NYY,OF,358.69381764334554,47.0,12.0,True
36,Jacob deGrom,TEX,SP,358.5921496791018,42.0,6.0,True
37,Yandy Diaz,TBR,1B/DH,357.59817061688307,221.0,184.0,True
38,Logan Gilbert,SEA,SP,357.04930959425184,14.0,-24.0,True
39,Edwin Diaz,LAD,RP,356.4240872231122,35.0,-4.0,True
40,Framber Valdez,DET,SP,355.7286760012583,38.0,-2.0,True
41,Pete Alonso,BAL,1B,354.6830381643583,81.0,40.0,True
42,Alec Burleson,STL,OF/1B/DH,352.2665232955504,168.0,126.0,True
43,Yordan Alvarez,HOU,OF/DH,350.682760464476,39.0,-4.0,True
44,Ben Rice,NYY,1B/C/DH,349.880371830189,66.0,22.0,True
45,Sonny Gray,BOS,SP,349.24900721037585,64.0,19.0,True
46,Corbin Carroll,ARI,OF,348.2178835742974,11.0,-35.0,True
47,Matt Olson,ATL,1B,348.0602225405311,69.0,22.0,True
48,Joe Ryan,MIN,SP,346.83971669892367,34.0,-14.0,True
49,Zack Wheeler,PHI,SP,346.12188403842447,68.0,19.0,True
50,Josh Naylor,SEA,1B/DH,346.0779872922556,102.0,52.0,True
51,Kyle Bradish,BAL,SP,345.4704664797445,73.0,22.0,True
52,Freddie Freeman,LAD,1B,344.8534624893942,97.0,45.0,True
53,Emmet Sheehan,LAD,SP,343.93668494220793,128.0,75.0,True
54,Brent Rooker,ATH,OF/DH,341.0943844224412,43.0,-11.0,True
55,Kyle Schwarber,PHI,DH,340.250288922352,18.0,-37.0,True
56,Nolan Schanuel,LAA,1B,339.80672559805424,300.0,244.0,False
57,Manny Machado,SDP,3B,339.20171566225173,25.0,-32.0,True
58,Austin Riley,ATL,3B,338.99353897591214,59.0,1.0,True
59,Nick Pivetta,SDP,SP,338.87155632298175,52.0,-7.0,True
60,Cade Smith,CLE,RP,338.4791358051,40.0,-20.0,True
61,Jeremy Pena,HOU,SS,337.453595799992,148.0,87.0,True
62,Mason Miller,SDP,RP,337.06504831206644,33.0,-29.0,True
63,George Kirby,SEA,SP,335.8871890106016,50.0,-13.0,True
64,Ryan Pepiot,TBR,SP,335.7884724957645,76.0,12.0,True
65,Devin Williams,NYM,RP,335.36315911987225,56.0,-9.0,True
66,Nico Hoerner,CHC,2B,334.2734730685003,48.0,-18.0,True
67,Bo Bichette,NYM,SS,334.01821876429364,133.0,66.0,True
68,Robbie Ray,SFG,SP,333.71572465614025,161.0,93.0,True
69,William Contreras,MIL,C/DH,333.37267187290576,37.0,-32.0,True
70,Corey Seager,TEX,SS,332.89962994797366,115.0,45.0,True
71,Josh Hader,HOU,RP,331.0473174630797,44.0,-27.0,True
72,Rafael Devers,SFG,1B/DH,330.68044669900127,92.0,20.0,True
73,Steven Kwan,CLE,OF,330.62810258603014,57.0,-16.0,True
74,Jarren Duran,BOS,OF,329.8114231329717,53.0,-21.0,True
75,Kevin Gausman,TOR,SP,329.5654632185688,62.0,-13.0,True
76,Reid Detmers,LAA,RP,329.3499554344453,236.0,160.0,True
77,Ian Happ,CHC,OF,329.18584453397955,111.0,34.0,True
78,Freddy Peralta,NYM,SP,328.95125429111295,26.0,-52.0,True
79,Chase Burns,CIN,SP,328.556629496693,99.0,20.0,True
80,Jackson Merrill,SDP,OF,326.6112519847991,60.0,-20.0,True
81,Bubba Chandler,PIT,SP,325.6985956341414,197.0,116.0,True
82,Jurickson Profar,ATL,OF,325.6547463787622,116.0,34.0,True
83,Brice Turang,MIL,2B,325.3047389372615,88.0,5.0,True
84,Bryce Harper,PHI,1B,325.12900331298994,89.0,5.0,True
85,Brendan Donovan,SEA,2B,324.9168746207421,167.0,82.0,True
86,Nathan Eovaldi,TEX,SP,324.9015142686264,77.0,-9.0,True
87,Zach Neto,LAA,SS,324.0506081531887,188.0,101.0,True
88,Drew Rasmussen,TBR,SP,323.8693463429312,163.0,75.0,True
89,Matt Chapman,SFG,3B,322.99099286767307,108.0,19.0,True
90,Jordan Westburg,BAL,3B,322.4440098072485,151.0,61.0,True
91,Aaron Nola,PHI,SP,322.2905276820974,180.0,89.0,True
92,Pete Crow-Armstrong,CHC,OF,321.2187806867773,75.0,-17.0,True
93,Jung Hoo Lee,SFG,OF,320.5298787853535,195.0,102.0,True
94,Aroldis Chapman,BOS,RP,319.91855307863773,65.0,-29.0,True
95,Jacob Misiorowski,MIL,SP,319.3633741026466,124.0,29.0,True
96,Randy Arozarena,SEA,OF,318.7908295317005,100.0,4.0,True
97,Jackson Chourio,MIL,OF,317.5112363247053,49.0,-48.0,True
98,Salvador Perez,KCR,C/1B/DH,317.3141307861845,118.0,20.0,True
99,Jack Flaherty,DET,SP,316.8702313828198,147.0,48.0,True
100,Riley Greene,DET,OF/DH,314.84768653996764,109.0,9.0,True
101,Willy Adames,SFG,SS,314.5045998178186,141.0,40.0,True
102,Seiya Suzuki,CHC,OF/DH,314.37680869933087,87.0,-15.0,True
103,David Bednar,NYY,RP,313.8493103519347,67.0,-36.0,True
104,Ezequiel Tovar,COL,SS,312.99675172803046,300.0,196.0,False
105,Daylen Lile,WSN,OF,312.4590487170906,214.0,109.0,True
106,Blake Snell,LAD,SP,312.3501611468866,58.0,-48.0,True
107,Michael Busch,CHC,1B,312.3334818913757,271.0,164.0,True
108,Ozzie Albies,ATL,2B,312.2943353665363,83.0,-25.0,True
109,Elly De La Cruz,CIN,SS,311.41710319976914,54.0,-55.0,True
110,Tanner Bibee,CLE,SP,311.3414611755865,122.0,12.0,True
111,Eury Perez,MIA,SP,311.21006051105763,114.0,3.0,True
112,Tyler Soderstrom,ATH,OF/1B,310.59453937102893,125.0,13.0,True
113,Jhoan Duran,PHI,RP,309.7344922367681,46.0,-67.0,True
114,Luis Arraez,SFG,1B/DH,309.38368069921825,294.0,180.0,True
115,Nolan McLean,NYM,SP,308.38633003926464,152.0,37.0,True
116,Carlos Correa,HOU,SS/3B,308.3823772542527,272.0,156.0,True
117,Heliot Ramos,SFG,OF,308.16433754522,263.0,146.0,True
118,Xander Bogaerts,SDP,SS,307.49185633479715,233.0,115.0,True
119,Kris Bubic,KCR,SP,307.4748656747442,189.0,70.0,True
120,Taylor Ward,BAL,OF,307.01505694221123,106.0,-14.0,True
121,Gavin Williams,CLE,SP,306.412035675756,132.0,11.0,True
122,Brandon Nimmo,TEX,OF,306.1810162811682,91.0,-31.0,True
123,Luis Garcia Jr.,WSN,2B,306.0837884938418,162.0,39.0,True
124,MacKenzie Gore,TEX,SP,305.421541297712,154.0,30.0,True
125,Jakob Marsee,MIA,OF,304.61310787996666,176.0,51.0,True
126,CJ Abrams,WSN,SS,304.4680182473929,183.0,57.0,True
127,Wyatt Langford,TEX,OF,304.23373279494695,79.0,-48.0,True
128,Roman Anthony,BOS,OF,304.20830517250863,78.0,-50.0,True
129,Marcell Ozuna,ATL,DH,302.4416139260341,227.0,98.0,True
130,Brandon Woodruff,MIL,SP,302.3346564796273,86.0,-44.0,True
131,Shea Langeliers,ATH,C,302.233512061303,84.0,-47.0,True
132,Jonathan Aranda,TBR,1B,301.9499095309852,300.0,168.0,False
133,Otto Lopez,MIA,SS/2B,301.71343878286126,210.0,77.0,True
134,Ivan Herrera,STL,DH,301.6649613220901,262.0,128.0,True
135,Carlos Rodon,NYY,SP,301.35444008664444,204.0,69.0,True
136,Masyn Winn,STL,SS,301.30052456392093,300.0,164.0,False
137,Luis Castillo,SEA,SP,300.9548823360462,93.0,-44.0,True
138,Jo Adell,LAA,OF,300.61317143347486,177.0,39.0,True
139,Dansby Swanson,CHC,SS,300.14423009996665,215.0,76.0,True
140,Kyle Stowers,MIA,OF,300.01282450689763,211.0,71.0,True
141,Ranger Suarez,BOS,SP,299.8725050542921,140.0,-1.0,True
142,Pablo Lopez,MIN,SP,299.6879180996529,110.0,-32.0,True
143,Bryan Reynolds,PIT,OF/DH,299.532201448794,153.0,10.0,True
144,Ernie Clement,TOR,3B/2B/SS,299.3206033040703,220.0,76.0,True
145,Alec Bohm,PHI,3B,298.9510668909071,179.0,34.0,True
146,Trea Turner,PHI,SS,298.7971716577605,94.0,-52.0,True
147,Jeff McNeil,ATH,2B/OF,298.7869871584407,277.0,130.0,True
148,Andres Munoz,SEA,RP,297.71271509615644,36.0,-112.0,True
149,Michael King,SDP,SP,297.38054918690096,137.0,-12.0,True
150,Cal Raleigh,SEA,C/DH,297.0709569779151,12.0,-138.0,True
151,Drake Baldwin,ATL,C,296.91666809385066,101.0,-50.0,True
152,Yoshinobu Yamamoto,LAD,SP,296.58167046748974,10.0,-142.0,True
153,Daniel Palencia,CHC,RP,296.4732657110345,136.0,-17.0,True
154,Michael Harris II,ATL,OF,294.8075880799844,156.0,2.0,True
155,Christian Yelich,MIL,DH,294.54685426463647,80.0,-75.0,True
156,Shane Baz,BAL,SP,293.54118092779345,182.0,26.0,True
157,Zac Gallen,ARI,SP,293.1730313355339,135.0,-22.0,True
158,Agustin Ramirez,MIA,C/DH,292.7199682494044,127.0,-31.0,True
159,Willson Contreras,BOS,1B,292.52078403972763,300.0,141.0,False
160,Spencer Torkelson,DET,1B,292.2870011673166,258.0,98.0,True
161,James Wood,WSN,OF/DH,291.8347219771436,98.0,-63.0,True
162,Yainer Diaz,HOU,C/DH,290.49698862463924,123.0,-39.0,True
163,Miguel Vargas,CHW,3B/1B,290.43151655607016,212.0,49.0,True
164,Paul Goldschmidt,NYY,1B,288.7421363337316,300.0,136.0,False
165,Nolan Arenado,ARI,3B,288.4439022122103,240.0,75.0,True
166,Andy Pages,LAD,OF,288.39549351618007,139.0,-27.0,True
167,Jose Altuve,HOU,2B/OF/DH,288.0355758581714,55.0,-112.0,True
168,Caleb Durbin,BOS,3B,287.47839989960136,166.0,-2.0,True
169,Chris Bassitt,BAL,SP,287.05597527303263,267.0,98.0,True
170,Xavier Edwards,MIA,2B/SS,286.7503590617288,181.0,11.0,True
171,Brady Singer,CIN,SP,286.34408896610137,224.0,53.0,True
172,Adley Rutschman,BAL,C,285.72324692666626,112.0,-60.0,True
173,Jazz Chisholm Jr.,NYY,2B/3B,285.62078989330394,74.0,-99.0,True
174,Josh Bell,MIN,1B,285.37996699622926,300.0,126.0,False
175,Jorge Polanco,NYM,2B/DH,284.9453972099052,194.0,19.0,True
176,J.P. Crawford,SEA,SS,284.76137443790697,300.0,124.0,False
177,Bryson Stott,PHI,2B,283.3784170222318,146.0,-31.0,True
178,Tyler Glasnow,LAD,SP,283.32418294580646,104.0,-74.0,True
179,Emilio Pagan,CIN,RP,282.9533665268089,113.0,-66.0,True
180,Nick Lodolo,CIN,SP,282.7208282657587,134.0,-46.0,True
181,Sandy Alcantara,MIA,SP,282.68438180065965,165.0,-16.0,True
182,Marcus Semien,NYM,2B,281.91888577753326,126.0,-56.0,True
183,Hunter Goodman,COL,C/DH,281.57783754552594,160.0,-23.0,True
184,Matthew Boyd,CHC,SP,280.28807826497103,155.0,-29.0,True
185,Kerry Carpenter,DET,OF/DH,279.42464519697506,228.0,43.0,True
186,Alejandro Kirk,TOR,C,279.14432967673866,208.0,22.0,True
187,Sal Frelick,MIL,OF,278.7758222918944,191.0,4.0,True
188,Jose Soriano,LAA,SP,278.03376078371724,235.0,47.0,True
189,Jacob Wilson,ATH,SS,277.5351452177682,164.0,-25.0,True
190,Ryne Nelson,ARI,SP,276.7897004956397,246.0,56.0,True
191,Nick Kurtz,ATH,1B,276.61129637621605,82.0,-109.0,True
192,Andrew Vaughn,MIL,1B,276.3311051694181,300.0,108.0,False
193,Jeff Hoffman,TOR,RP,274.13616989366574,117.0,-76.0,True
194,Joey Cantillo,CLE,SP,273.2514794741473,297.0,103.0,True
195,Mitch Keller,PIT,SP,273.18050868597527,251.0,56.0,True
196,Spencer Strider,ATL,SP,272.25871338893586,85.0,-111.0,True
197,Brandon Lowe,PIT,2B,271.41013147009585,157.0,-40.0,True
198,Teoscar Hernandez,LAD,OF,271.206719212486,150.0,-48.0,True
199,Gavin Sheets,SDP,LF,271.098621336271,300.0,101.0,False
200,Yusei Kikuchi,LAA,SP,270.66870617759884,205.0,5.0,True
201,Luke Keaschall,MIN,2B,270.50581615675424,144.0,-57.0,True
202,Ryan Helsley,BAL,RP,269.34046550594474,121.0,-81.0,True
203,Jake Cronenworth,SDP,2B,269.3194829840587,226.0,23.0,True
204,Ryan O'Hearn,PIT,1B/OF/DH,269.0990781198079,229.0,25.0,True
205,Jake Burger,TEX,1B,268.6416343713746,300.0,95.0,False
206,Kyle Manzardo,CLE,1B,268.5307043222603,300.0,94.0,False
207,Trevor Rogers,BAL,SP,268.34505129084414,173.0,-34.0,True
208,Addison Barger,TOR,3B/OF,268.1311514885026,289.0,81.0,True
209,TJ Friedl,CIN,OF,267.78843944441326,225.0,16.0,True
210,Braxton Ashcraft,PIT,SP,266.95005168746604,300.0,90.0,False
211,Ceddanne Rafaela,BOS,OF/2B,266.6942231245854,178.0,-33.0,True
212,Will Smith,LAD,C,265.5533289968118,96.0,-116.0,True
213,Raisel Iglesias,ATL,RP,265.4044307163001,72.0,-141.0,True
214,Adolis Garcia,PHI,OF,265.3631297945627,248.0,34.0,True
215,Quinn Priester,MIL,SP,265.31271418873865,300.0,85.0,False
216,Ryan Walker,SFG,RP,264.9922470107997,170.0,-46.0,True
217,Ramon Laureano,SDP,RF,264.9658416960561,300.0,83.0,False
218,Edward Cabrera,CHC,SP,264.6369643056887,193.0,-25.0,True
219,Grant Taylor,CHW,SP,264.42262688535794,280.0,61.0,True
220,David Peterson,NYM,SP,264.1468406012924,285.0,65.0,True
221,Joey Ortiz,MIL,SS,263.980605175848,300.0,79.0,False
222,Carlos Estevez,KCR,RP,263.9295799383718,90.0,-132.0,True
223,Merrill Kelly,ARI,SP,263.54784903126017,174.0,-49.0,True
224,Chase Meidroth,CHW,SS,262.36406932239805,300.0,76.0,False
225,Lars Nootbaar,STL,LF,262.02712722500155,300.0,75.0,False
226,Colson Montgomery,CHW,SS,261.8533357756824,300.0,74.0,False
227,Christian Walker,HOU,1B,261.45532582344293,247.0,20.0,True
228,Wilyer Abreu,BOS,OF,261.2363011540863,232.0,4.0,True
229,Pete Fairbanks,MIA,RP,261.1212925613611,105.0,-124.0,True
230,Trent Grisham,NYY,OF,260.08589802822075,270.0,40.0,True
231,Dennis Santana,PIT,RP,259.7610188953189,196.0,-35.0,True
232,Brandon Pfaadt,ARI,SP,259.6542827025236,300.0,68.0,False
233,Sean Manaea,NYM,SP,259.40385711233046,269.0,36.0,True
234,Lawrence Butler,ATH,OF,259.0905966191688,242.0,8.0,True
235,Shane Smith,CHW,SP,258.86047154723417,264.0,29.0,True
236,Andres Gimenez,TOR,2B,257.9228217854689,300.0,64.0,False
237,Jonathan India,KCR,2B/3B/OF/DH,257.87780492294206,286.0,49.0,True
238,Gabriel Moreno,ARI,C,257.8085410436313,253.0,15.0,True
239,Oneil Cruz,PIT,OF,257.4973052436949,159.0,-80.0,True
240,Mike Trout,LAA,OF/DH,257.1918416396356,257.0,17.0,True
241,Byron Buxton,MIN,OF,256.68985892782433,129.0,-112.0,True
242,Abner Uribe,MIL,RP,256.5094461815209,158.0,-84.0,True
243,Mickey Moniak,COL,RF,255.75092272984529,300.0,57.0,False
244,Dylan Crews,WSN,OF,255.5943728882106,288.0,44.0,True
245,Jack Leiter,TEX,SP,254.82024228550176,244.0,-1.0,True
246,Brenton Doyle,COL,OF,254.77902237351748,296.0,50.0,True
247,Andrew Benintendi,CHW,OF/DH,253.81853913269904,299.0,52.0,True
248,Isaac Paredes,HOU,3B,253.61181945261671,138.0,-110.0,True
249,Cameron Schlittler,NYY,SP,253.47145851861305,142.0,-107.0,True
250,Max Meyer,MIA,SP,253.46835212623708,300.0,50.0,False
251,Colt Keith,DET,2B/3B/DH,252.3580464895209,230.0,-21.0,True
252,Jac Caglianone,KCR,RF,251.15084734938708,300.0,48.0,False
253,Chad Patrick,MIL,SP,250.89156263508485,300.0,47.0,False
254,Andrew Abbott,CIN,SP,250.6703117518203,169.0,-85.0,True
255,Jeffrey Springs,ATH,SP,249.620742503862,300.0,45.0,False
256,Luis Severino,ATH,SP,249.6143247489652,300.0,44.0,False
257,Luis Robert Jr.,NYM,OF,249.406024281112,245.0,-12.0,True
258,Noelvi Marte,CIN,OF/3B,249.31337058830573,200.0,-58.0,True
259,Griffin Jax,TBR,SP,248.67651934036616,143.0,-116.0,True
260,Daulton Varsho,TOR,OF,248.31737512198143,219.0,-41.0,True
261,Eugenio Suarez,CIN,3B,248.1399593872719,119.0,-142.0,True
262,Josh Jung,TEX,3B,247.9307244902373,300.0,38.0,False
263,Jackson Holliday,BAL,2B,247.099767670546,130.0,-133.0,True
264,Trevor Story,BOS,SS,246.9444259866357,218.0,-46.0,True
265,Royce Lewis,MIN,3B,246.7994537138937,175.0,-90.0,True
266,Seranthony Dominguez,CHW,RP,246.50793721046375,222.0,-44.0,True
267,Matt Wallner,MIN,RF,246.27541009768552,300.0,33.0,False
268,Mike Burrows,HOU,SP,245.8310836804135,300.0,32.0,False
269,Brooks Lee,MIN,3B,244.954047068531,300.0,31.0,False
270,Cade Cavalli,WSN,SP,244.5325523259372,300.0,30.0,False
271,Kenley Jansen,DET,RP,242.74713257768224,131.0,-140.0,True
272,Ryan Jeffers,MIN,C,240.31417567110503,300.0,28.0,False
273,Jacob Lopez,ATH,SP,240.2009585990972,300.0,27.0,False
274,Clay Holmes,NYM,SP,238.24716048852028,275.0,1.0,True
275,Michael Wacha,KCR,SP,238.1599725487988,290.0,15.0,True
276,Seth Lugo,KCR,SP,237.5240123862673,282.0,6.0,True
277,Willi Castro,COL,LF,236.9289760971612,300.0,23.0,False
278,Robert Garcia,TEX,RP,236.74876816134588,207.0,-71.0,True
279,Clayton Beeter,WSN,RP,236.48697531645087,300.0,21.0,False
280,Spencer Horwitz,PIT,1B,236.42479808144665,300.0,20.0,False
281,Wenceel Perez,DET,RF,235.6722265972899,300.0,19.0,False
282,Will Warren,NYY,SP,235.55629980679797,300.0,18.0,False
283,Dustin May,STL,SP,235.2544576990974,300.0,17.0,False
284,Max Muncy,LAD,3B,234.7846198138348,186.0,-98.0,True
285,Casey Mize,DET,SP,234.4366500234848,249.0,-36.0,True
286,Lenyn Sosa,CHW,2B,230.21033131622184,300.0,14.0,False
287,Brad Lord,WSN,SP,230.15144743445703,300.0,13.0,False
288,Brayan Bello,BOS,SP,230.02500296352653,268.0,-20.0,True
289,Ryan Weathers,NYY,SP,229.92965661447784,300.0,11.0,False
290,Ke'Bryan Hayes,CIN,3B,229.781620815008,300.0,10.0,False
291,Brett Baty,NYM,3B,229.65160753636223,300.0,9.0,False
292,Zebby Matthews,MIN,SP,229.4431018574465,300.0,8.0,False
293,Edwin Uceta,TBR,RP,228.339005851779,172.0,-121.0,True
294,Victor Vodnik,COL,RP,228.1995927533428,300.0,6.0,False
295,Brandon Marsh,PHI,CF,227.9928306899418,300.0,5.0,False
296,Dominic Canzone,SEA,RF,227.08300372136537,300.0,4.0,False
297,Jameson Taillon,CHC,SP,226.91034898757212,300.0,3.0,False
298,Josh Smith,TEX,SS,226.35284736150612,300.0,2.0,False
299,Trevor Megill,MIL,RP,224.4796557305781,95.0,-204.0,True
300,Mike Yastrzemski,ATL,RF,224.0938884604562,300.0,0.0,False
301,Grant Holmes,ATL,SP,223.93729707032807,300.0,-1.0,False
302,Jesus Sanchez,TOR,Unknown,223.76712168871612,300.0,-2.0,False
303,Trevor Larnach,MIN,RF,222.9740564240778,300.0,-3.0,False
304,Kyle Freeland,COL,SP,222.87001009776225,300.0,-4.0,False
305,Tommy Edman,LAD,2B/OF,222.11605874482115,287.0,-18.0,True
306,Shota Imanaga,CHC,SP,221.61742190982596,171.0,-135.0,True
307,Taylor Rogers,MIN,RP,221.30936679959285,300.0,-7.0,False
308,Dillon Dingler,DET,C,221.10279773386853,300.0,-8.0,False
309,Jeremiah Estrada,SDP,RP,220.3473844920679,203.0,-106.0,True
310,Slade Cecconi,CLE,SP,220.30556086059192,300.0,-10.0,False
311,Logan Henderson,MIL,SP,220.12134774725476,274.0,-37.0,True
312,Kyle Leahy,STL,SP,219.1298034965273,300.0,-12.0,False
313,Kyle Teel,CHW,C,218.95622858862055,300.0,-13.0,False
314,J.T. Realmuto,PHI,C,218.9075523216587,300.0,-14.0,False
315,Chandler Simpson,TBR,OF,218.641184224945,201.0,-114.0,True
316,Jordan Beck,COL,LF,218.41559606120487,300.0,-16.0,False
317,Parker Messick,CLE,SP,218.0544916146822,300.0,-17.0,False
318,Anthony Volpe,NYY,SS,217.92388425969253,300.0,-18.0,False
319,Jared Triolo,PIT,SS,217.56084692806863,300.0,-19.0,False
320,Steven Matz,TBR,SP,217.3699374401624,265.0,-55.0,True
321,Taj Bradley,MIN,SP,216.71317879476777,300.0,-21.0,False
322,Noah Cameron,KCR,SP,216.660124767277,217.0,-105.0,True
323,Davis Martin,CHW,SP,216.28400980260693,300.0,-23.0,False
324,Matt McLain,CIN,2B,215.3689442869421,259.0,-65.0,True
325,Cedric Mullins,TBR,OF,215.29637261781235,291.0,-34.0,True
326,Nathan Lukes,TOR,RF,215.0099387507109,300.0,-26.0,False
327,Francisco Alvarez,NYM,C,214.8357535161628,300.0,-27.0,False
328,Mark Vientos,NYM,3B,214.74362500847457,300.0,-28.0,False
329,Josh Lowe,LAA,RF,214.17940403201004,300.0,-29.0,False
330,Lucas Giolito,BOS,SP,213.79984932600613,300.0,-30.0,False
331,Dean Kremer,BAL,SP,213.79140934249276,300.0,-31.0,False
332,Johan Oviedo,BOS,SP,213.475852340868,300.0,-32.0,False
333,Bailey Ober,MIN,SP,213.4340933706929,206.0,-127.0,True
334,Bryan Abreu,HOU,RP,212.40845960159217,149.0,-185.0,True
335,Miguel Andujar,SDP,LF,212.2733430888948,300.0,-35.0,False
336,Garrett Cleavinger,TBR,RP,211.98269361776997,254.0,-82.0,True
337,Cristian Javier,HOU,SP,211.8643815971409,300.0,-37.0,False
338,Zack Littell,- - -,SP,211.79063336452248,300.0,-38.0,False
339,Jordan Walker,STL,RF,210.7853115056896,300.0,-39.0,False
340,Jose Berrios,TOR,SP,210.58427264558208,300.0,-40.0,False
341,Brayan Rocchio,CLE,SS,210.48110380691563,300.0,-41.0,False
342,Riley O'Brien,STL,RP,210.23135102276007,241.0,-101.0,True
343,Bryce Miller,SEA,SP,210.0060307083035,209.0,-134.0,True
344,Tyler Mahle,SFG,SP,209.6885692359531,300.0,-44.0,False
345,Austin Hays,CHW,LF,208.84623476513207,300.0,-45.0,False
346,Justin Verlander,DET,SP,208.32699407456957,300.0,-46.0,False
347,Matthew Liberatore,STL,SP,207.8383887919394,300.0,-47.0,False
348,Colton Cowser,BAL,LF,206.7965159800482,300.0,-48.0,False
349,Jake Meyers,HOU,CF,206.7287803170487,300.0,-49.0,False
350,Cade Horton,CHC,SP,206.7091293755909,192.0,-158.0,True
351,Brady House,WSN,3B,206.1537327669974,300.0,-51.0,False
352,Landen Roupp,SFG,SP,205.70245897536185,300.0,-52.0,False
353,Patrick Bailey,SFG,C,205.5668077316024,300.0,-53.0,False
354,Logan O'Hoppe,LAA,C,205.11495191396335,300.0,-54.0,False
355,Cole Henry,WSN,RP,204.1157327025789,300.0,-55.0,False
356,Parker Meadows,DET,CF,203.98882912359088,300.0,-56.0,False
357,Victor Scott II,STL,CF,203.6426425892604,300.0,-57.0,False
358,Jorge Soler,LAA,RF,203.44507546129,300.0,-58.0,False
359,Shane Bieber,TOR,SP,202.75767992165984,145.0,-214.0,True
360,Ryan McMahon,NYY,3B,200.5441028052402,300.0,-60.0,False
361,Zach Eflin,BAL,SP,199.9646773029073,300.0,-61.0,False
362,JoJo Romero,STL,RP,199.6754706321748,252.0,-110.0,True
363,Zach McKinstry,DET,3B,199.50140347077397,300.0,-63.0,False
364,Evan Carter,TEX,CF,199.05985965073145,300.0,-64.0,False
365,Nick Martinez,TBR,SP,198.87284756923864,300.0,-65.0,False
366,Alek Thomas,ARI,CF,198.5229315426784,300.0,-66.0,False
367,Robert Suarez,ATL,RP,197.7535002231358,185.0,-182.0,True
368,Gavin Lux,TBR,LF,197.07407303872407,300.0,-68.0,False
369,Kodai Senga,NYM,SP,197.06838504046348,239.0,-130.0,True
370,Sean Burke,CHW,SP,196.46322581300777,300.0,-70.0,False
371,Spencer Steer,CIN,SP,196.2442058306096,300.0,-71.0,False
372,Harrison Bader,SFG,LF,195.75297514672445,300.0,-72.0,False
373,Adrian Houser,SFG,SP,194.6823347048438,300.0,-73.0,False
374,Kevin Ginkel,ARI,RP,194.5533303928576,300.0,-74.0,False
375,Joc Pederson,TEX,1B,194.5048483638286,300.0,-75.0,False
376,Nolan Gorman,STL,2B,193.9637302310242,300.0,-76.0,False
377,Garrett Whitlock,BOS,RP,193.70740792505683,213.0,-164.0,True
378,Austin Wells,NYY,C,193.56871178158937,300.0,-78.0,False
379,Roki Sasaki,LAD,SP,192.9121151452711,292.0,-87.0,True
380,Jonah Heim,TEX,C,192.37302359972,300.0,-80.0,False
381,Andrew Kittredge,BAL,RP,192.0051757378639,273.0,-108.0,True
382,Christian Moore,LAA,2B,191.77680313420765,300.0,-82.0,False
383,Simeon Woods Richardson,MIN,SP,191.31355798732267,300.0,-83.0,False
384,Max Scherzer,TOR,SP,190.73098278751144,300.0,-84.0,False
385,Dylan Beavers,BAL,RF,189.99113893557828,300.0,-85.0,False
386,Edgar Quero,CHW,C,189.77578307942497,300.0,-86.0,False
387,Andre Pallante,STL,SP,189.61186913466463,300.0,-87.0,False
388,Phil Maton,CHC,RP,189.39374976575044,279.0,-109.0,True
389,Samuel Basallo,BAL,C,189.02504539400667,256.0,-133.0,True
390,Michael Soroka,ARI,SP,188.9522189040809,300.0,-90.0,False
391,Isaac Collins,KCR,LF,187.7809113214384,300.0,-91.0,False
392,Bo Naylor,CLE,C,187.12346734366415,300.0,-92.0,False
393,Matt Svanson,STL,RP,187.096541294489,300.0,-93.0,False
394,Justin Sterner,ATH,SP,186.83490023228828,300.0,-94.0,False
395,Nick Gonzales,PIT,2B,185.95669540588813,300.0,-95.0,False
396,Aaron Civale,ATH,SP,185.889273571266,300.0,-96.0,False
397,Eduardo Rodriguez,ARI,SP,185.3818116202172,300.0,-97.0,False
398,Patrick Corbin,TEX,SP,184.57582362047688,300.0,-98.0,False
399,Connor Norby,MIA,3B,184.29925518422,300.0,-99.0,False
400,Luis Rengifo,MIL,3B,184.0398645890006,300.0,-100.0,False
401,Fernando Cruz,NYY,RP,183.5358719163184,300.0,-101.0,False
402,Dylan Lee,ATL,RP,183.47344036059647,300.0,-102.0,False
403,Tanner Scott,LAD,RP,182.18990852751563,237.0,-166.0,True
404,Will Vest,DET,RP,181.89874508134216,198.0,-206.0,True
405,Kyle Isbel,KCR,CF,181.48845097657912,300.0,-105.0,False
406,Adrian Morejon,SDP,RP,181.21330143425143,250.0,-156.0,True
407,Tony Santillan,CIN,RP,181.0903556062181,298.0,-109.0,True
408,Cole Young,SEA,2B,180.93906209926732,300.0,-108.0,False
409,Lance McCullers Jr.,HOU,SP,180.6758483116376,300.0,-109.0,False
410,Hogan Harris,ATH,RP,180.1596266055194,300.0,-110.0,False
411,Bryce Elder,ATL,SP,179.84075534350083,300.0,-111.0,False
412,Matt Strahm,KCR,RP,179.82444633151735,293.0,-119.0,True
413,Brooks Baldwin,CHW,LF,179.3278969751681,300.0,-113.0,False
414,Pavin Smith,ARI,1B,178.38250690440876,300.0,-114.0,False
415,Michael McGreevy,STL,SP,178.07380648627702,300.0,-115.0,False
416,Freddy Fermin,SDP,C,178.01358558271232,300.0,-116.0,False
417,Tyler Freeman,COL,RF,177.98453170676083,300.0,-117.0,False
418,Spencer Schwellenbach,ATL,SP,177.51971500072474,71.0,-347.0,True
419,Victor Caratini,MIN,C,177.19959462771533,300.0,-119.0,False
420,Erik Sabrowski,CLE,RP,176.8411075877258,300.0,-120.0,False
421,Luis Morales,ATH,SP,176.77490666506625,300.0,-121.0,False
422,Luke Weaver,NYM,RP,176.53382390222956,231.0,-191.0,True
423,Carson Kelly,CHC,C,175.18918764081272,300.0,-123.0,False
424,Michael Lorenzen,COL,SP,174.65554009151774,300.0,-124.0,False
425,Gregory Soto,PIT,RP,174.39320183971972,300.0,-125.0,False
426,Mike Vasil,CHW,SP,174.25315003903847,300.0,-126.0,False
427,Carlos Narvaez,BOS,C,174.10984179845713,300.0,-127.0,False
428,Shawn Armstrong,CLE,SP,174.00007415237866,300.0,-128.0,False
429,Chris Paddack,MIA,SP,173.4976129153223,300.0,-129.0,False
430,Chase Dollander,COL,SP,173.4570709679862,300.0,-130.0,False
431,Alex Vesia,LAD,RP,173.25857073699163,300.0,-131.0,False
432,Lane Thomas,KCR,CF,173.06417647972862,300.0,-132.0,False
433,Mark Leiter Jr.,ATH,RP,172.90912003933093,300.0,-133.0,False
434,Yimi Garcia,TOR,RP,172.6616663507302,300.0,-134.0,False
435,Heriberto Hernandez,MIA,LF,172.47983170459904,300.0,-135.0,False
436,Jimmy Herget,COL,RP,172.15809822280443,300.0,-136.0,False
437,Richard Fitts,STL,SP,171.5671035538391,300.0,-137.0,False
438,Calvin Faucher,MIA,RP,171.53349720968862,300.0,-138.0,False
439,Brad Keller,PHI,SP,171.42514848106285,295.0,-144.0,True
440,Jacob Latz,TEX,SP,171.3007769142025,300.0,-140.0,False
441,Jake McCarthy,COL,CF,171.2222844845478,300.0,-141.0,False
442,Gabriel Arias,CLE,SS,170.89901873454303,300.0,-142.0,False
443,Ian Seymour,TBR,SP,170.45490301231712,284.0,-159.0,True
444,Jordan Leasure,CHW,SP,170.32427036330623,243.0,-201.0,True
445,Jose Quintana,COL,SP,170.21204057189786,300.0,-145.0,False
446,Jose A. Ferrer,SEA,RP,170.02291099026056,283.0,-163.0,True
447,Tyler O'Neill,BAL,RF,169.93029869366396,300.0,-147.0,False
448,Louie Varland,TOR,SP,169.5508672046417,300.0,-148.0,False
449,Tyler Stephenson,CIN,C,169.29770373940866,300.0,-149.0,False
450,Kumar Rocker,TEX,SP,169.2684169746093,300.0,-150.0,False
451,Keibert Ruiz,WSN,C,168.7901052696941,300.0,-151.0,False
452,Mason Montgomery,PIT,RP,168.43092513175384,300.0,-152.0,False
453,Juan Mejia,COL,RP,168.24053935294123,300.0,-153.0,False
454,Mick Abel,MIN,SP,168.1555837427901,300.0,-154.0,False
455,Kyle Harrison,MIL,SP,168.07079196663815,300.0,-155.0,False
456,Cam Smith,HOU,RF,167.94793677454282,300.0,-156.0,False
457,Steven Okert,HOU,SP,167.5665283094719,300.0,-157.0,False
458,Austin Martin,MIN,CF,167.5423298766692,300.0,-158.0,False
459,Rhys Hoskins,MIL,1B,167.24819875934173,300.0,-159.0,False
460,Griffin Canning,SDP,SP,167.0675182227821,300.0,-160.0,False
461,Jose Alvarado,PHI,RP,166.90049053294126,300.0,-161.0,False
462,Bryan Baker,TBR,RP,166.56692996438736,300.0,-162.0,False
463,C.J. Kayfus,CLE,1B,166.185771043521,300.0,-163.0,False
464,Mauricio Dubon,ATL,2B,165.80391054478358,300.0,-164.0,False
465,Miles Mikolas,WSN,SP,165.57288486921928,300.0,-165.0,False
466,Luis Gil,NYY,SP,165.4678113562919,300.0,-166.0,False
467,Tyler Rogers,TOR,RP,165.0035072020697,300.0,-167.0,False
468,Hunter Gaddis,CLE,RP,164.48577591965602,300.0,-168.0,False
469,Matt Brash,SEA,RP,164.295390289828,234.0,-235.0,True
470,Joel Peguero,SFG,RP,164.1822453158226,300.0,-170.0,False
471,Michael Conforto,LAD,LF,163.8065415120446,300.0,-171.0,False
472,Yoan Moncada,LAA,3B,163.4646994693503,300.0,-172.0,False
473,Logan Allen,CLE,SP,163.397042444024,300.0,-173.0,False
474,Jake Fraley,TBR,RF,163.15850137556103,300.0,-174.0,False
475,Tommy Pham,PIT,LF,163.0764807201464,300.0,-175.0,False
476,Aaron Ashby,MIL,SP,162.30068581351142,300.0,-176.0,False
477,Tyler Anderson,LAA,SP,161.9103212139536,300.0,-177.0,False
478,Kyle Finnegan,DET,RP,161.52635285548052,216.0,-262.0,True
479,Blake Treinen,LAD,RP,161.4791520642681,300.0,-179.0,False
480,Camilo Doval,NYY,RP,161.2524275890708,261.0,-219.0,True
481,Davis Schneider,TOR,LF,161.10180192859795,300.0,-181.0,False
482,Caleb Thielbar,CHC,RP,160.9770143407918,300.0,-182.0,False
483,Cole Winn,TEX,RP,160.33140318430938,300.0,-183.0,False
484,Michael Massey,KCR,2B,159.93876174888766,300.0,-184.0,False
485,Bryan King,HOU,RP,159.91346008659994,300.0,-185.0,False
486,Erik Miller,SFG,RP,159.67910768204487,300.0,-186.0,False
487,Cole Sands,MIN,SP,159.13291335308477,300.0,-187.0,False
488,Ha-seong Kim,ATL,SS,158.9796202187253,300.0,-188.0,False
489,Ryan Zeferjahn,LAA,SP,158.8901372613702,300.0,-189.0,False
490,Keegan Akin,BAL,SP,158.72251417869904,300.0,-190.0,False
491,Giancarlo Stanton,NYY,DH,158.6727259845674,300.0,-191.0,False
492,Eduard Bazardo,SEA,RP,158.14520162222385,300.0,-192.0,False
493,Andrew Alvarez,WSN,SP,157.46461356495286,300.0,-193.0,False
494,Victor Robles,SEA,RF,157.2702707633612,300.0,-194.0,False
495,Carlos Santana,ARI,1B,156.79467914073945,300.0,-195.0,False
496,Graham Ashcraft,CIN,RP,155.77554441181286,300.0,-196.0,False
497,Gabe Speier,SEA,RP,155.64190808726954,300.0,-197.0,False
498,Nathaniel Lowe,CIN,1B,155.099012510718,300.0,-198.0,False
499,Drew Pomeranz,LAA,SP,154.83010161511487,300.0,-199.0,False
500,Tyler Holton,DET,SP,154.4816992654421,300.0,-200.0,False
501,Tyler Phillips,MIA,SP,154.18815155578227,300.0,-201.0,False
502,Jared Koenig,MIL,RP,154.04403524536468,300.0,-202.0,False
503,Hurston Waldrep,ATL,SP,153.81039485005283,300.0,-203.0,False
504,Taijuan Walker,PHI,SP,153.77660278243093,300.0,-204.0,False
505,Kody Funderburk,MIN,RP,153.75460979739688,300.0,-205.0,False
506,Ty France,- - -,1B,153.49520331837115,300.0,-206.0,False
507,Justin Topa,MIN,SP,153.46509702488706,300.0,-207.0,False
508,Chris Martin,TEX,RP,153.02176174732398,300.0,-208.0,False
509,Mike Tauchman,CHW,RF,152.81454049752244,300.0,-209.0,False
510,Jacob Young,WSN,CF,152.76297699665548,300.0,-210.0,False
511,Kirby Yates,LAA,RP,152.2021646112977,276.0,-235.0,True
512,Jonathan Cannon,CHW,SP,152.14259169534495,300.0,-212.0,False
513,Sean Newcomb,CHW,SP,151.75343019348134,300.0,-213.0,False
514,Greg Weissert,BOS,RP,151.48759170963092,300.0,-214.0,False
515,Ryne Stanek,STL,RP,151.40045537536048,300.0,-215.0,False
516,Marcelo Mayer,BOS,3B,150.89679113756543,300.0,-216.0,False
517,Brooks Raley,NYM,RP,150.71908695401817,300.0,-217.0,False
518,Luisangel Acuna,CHW,2B,149.45527805891112,300.0,-218.0,False
519,Liam Hicks,MIA,C,149.1711918627162,300.0,-219.0,False
520,Hunter Dobbins,STL,SP,148.86744542104168,300.0,-220.0,False
521,Edouard Julien,COL,2B,148.65529476078473,300.0,-221.0,False
522,Kody Clemens,MIN,2B,148.5740761728504,300.0,-222.0,False
523,Orion Kerkering,PHI,RP,148.49562328421163,300.0,-223.0,False
524,Ryan Feltner,COL,SP,148.3381056314764,300.0,-224.0,False
525,Kade Strowd,ARI,RP,147.9211488861653,300.0,-225.0,False
526,David Morgan,SDP,SP,147.754743576497,300.0,-226.0,False
527,Romy Gonzalez,BOS,1B,147.44712248154116,300.0,-227.0,False
528,Casey Schmitt,SFG,3B,147.4108603617104,300.0,-228.0,False
529,Tyler Kinley,ATL,RP,147.23672037007822,300.0,-229.0,False
530,Lucas Erceg,KCR,RP,146.93249894734151,300.0,-230.0,False
531,Lourdes Gurriel Jr.,ARI,LF,146.57412796339412,300.0,-231.0,False
532,Elvis Alvarado,ATH,RP,145.95024101210893,300.0,-232.0,False
533,Tanner Banks,PHI,SP,145.58241528069587,300.0,-233.0,False
534,Dietrich Enns,BAL,SP,145.56634122276415,300.0,-234.0,False
535,Justin Steele,CHC,SP,145.20644808908378,300.0,-235.0,False
536,Isaac Mattson,PIT,RP,144.61534347780662,300.0,-236.0,False
537,PJ Poulin,WSN,RP,144.22917037015577,300.0,-237.0,False
538,Ryan Thompson,ARI,RP,144.15265790143874,300.0,-238.0,False
539,Jake Mangum,PIT,LF,143.3430726930855,300.0,-239.0,False
540,Nick Castellanos,SDP,RF,143.07542406139078,300.0,-240.0,False
541,Jake Bauers,MIL,1B,142.87731306356434,300.0,-241.0,False
542,Spencer Bivens,SFG,RP,142.77961027471832,300.0,-242.0,False
543,Seth Halvorsen,COL,RP,142.74548598996273,300.0,-243.0,False
544,Andrew McCutchen,PIT,RF,142.54925730132237,300.0,-244.0,False
545,Pierce Johnson,CIN,RP,141.9678656955026,300.0,-245.0,False
546,Javier Baez,DET,CF,141.5137739928576,300.0,-246.0,False
547,John Schreiber,KCR,RP,141.35754879561495,300.0,-247.0,False
548,Rowdy Tellez,- - -,1B,139.9314210575835,300.0,-248.0,False
549,Jose Caballero,NYY,SS,139.87364410791076,300.0,-249.0,False
550,Nick Fortes,TBR,C,139.83117275495812,300.0,-250.0,False
551,Brendon Little,TOR,RP,139.78089403637316,300.0,-251.0,False
552,Brock Burke,CIN,SP,139.76489990972107,300.0,-252.0,False
553,Randy Vasquez,SDP,SP,139.60057290036997,300.0,-253.0,False
554,Anthony Bender,MIA,RP,139.1496895729456,300.0,-254.0,False
555,Janson Junk,MIA,SP,139.0537346586214,300.0,-255.0,False
556,Jose Butto,SFG,RP,138.6595859509428,300.0,-256.0,False
557,Jakob Junis,TEX,RP,138.58773491254988,300.0,-257.0,False
558,Caden Dana,LAA,SP,137.76703229113082,300.0,-258.0,False
559,Graham Pauley,MIA,3B,137.50029095579563,300.0,-259.0,False
560,Tyrone Taylor,NYM,CF,137.06632727441126,300.0,-260.0,False
561,Randal Grichuk,- - -,RF,136.85547579458256,300.0,-261.0,False
562,Anthony Banda,MIN,SP,136.4325055529048,300.0,-262.0,False
563,Walker Buehler,- - -,SP,136.1779628998823,300.0,-263.0,False
564,Connor Phillips,CIN,RP,135.75722869848585,300.0,-264.0,False
565,Nick Mears,KCR,RP,135.17759372682087,300.0,-265.0,False
566,Amed Rosario,NYY,3B,134.97862507853472,300.0,-266.0,False
567,Spencer Arrighetti,HOU,SP,134.62853752911727,300.0,-267.0,False
568,Mason Englert,TBR,RP,134.16562775775623,300.0,-268.0,False
569,Danny Jansen,TEX,C,133.617499709126,300.0,-269.0,False
570,Matt Festa,CLE,RP,133.3698214995456,300.0,-270.0,False
571,Miguel Amaya,CHC,C,133.29883943721603,300.0,-271.0,False
572,Aaron Bummer,ATL,SP,133.09350128598433,300.0,-272.0,False
573,Yennier Cano,BAL,RP,132.215090815729,300.0,-273.0,False
574,Jake Irvin,WSN,SP,132.20695998251003,300.0,-274.0,False
575,Tommy Nance,TOR,RP,132.09794978920706,300.0,-275.0,False
576,Matt Shaw,CHC,3B,131.87114355539282,300.0,-276.0,False
577,Justin Slaten,BOS,RP,131.21899821609497,300.0,-277.0,False
578,Joe Boyle,TBR,SP,131.0456210316073,300.0,-278.0,False
579,German Marquez,SDP,SP,130.84701548118537,300.0,-279.0,False
580,Michael Kelly,ATH,RP,130.84562949190038,300.0,-280.0,False
581,Thomas Saggese,STL,2B,130.7785276843354,300.0,-281.0,False
582,Zack Kelly,BOS,RP,130.53572154636942,300.0,-282.0,False
583,Denzel Clarke,ATH,CF,130.1365740393143,300.0,-283.0,False
584,Paul Blackburn,NYY,SP,129.48574944645748,300.0,-284.0,False
585,JJ Bleday,CIN,CF,129.1839659111763,300.0,-285.0,False
586,Yohan Ramirez,PIT,RP,129.15510520677316,300.0,-286.0,False
587,Taylor Walls,TBR,SS,129.0239728852558,300.0,-287.0,False
588,Carson Williams,TBR,SS,128.89676206829515,300.0,-288.0,False
589,Sean Murphy,ATL,C,128.80946984059193,300.0,-289.0,False
590,Matt Vierling,DET,CF,128.77572357320858,300.0,-290.0,False
591,Tomoyuki Sugano,COL,SP,128.76168253431172,300.0,-291.0,False
592,Angel Martinez,CLE,CF,128.2941938632712,300.0,-292.0,False
593,Tyler Alexander,TEX,SP,128.21531613788238,300.0,-293.0,False
594,Tyler Wells,BAL,SP,128.1384889956729,300.0,-294.0,False
595,Michael A. Taylor,CHW,RF,128.12350791851094,300.0,-295.0,False
596,Enyel De Los Santos,HOU,RP,127.8546105256479,300.0,-296.0,False
597,Joey Bart,PIT,C,127.52767671311476,300.0,-297.0,False
598,Brandon Sproat,MIL,SP,126.65264994463088,300.0,-298.0,False
599,Javier Sanoja,MIA,2B,126.4808185771238,300.0,-299.0,False
600,Rico Garcia,BAL,SP,126.33756816962128,300.0,-300.0,False
601,Hoby Milner,CHC,RP,126.14313224291844,300.0,-301.0,False
602,Kyle Higashioka,TEX,C,125.5759457120482,300.0,-302.0,False
603,Troy Johnston,COL,OF,125.53432679047984,300.0,-303.0,False
604,Thairo Estrada,COL,2B,125.17017304715095,300.0,-304.0,False
605,Luis Garcia,NYM,RP,124.95639282366513,300.0,-305.0,False
606,Troy Melton,DET,SP,124.88576020378208,300.0,-306.0,False
607,Tim Hill,NYY,RP,124.59531519765824,300.0,-307.0,False
608,Caleb Ferguson,CIN,RP,124.51663135326376,300.0,-308.0,False
609,Scott Barlow,ATH,SP,124.44066470896156,300.0,-309.0,False
610,Christopher Morel,MIA,LF,123.98355511261114,300.0,-310.0,False
611,Kyle Farmer,COL,2B,123.83773661593642,300.0,-311.0,False
612,Jose Trevino,CIN,C,123.7101513182059,300.0,-312.0,False
613,Blaze Alexander,BAL,SS,123.0642374222707,300.0,-313.0,False
614,Brent Suter,LAA,SP,122.70344235583886,300.0,-314.0,False
615,Carmen Mlodzinski,PIT,SP,122.45272566122564,300.0,-315.0,False
616,Brent Headrick,NYY,RP,122.4421449735653,300.0,-316.0,False
617,Adam Frazier,- - -,2B,122.42608014105456,300.0,-317.0,False
618,Max Muncy,ATH,3B,122.40407045391883,186.0,-432.0,True
619,Jordan Romano,LAA,RP,122.06121707337974,300.0,-319.0,False
620,Grant Anderson,MIL,RP,121.67977904557846,300.0,-320.0,False
621,Angel Zerpa,MIL,SP,121.62760747877782,300.0,-321.0,False
622,Jake Bird,NYY,RP,121.42184879589196,300.0,-322.0,False
623,Jonathan Bowlan,PHI,SP,121.03420196428269,300.0,-323.0,False
624,Will Benson,CIN,LF,120.75963947554231,300.0,-324.0,False
625,Pedro Pages,STL,C,120.63376993144286,300.0,-325.0,False
626,Jackson Rutledge,WSN,RP,120.06018432407822,300.0,-326.0,False
627,Brant Hurter,DET,SP,119.89263223591732,300.0,-327.0,False
628,Tim Herrin,CLE,RP,119.66879198997692,300.0,-328.0,False
629,Wandy Peralta,SDP,SP,119.4872628736146,300.0,-329.0,False
630,Jack Dreyer,LAD,SP,119.01645445930204,300.0,-330.0,False
631,Ezequiel Duran,TEX,SS,118.51400663186786,300.0,-331.0,False
632,Colin Rea,CHC,SP,118.16553223554122,300.0,-332.0,False
633,Cade Gibson,MIA,SP,118.12553165969298,300.0,-333.0,False
634,Jason Adam,SDP,RP,117.74699223079747,300.0,-334.0,False
635,Brennan Bernardino,COL,SP,117.2788239113006,300.0,-335.0,False
636,Ben Casparius,LAD,SP,116.90305774697325,300.0,-336.0,False
637,Gordon Graceffo,STL,RP,116.61562669824552,300.0,-337.0,False
638,Starling Marte,NYM,LF,116.49698257313264,300.0,-338.0,False
639,Eric Orze,MIN,RP,116.44548450383624,300.0,-339.0,False
640,Bennett Sousa,HOU,RP,116.3689027016976,300.0,-340.0,False
641,Rob Refsnyder,SEA,RF,115.40683811817902,300.0,-341.0,False
642,Yuki Matsui,SDP,RP,115.40683263113768,300.0,-342.0,False
643,Luis Torrens,NYM,C,115.19933049559836,300.0,-343.0,False
644,Braydon Fisher,TOR,SP,115.00632657214004,300.0,-344.0,False
645,Reese Olson,DET,SP,114.92493281182108,266.0,-379.0,True
646,Huascar Brazoban,NYM,SP,114.88850923355042,300.0,-346.0,False
647,Cole Sulser,TBR,RP,114.3563689562478,300.0,-347.0,False
648,Masataka Yoshida,BOS,LF,113.73746088227462,300.0,-348.0,False
649,Dominic Smith,SFG,1B,113.71489686796848,300.0,-349.0,False
650,Eric Lauer,TOR,SP,112.87973837808988,300.0,-350.0,False
651,Taylor Clarke,ARI,RP,112.34609911789632,300.0,-351.0,False
652,Dane Myers,CIN,CF,111.98943659933212,300.0,-352.0,False
653,Andrew Chafin,MIN,RP,111.6283106103109,300.0,-353.0,False
654,Connor Brogdon,CLE,RP,111.45203180345274,300.0,-354.0,False
655,Jose Tena,WSN,3B,111.39844624315757,300.0,-355.0,False
656,Jose Fermin,LAA,RP,111.34117215228945,300.0,-356.0,False
657,Marcus Stroman,NYY,SP,111.16391055777969,300.0,-357.0,False
658,Jacob Webb,CHC,RP,111.14922686308462,300.0,-358.0,False
659,Carlos Vargas,SEA,RP,110.5702570404154,300.0,-359.0,False
660,Casey Legumina,SEA,SP,110.3276702999868,300.0,-360.0,False
661,Justin Wrobleski,LAD,SP,110.18522245059334,300.0,-361.0,False
662,Jasson Dominguez,NYY,OF,109.9813538458275,278.0,-384.0,True
663,Stephen Kolek,KCR,SP,109.91753632424256,300.0,-363.0,False
664,Wilmer Flores,SFG,1B,109.55724903883387,300.0,-364.0,False
665,Joel Payamps,ATL,RP,108.69859301552754,300.0,-365.0,False
666,Porter Hodge,CHC,RP,107.6819857092072,300.0,-366.0,False
667,Luke Raley,SEA,RF,107.1273703089248,300.0,-367.0,False
668,Alex Verdugo,ATL,LF,106.82804106150874,300.0,-368.0,False
669,Ramon Urias,- - -,Unknown,106.76648356122573,300.0,-369.0,False
670,Erick Fedde,CHW,SP,106.54957467365746,300.0,-370.0,False
671,Ryan Yarbrough,NYY,SP,106.03032130879488,300.0,-371.0,False
672,Brenan Hanifee,DET,RP,105.93193385555078,300.0,-372.0,False
673,Logan Evans,SEA,SP,105.39899973381225,300.0,-373.0,False
674,Miguel Rojas,LAD,2B,105.1606463939008,300.0,-374.0,False
675,Matt Gage,SFG,SP,104.8251486572518,300.0,-375.0,False
676,Emerson Hancock,SEA,SP,104.6420613650752,300.0,-376.0,False
677,Daniel Lynch IV,KCR,SP,104.4723027933544,300.0,-377.0,False
678,Enrique Hernandez,LAD,1B,103.64883290818273,300.0,-378.0,False
679,Ian Hamilton,ATL,SP,103.33265575995117,300.0,-379.0,False
680,Jordan Hicks,CHW,SP,102.82279601192556,300.0,-380.0,False
681,Colby Thomas,ATH,RF,102.7638330488874,300.0,-381.0,False
682,J.T. Ginn,ATH,SP,102.70810707406297,300.0,-382.0,False
683,Brandon Eisert,CHW,SP,102.6359773528768,300.0,-383.0,False
684,Edmundo Sosa,PHI,2B,101.46386322559592,300.0,-384.0,False
685,Henry Davis,PIT,C,101.06683641739528,300.0,-385.0,False
686,Hayden Birdsong,SFG,SP,100.88999628038172,300.0,-386.0,False
687,A.J. Blubaugh,HOU,SP,100.86362145346752,300.0,-387.0,False
688,Jaden Hill,COL,RP,100.69328327182772,300.0,-388.0,False
689,Bailey Falter,KCR,SP,99.56262117200583,300.0,-389.0,False
690,Ryan Bergert,KCR,SP,97.53806426814904,300.0,-390.0,False
691,Lake Bachar,MIA,SP,97.38716468967598,300.0,-391.0,False
692,Oswald Peraza,LAA,3B,96.3496458025843,300.0,-392.0,False
693,Steven Wilson,TBR,RP,96.2868935273212,300.0,-393.0,False
694,Danny Coulombe,- - -,SP,95.78498800845972,300.0,-394.0,False
695,Ben Williamson,TBR,3B,95.31282449340432,300.0,-395.0,False
696,Drew Gilbert,SFG,CF,95.04254515185178,300.0,-396.0,False
697,Sam Haggerty,TEX,CF,94.38007437139125,300.0,-397.0,False
698,Isiah Kiner-Falefa,BOS,SS,94.20323963815314,300.0,-398.0,False
699,Blake Perkins,MIL,CF,93.94750707362326,300.0,-399.0,False
700,George Soriano,STL,RP,93.88063074742534,300.0,-400.0,False
701,Daniel Schneemann,CLE,2B,93.59172875023832,300.0,-401.0,False
702,Alexander Canario,PIT,LF,93.36449741861144,300.0,-402.0,False
703,Robert Hassell III,WSN,CF,93.27613298431012,300.0,-403.0,False
704,Antonio Senzatela,COL,SP,93.07894227875188,300.0,-404.0,False
705,Rob Zastryzny,MIL,SP,93.06037677190974,300.0,-405.0,False
706,Justin Turner,CHC,1B,93.02579044337514,300.0,-406.0,False
707,Keider Montero,DET,SP,92.31651357611652,300.0,-407.0,False
708,John King,MIA,RP,91.75282586829012,300.0,-408.0,False
709,Wikelman Gonzalez,CHW,RP,91.32380249301067,300.0,-409.0,False
710,Justin Wilson,BOS,RP,91.08461791540242,300.0,-410.0,False
711,Cody Freeman,TEX,3B,91.06522354542456,300.0,-411.0,False
712,Andy Ibanez,ATH,Unknown,90.81633209707874,300.0,-412.0,False
713,Tobias Myers,NYM,SP,90.56504817194416,300.0,-413.0,False
714,Travis d'Arnaud,LAA,C,90.3928510817346,300.0,-414.0,False
715,Brock Stewart,LAD,RP,90.28931708373383,300.0,-415.0,False
716,Mitchell Parker,WSN,SP,90.198945500152,300.0,-416.0,False
717,Javier Assad,CHC,SP,89.78317099914777,300.0,-417.0,False
718,Hunter Feduccia,TBR,C,89.77750429047597,300.0,-418.0,False
719,Otto Kemp,PHI,1B,89.38563277373258,300.0,-419.0,False
720,Darell Hernaiz,ATH,3B,89.32605273000281,300.0,-420.0,False
721,Ryan Pressly,CHC,RP,88.80841237081175,300.0,-421.0,False
722,Ben Brown,CHC,SP,88.76050686773316,300.0,-422.0,False
723,Travis Adams,MIN,SP,88.74195081031769,300.0,-423.0,False
724,JP Sears,SDP,SP,88.63059884569869,300.0,-424.0,False
725,Yoendrys Gomez,TBR,SP,88.54257467871324,300.0,-425.0,False
726,Jahmai Jones,DET,RF,88.18550672643082,300.0,-426.0,False
727,Mason Fluharty,TOR,RP,87.97712630354798,300.0,-427.0,False
728,Dylan Dodd,ATL,RP,87.7818941478444,300.0,-428.0,False
729,JT Brubaker,SFG,SP,87.70933729943667,300.0,-429.0,False
730,Santiago Espinal,CIN,3B,87.57123986200303,300.0,-430.0,False
731,Charlie Morton,- - -,SP,86.54506086786887,300.0,-431.0,False
732,DL Hall,MIL,SP,86.23890172504153,300.0,-432.0,False
733,Connor Wong,BOS,C,86.06608241432961,300.0,-433.0,False
734,David Fry,CLE,1B,85.9710110738246,300.0,-434.0,False
735,Grant Wolfram,BAL,RP,85.94960664044517,300.0,-435.0,False
736,Ryan Fernandez,STL,RP,85.25551982107274,300.0,-436.0,False
737,Yohel Pozo,STL,C,85.21509614135468,300.0,-437.0,False
738,Alex Call,LAD,RF,85.18942251773,300.0,-438.0,False
739,James McCann,ARI,C,84.82524591203902,300.0,-439.0,False
740,David Hamilton,MIL,2B,84.3717235080852,300.0,-440.0,False
741,Braxton Fulford,COL,C,84.30377271972739,300.0,-441.0,False
742,Gio Urshela,ATH,3B,83.601456361133,300.0,-442.0,False
743,Kyle Karros,COL,3B,83.33170980180803,300.0,-443.0,False
744,Myles Straw,TOR,CF,83.1324101700511,300.0,-444.0,False
745,Adrian Del Castillo,ARI,C,83.06492764144552,300.0,-445.0,False
746,Justyn-Henry Malloy,TBR,RF,82.91773349713255,300.0,-446.0,False
747,Tommy Kahnle,DET,RP,82.58886849302766,300.0,-447.0,False
748,Ryan Mountcastle,BAL,1B,82.49950034446427,300.0,-448.0,False
749,Jose Iglesias,SDP,2B,82.46103120587544,300.0,-449.0,False
750,Ryan Gusto,MIA,SP,81.82365425364948,300.0,-450.0,False
751,Bryce Teodosio,LAA,CF,81.81539110242797,300.0,-451.0,False
752,James Outman,MIN,CF,81.72881151047685,300.0,-452.0,False
753,Beau Brieske,DET,SP,81.64495603528842,300.0,-453.0,False
754,Chris Taylor,LAA,CF,81.56073622789368,300.0,-454.0,False
755,Kevin Kelly,TBR,RP,81.37497616704607,300.0,-455.0,False
756,Christian Vazquez,MIN,C,80.48037861740312,300.0,-456.0,False
757,Triston Casas,BOS,1B,80.22204276249695,300.0,-457.0,False
758,Oswaldo Cabrera,NYY,3B,79.96183837999864,300.0,-458.0,False
759,Paxton Schultz,WSN,SP,79.59417616119404,300.0,-459.0,False
760,Zach Agnos,COL,RP,79.56997099814399,300.0,-460.0,False
761,Bowden Francis,TOR,SP,79.39689985128003,300.0,-461.0,False
762,Max Kepler,PHI,LF,79.3233355838234,300.0,-462.0,False
763,Steven Cruz,KCR,RP,78.88593882716509,300.0,-463.0,False
764,David Festa,MIN,SP,78.85577456246887,300.0,-464.0,False
765,Tanner Gordon,COL,SP,78.27094217459089,300.0,-465.0,False
766,Luis Matos,SFG,RF,77.58245920323152,300.0,-466.0,False
767,Ryan Ritter,COL,SS,77.37768366446831,300.0,-467.0,False
768,Jeremiah Jackson,BAL,2B,76.99093579797984,300.0,-468.0,False
769,Jon Berti,CHC,3B,76.87922113640681,300.0,-469.0,False
770,Jason Alexander,HOU,SP,75.65423835838213,300.0,-470.0,False
771,Mitch Garver,SEA,C,75.58793851866598,300.0,-471.0,False
772,Tyler Locklear,ARI,1B,75.07726613500292,300.0,-472.0,False
773,Joey Wentz,ATL,SP,75.03103428977656,300.0,-473.0,False
774,Luke Jackson,- - -,RP,74.80658397542025,300.0,-474.0,False
775,Andre Granillo,WSN,RP,74.58664161414767,300.0,-475.0,False
776,Jake Rogers,DET,C,74.45814685135586,300.0,-476.0,False
777,Luis Urias,ATH,2B,74.30034879444706,300.0,-477.0,False
778,Ryan Brasier,TEX,SP,74.25360577860039,300.0,-478.0,False
779,Chad Green,TOR,RP,74.23375147552676,300.0,-479.0,False
780,Kyle Nicolas,PIT,RP,73.36725904734054,300.0,-480.0,False
781,Tyler Ferguson,ATH,RP,72.75447351366591,300.0,-481.0,False
782,Alan Roden,MIN,LF,72.37682686240724,300.0,-482.0,False
783,Corbin Burnes,ARI,SP,72.24244508246427,300.0,-483.0,False
784,Anthony Santander,TOR,OF/DH,72.0161332134176,238.0,-546.0,True
785,Chase Shugart,PHI,RP,71.71557245247924,300.0,-485.0,False
786,Jackson Perkins,ATH,SP,71.39466434846558,300.0,-486.0,False
787,Jose Urena,- - -,SP,71.10238677463653,300.0,-487.0,False
788,Austin Slater,- - -,LF,70.85283457764255,300.0,-488.0,False
789,Andrew Saalfrank,ARI,RP,70.31383791790222,300.0,-489.0,False
790,Luis Mey,CIN,RP,69.9625952867091,300.0,-490.0,False
791,Daysbel Hernandez,ATL,RP,69.91280921254457,300.0,-491.0,False
792,LaMonte Wade Jr.,CHW,1B,69.56463943079966,300.0,-492.0,False
793,Dalton Rushing,LAD,C,68.6306995702343,300.0,-493.0,False
794,Jalen Beeks,ARI,SP,68.23926551194523,300.0,-494.0,False
795,Leo Rivas,SEA,2B,67.92759555311734,300.0,-495.0,False
796,Nick Loftin,KCR,LF,67.61429534290187,300.0,-496.0,False
797,Michael Helman,TEX,CF,66.01305588362064,300.0,-497.0,False
798,Kai-Wei Teng,HOU,SP,65.60292160716281,300.0,-498.0,False
799,Tristan Beck,SFG,SP,65.42350994070857,300.0,-499.0,False
800,Colin Holderman,CLE,RP,65.1954696640563,300.0,-500.0,False
801,Joey Lucchesi,SFG,RP,65.02960078806545,300.0,-501.0,False
802,Rafael Marchan,PHI,C,64.96891709066787,300.0,-502.0,False
803,Adael Amador,COL,2B,64.44504080866568,300.0,-503.0,False
804,Tim Tawa,ARI,2B,64.06478005114508,300.0,-504.0,False
805,Tyler Heineman,TOR,C,63.66434026876095,300.0,-505.0,False
806,Chris Murphy,CHW,RP,63.44223655388449,300.0,-506.0,False
807,Mason Barnett,ATH,SP,62.96012470742095,300.0,-507.0,False
808,Hyeseong Kim,LAD,2B,62.40687842952085,300.0,-508.0,False
809,Jonathan Loaisiga,ARI,RP,62.32984306476921,300.0,-509.0,False
810,Pierson Ohl,COL,SP,61.904582841834,300.0,-510.0,False
811,Eric Wagaman,MIN,1B,61.70277413302527,300.0,-511.0,False
812,Ronny Mauricio,NYM,3B,61.38646700360912,300.0,-512.0,False
813,Clarke Schmidt,NYY,SP,61.04207634814473,300.0,-513.0,False
814,Alek Jacob,SDP,RP,60.60970296447336,300.0,-514.0,False
815,Yariel Rodriguez,TOR,SP,60.414234472305935,300.0,-515.0,False
816,Zack Gelof,ATH,2B,58.98671324615593,300.0,-516.0,False
817,Colton Gordon,HOU,SP,58.66544630156217,300.0,-517.0,False
818,Max Lazar,PHI,RP,58.59812409036828,300.0,-518.0,False
819,Chris Roycroft,STL,RP,58.58436879322439,300.0,-519.0,False
820,Juan Morillo,ARI,RP,58.31282579227316,300.0,-520.0,False
821,Sawyer Gipson-Long,DET,SP,57.86162980943606,300.0,-521.0,False
822,Carlos Carrasco,- - -,SP,57.39378564616842,300.0,-522.0,False
823,Austin Wynns,ATH,C,57.13355573342773,300.0,-523.0,False
824,Yerry De Los Santos,NYY,RP,57.13204597957228,300.0,-524.0,False
825,John Rave,KCR,RF,57.10527088605703,300.0,-525.0,False
826,Gunnar Hoglund,ATH,SP,56.933960004945895,300.0,-526.0,False
827,Trent Thornton,CHC,RP,56.53496766496851,300.0,-527.0,False
828,Joshua Palacios,CHW,RF,55.76038056462506,300.0,-528.0,False
829,Will Wagner,SDP,3B,54.91890764420504,300.0,-529.0,False
830,Mark Canha,TEX,LF,54.88410272304323,300.0,-530.0,False
831,Dan Altavilla,MIN,RP,54.69565870937775,300.0,-531.0,False
832,Orlando Arcia,MIN,SS,54.333069085420135,300.0,-532.0,False
833,Martin Maldonado,SDP,C,54.28422512635176,300.0,-533.0,False
834,Nolan Jones,CLE,RF,54.24811473237121,300.0,-534.0,False
835,Nick Allen,HOU,SS,54.24235020187183,300.0,-535.0,False
836,Chase Lee,TOR,RP,54.08485158237718,300.0,-536.0,False
837,Orlando Ribalta,WSN,RP,54.03707277884077,300.0,-537.0,False
838,Sam Bachman,LAA,RP,53.34546399423861,300.0,-538.0,False
839,DJ LeMahieu,NYY,2B,53.20432932223377,300.0,-539.0,False
840,Alejandro Osuna,TEX,LF,53.023324694820296,300.0,-540.0,False
841,Kristian Campbell,BOS,2B,52.85231011899401,300.0,-541.0,False
842,Derek Hill,CHW,CF,52.78609068950589,300.0,-542.0,False
843,Ildemaro Vargas,ARI,2B,52.6727578402642,300.0,-543.0,False
844,Michael Tonkin,MIN,RP,52.605864543083,300.0,-544.0,False
845,Angel Chivilli,NYY,RP,52.41390551559257,300.0,-545.0,False
846,Elias Diaz,SDP,C,50.64641118990925,300.0,-546.0,False
847,Warming Bernabel,WSN,3B,50.51433836019456,300.0,-547.0,False
848,Jacob Stallings,- - -,C,50.30400049464574,300.0,-548.0,False
849,Jorge Lopez,WSN,RP,50.03527144355208,300.0,-549.0,False
850,Eli White,ATL,RF,49.25228416015212,300.0,-550.0,False
851,Reese McGuire,MIL,C,48.49187984354359,300.0,-551.0,False
852,Hayden Wesneski,HOU,SP,48.060549243818805,300.0,-552.0,False
853,Austin Hedges,CLE,C,47.7577107494399,300.0,-553.0,False
854,Justin Hagenman,NYM,SP,47.58323992453447,300.0,-554.0,False
855,Kyle Hart,SDP,SP,47.44078479069504,300.0,-555.0,False
856,Brandon Young,BAL,SP,46.72969481836172,300.0,-556.0,False
857,Cade Povich,BAL,SP,46.683246347398544,300.0,-557.0,False
858,Chas McCormick,CHC,LF,46.50994949945702,300.0,-558.0,False
859,Rafael Montero,NYY,RP,45.8424984014859,300.0,-559.0,False
860,Christian Koss,SFG,2B,45.71558158482885,300.0,-560.0,False
861,Kaleb Ort,LAA,RP,45.64200037376713,300.0,-561.0,False
862,Johan Rojas,PHI,CF,45.45611690781383,300.0,-562.0,False
863,Martin Perez,ATL,SP,45.30503641054591,300.0,-563.0,False
864,Gary Sanchez,BAL,C,45.27095485502595,300.0,-564.0,False
865,Hunter Renfroe,KCR,RF,45.04033143133657,300.0,-565.0,False
866,Nick Martini,COL,RF,44.57862174905797,300.0,-566.0,False
867,Curtis Mead,CHW,1B,44.0362529245551,300.0,-567.0,False
868,Brandon Waddell,NYM,SP,43.96928913333864,300.0,-568.0,False
869,Carson Whisenhunt,SFG,SP,43.754810715255225,300.0,-569.0,False
870,Trevor Williams,WSN,SP,43.61056845419061,300.0,-570.0,False
871,Tyler Gilbert,CHW,SP,43.5876524656056,300.0,-571.0,False
872,Cionel Perez,WSN,RP,42.94968973642781,300.0,-572.0,False
873,Cooper Hummel,- - -,LF,42.353133598270105,300.0,-573.0,False
874,Jack Suwinski,PIT,RF,41.48795536729262,300.0,-574.0,False
875,Nick Sogard,BOS,1B,41.469998240830925,300.0,-575.0,False
876,Adam Mazur,MIA,SP,41.35543629944207,300.0,-576.0,False
877,Joey Loperfido,HOU,LF,40.94266055363448,300.0,-577.0,False
878,Dylan Moore,PHI,2B,40.25962814678814,300.0,-578.0,False
879,Hector Neris,KCR,RP,39.94851427926576,300.0,-579.0,False
880,Andruw Monasterio,BOS,SS,39.49249900198963,300.0,-580.0,False
881,Dane Dunning,SEA,RP,38.35773710661808,300.0,-581.0,False
882,Zach Dezenzo,HOU,LF,37.7764154318311,300.0,-582.0,False
883,Landon Knack,LAD,SP,37.56894693057242,300.0,-583.0,False
884,Mitch Farris,LAA,SP,37.44854449522192,300.0,-584.0,False
885,Lou Trivino,PHI,SP,37.25284753583266,300.0,-585.0,False
886,Bryse Wilson,PHI,SP,36.87794465438772,300.0,-586.0,False
887,Scott Blewett,STL,SP,36.16252856521407,300.0,-587.0,False
888,Trey Sweeney,DET,SS,35.71021205849524,300.0,-588.0,False
889,Zach Brzykcy,WSN,RP,35.458668085909494,300.0,-589.0,False
890,Lyon Richardson,CIN,RP,35.297443472740724,300.0,-590.0,False
891,Dylan Carlson,CHC,LF,35.29090940892032,300.0,-591.0,False
892,Tyler Fitzgerald,SFG,2B,35.23077098851069,300.0,-592.0,False
893,Felix Bautista,BAL,RP,34.92678103372624,300.0,-593.0,False
894,Jorge Alcala,TOR,RP,34.55522120014512,300.0,-594.0,False
895,Christian Encarnacion-Strand,CIN,1B,34.37617390099757,300.0,-595.0,False
896,Riley Adams,WSN,C,33.40684844524016,300.0,-596.0,False
897,Ryan Borucki,CHW,RP,33.30254085506375,300.0,-597.0,False
898,Carlos Hernandez,CLE,RP,32.56259304463123,300.0,-598.0,False
899,Carson Palmquist,COL,SP,32.50852443211216,300.0,-599.0,False
900,Josh Rojas,KCR,3B,31.55460242660991,300.0,-600.0,False
901,Max Schuemann,NYY,3B,31.539375625560428,300.0,-601.0,False
902,Genesis Cabrera,PHI,RP,31.177098649408745,300.0,-602.0,False
903,Jack Kochanowicz,LAA,SP,30.83418267363772,300.0,-603.0,False
904,Nacho Alvarez Jr.,ATL,SS,30.56437083190717,300.0,-604.0,False
905,Paul DeJong,NYY,3B,30.429719967127756,300.0,-605.0,False
906,Grant Holman,ARI,SP,30.14975961526105,300.0,-606.0,False
907,Ronel Blanco,HOU,SP,29.684498655433664,300.0,-607.0,False
908,Kyren Paris,LAA,2B,29.68233196497565,300.0,-608.0,False
909,Kyle Backhus,PHI,RP,28.91813895972419,300.0,-609.0,False
910,Carson Seymour,SFG,SP,28.588173374289436,300.0,-610.0,False
911,Manuel Rodriguez,TBR,RP,28.51769538396809,300.0,-611.0,False
912,Brendan Rodgers,BOS,2B,28.44755859135225,300.0,-612.0,False
913,Leody Taveras,BAL,OF,27.930474800264324,300.0,-613.0,False
914,Austin Gomber,TEX,SP,27.7924422218174,300.0,-614.0,False
915,Michael Toglia,CIN,1B,27.704288052247176,300.0,-615.0,False
916,Coby Mayo,BAL,1B,26.510097056942676,300.0,-616.0,False
917,Josh Simpson,MIA,RP,26.351420517076875,300.0,-617.0,False
918,Brandon Lockridge,MIL,LF,25.81706816760384,300.0,-618.0,False
919,McCade Brown,COL,SP,25.719202077363896,300.0,-619.0,False
920,Mitch Spence,KCR,SP,25.690025462662785,300.0,-620.0,False
921,Osvaldo Bido,NYY,SP,24.62872195462417,300.0,-621.0,False
922,Kameron Misner,KCR,CF,24.115507890666827,300.0,-622.0,False
923,Miles Mastrobuoni,SEA,3B,23.43717539192938,300.0,-623.0,False
924,Hunter Strickland,LAA,RP,23.09872296326339,300.0,-624.0,False
925,Konnor Pilkington,DET,RP,22.911537050161744,300.0,-625.0,False
926,Joe Ross,ARI,SP,22.797875438295417,300.0,-626.0,False
927,Collin Snider,CHC,RP,21.61289482780463,300.0,-627.0,False
928,Drew Waters,KCR,LF,21.540189020302478,300.0,-628.0,False
929,Ryan Rolison,CHC,SP,21.242355787276967,300.0,-629.0,False
930,Abraham Toro,KCR,1B,21.054065134334508,300.0,-630.0,False
931,John Brebbia,COL,RP,20.850778614412,300.0,-631.0,False
932,Taylor Trammell,HOU,LF,19.973444747185493,300.0,-632.0,False
933,Bradley Blalock,MIA,SP,19.638264863509814,300.0,-633.0,False
934,Kolby Allard,CLE,SP,19.369129586477676,300.0,-634.0,False
935,Tyler Wade,TEX,2B,19.02086037958057,300.0,-635.0,False
936,Yanquiel Fernandez,NYY,RF,18.24348519556162,300.0,-636.0,False
937,Mickey Gasper,BOS,2B,16.97268457457474,300.0,-637.0,False
938,Cam Booser,TBR,RP,16.270594407589172,300.0,-638.0,False
939,Enmanuel Valdez,PIT,1B,16.22987786129359,300.0,-639.0,False
940,Alex Jackson,MIN,C,16.058447455812793,300.0,-640.0,False
941,Matt Mervis,WSN,1B,14.526289743242929,300.0,-641.0,False
942,Jonatan Clase,TOR,LF,14.34933243000357,300.0,-642.0,False
943,Heston Kjerstad,BAL,LF,14.347568041424148,300.0,-643.0,False
944,Weston Wilson,BAL,LF,14.152222086842151,300.0,-644.0,False
945,Shinnosuke Ogasawara,WSN,SP,13.473539862122877,300.0,-645.0,False
946,Ben Rortvedt,NYM,C,13.163035798644955,300.0,-646.0,False
947,Willie MacIver,TEX,C,13.02735907838395,300.0,-647.0,False
948,Matt Bowman,MIN,RP,12.86697381664693,300.0,-648.0,False
949,Jhonkensy Noel,BAL,RF,12.1452356989713,300.0,-649.0,False
950,Donovan Solano,- - -,1B,11.739498952411514,300.0,-650.0,False
951,Jonah Bride,TEX,3B,11.163901875421262,300.0,-651.0,False
952,Kevin Newman,KCR,3B,10.575808465135918,300.0,-652.0,False
953,AJ Smith-Shawver,ATL,SP,10.35583012292502,300.0,-653.0,False
954,Valente Bellozo,COL,SP,10.233648630559884,300.0,-654.0,False
955,Jose Herrera,TEX,RP,10.182973028187131,300.0,-655.0,False
956,Tylor Megill,NYM,SP,9.257760222416607,300.0,-656.0,False
957,Cal Quantrill,TEX,SP,8.690864577087003,300.0,-657.0,False
958,Yu Darvish,SDP,SP,8.68665702209688,300.0,-658.0,False
959,Brandon Walter,HOU,SP,8.464154938349443,300.0,-659.0,False
960,Luis L. Ortiz,CLE,SP,8.245692301642515,300.0,-660.0,False
961,Nestor Cortes,- - -,SP,7.498620763506365,300.0,-661.0,False
962,Tony Gonsolin,LAD,SP,7.264938811131588,300.0,-662.0,False
963,Clayton Kershaw,LAD,SP,7.015451899341612,300.0,-663.0,False
964,Jackson Jobe,DET,SP,6.678085444859634,300.0,-664.0,False
965,Emmanuel Rivera,BAL,3B,6.641304861373259,300.0,-665.0,False
966,Ben Lively,CLE,SP,6.635730934000608,300.0,-666.0,False
967,Tanner Houck,BOS,SP,6.567112235880013,300.0,-667.0,False
968,Frankie Montas,NYM,SP,6.534847299571596,300.0,-668.0,False
969,Andrew Heaney,- - -,SP,6.240985493043163,300.0,-669.0,False
970,Anthony DeSclafani,ARI,SP,6.182295635141974,300.0,-670.0,False
971,Kyle Hendricks,LAA,SP,5.9973620453681855,300.0,-671.0,False
972,Caleb Boushley,TEX,SP,5.793708845621085,300.0,-672.0,False
973,Matt Sauer,LAD,SP,5.587164843129416,300.0,-673.0,False
974,Connor Gillispie,MIA,SP,5.534762614519574,300.0,-674.0,False
975,Vinny Capra,BOS,3B,5.273295491503949,300.0,-675.0,False
976,Matt Thaiss,BOS,C,5.208405783578079,300.0,-676.0,False
977,Nabil Crismatt,TEX,SP,5.136391838804248,300.0,-677.0,False
978,Anthony Molina,ATL,SP,4.378769772833389,300.0,-678.0,False
979,Bryce Jarvis,ARI,RP,4.351150112629561,300.0,-679.0,False
980,Thomas Hatch,ARI,SP,4.328576392885761,300.0,-680.0,False
981,Chris Flexen,CHC,SP,4.239068102226873,300.0,-681.0,False
982,Anthony Veneziano,- - -,SP,4.042658550037962,300.0,-682.0,False
983,Easton Lucas,TOR,SP,3.907792857577099,300.0,-683.0,False
984,Carson Fulmer,LAA,RP,3.7704063829275287,300.0,-684.0,False
985,Jake Woodford,TBR,RP,3.605042450249772,300.0,-685.0,False
986,Randy Rodriguez,SFG,RP,2.879896627520712,300.0,-686.0,False
987,Ronny Henriquez,MIA,RP,2.787055468889499,300.0,-687.0,False
988,Max Kranick,NYM,RP,2.6631685867888577,300.0,-688.0,False
989,Shawn Dubin,ARI,RP,2.528013711954228,300.0,-689.0,False
990,Austin Cox,ATL,SP,2.4760877145101894,300.0,-690.0,False
991,Reed Garrett,NYM,SP,2.07706349012662,300.0,-691.0,False
992,Shelby Miller,CHC,RP,2.023819332669542,300.0,-692.0,False
993,Nic Enright,TOR,RP,1.9990725011015444,300.0,-693.0,False
994,John Curtiss,ARI,RP,1.9786834462571603,300.0,-694.0,False
995,Emmanuel Clase,CLE,RP,1.9038963073025903,300.0,-695.0,False
996,Sean Reynolds,SDP,SP,1.8683457416967928,300.0,-696.0,False
997,Chris Stratton,- - -,RP,1.8554230194853445,300.0,-697.0,False
998,Eduardo Salazar,WSN,RP,1.783549440011385,300.0,-698.0,False
999,Jose Castillo,- - -,RP,1.7187841889709146,300.0,-699.0,False
1000,Tayler Scott,ATL,RP,1.678467588166596,300.0,-700.0,False
1001,Sam Long,KCR,RP,1.5751459678183577,300.0,-701.0,False
1002,Ian Gibaut,CIN,RP,1.188026110306439,300.0,-702.0,False
