Pos_Rank,Name,Team,Position,Projected_Fpoints,PAR,PAR_Overall_Rank,Pos_PAR_Rank,ESPN_Rank
1,Jose Ramirez,CLE,3B/DH,440.87146065501435,152.12383684965,5,1,6
2,Maikel Garcia,KCR,3B,391.2853410706489,102.53771726528453,13,2,103
3,Alex Bregman,CHC,3B,383.4750234216733,94.72739961630896,15,3,30
4,Junior Caminero,TBR,3B,375.5582081386807,86.81058433331634,20,4,20
5,Manny Machado,SDP,3B,339.2017156622517,50.45409185688732,46,5,25
6,Austin Riley,ATL,3B,338.99353897591214,50.24591517054779,48,6,59
7,Matt Chapman,SFG,3B,322.99099286767307,34.243369062308716,64,7,108
8,Jordan Westburg,BAL,3B,322.4440098072485,33.69638600188415,66,8,151
9,Carlos Correa,HOU,SS/3B,308.38237725425273,19.634753448888375,94,9,272
10,Ernie Clement,TOR,3B/2B/SS,299.32060330407035,14.540790151841236,109,10,220
11,Alec Bohm,PHI,3B,298.9510668909072,10.203443085542858,116,11,179
12,Miguel Vargas,CHW,3B/1B,290.4315165560701,1.683892750705752,135,12,212
13,Nolan Arenado,ARI,3B,288.4439022122102,-0.3037215931541368,145,14,240
14,Caleb Durbin,BOS,3B,287.47839989960136,-1.269223905762999,147,15,166
15,Jazz Chisholm Jr.,NYY,2B/3B,285.62078989330394,0.8409767410748259,138,13,74
16,Kazuma Okamoto,TOR,3B,278.4332334680327,-10.314390337331645,166,16,190
17,Munetaka Murakami,CHW,3B,271.36858470333186,-17.379039102032493,185,17,255
18,Addison Barger,TOR,3B/OF,268.1311514885026,-20.616472316861746,189,18,289
19,Jonathan India,KCR,2B/3B/OF/DH,257.8778049229421,-26.90200822928699,202,19,286
20,Sal Stewart,CIN,3B,257.65400068406797,-31.09362312129639,210,20,300
21,Isaac Paredes,HOU,3B,253.61181945261671,-35.13580435274764,225,22,138
22,Colt Keith,DET,2B/3B/DH,252.35804648952083,-32.42176666270828,217,21,230
23,Noelvi Marte,CIN,OF/3B,249.31337058830573,-39.434253217058625,233,23,200
24,Eugenio Suarez,CIN,3B,248.13995938727183,-40.607664418092526,237,24,119
25,Josh Jung,TEX,3B,247.9307244902373,-40.816899315127046,239,25,300
26,Royce Lewis,MIN,3B,246.7994537138937,-41.948170091470644,243,26,175
27,Brooks Lee,MIN,3B,244.95404706853103,-43.79357673683333,250,27,300
28,Max Muncy,LAD,3B,234.78461981383484,-53.96300399152952,275,28,186
29,Max Muncy,LAD,3B,234.78461981383484,-53.96300399152952,641,29,186
30,Ke'Bryan Hayes,CIN,3B,229.781620815008,-58.966002990356344,289,30,300
31,Brett Baty,NYM,3B,229.65160753636232,-59.096016269002035,290,31,300
32,Mark Vientos,NYM,3B,214.7436250084745,-74.00399879688985,320,32,300
33,Brady House,WSN,3B,206.1537327669974,-82.59389103836696,335,33,300
34,Ryan McMahon,NYY,3B,200.54410280524021,-88.20352100012414,354,34,300
35,Zach McKinstry,DET,3B,199.50140347077394,-89.24622033459042,358,35,300
36,Connor Norby,MIA,3B,184.29925518421996,-104.4483686211444,415,36,300
37,Luis Rengifo,MIL,3B,184.03986458900062,-104.70775921636374,417,37,300
38,Yoan Moncada,LAA,3B,163.46469946935025,-125.2829243360141,472,38,300
39,Marcelo Mayer,BOS,3B,150.89679113756543,-137.85083266779893,521,39,300
40,Casey Schmitt,SFG,3B,147.4108603617104,-141.33676344365395,539,40,300
41,Graham Pauley,MIA,3B,137.50029095579563,-151.24733284956872,573,41,300
42,Amed Rosario,NYY,3B,134.97862507853472,-153.76899872682964,584,42,300
43,Matt Shaw,CHC,3B,131.87114355539282,-156.87648024997154,601,43,300
44,Max Muncy,ATH,3B,122.40407045391885,-166.3435533514455,275,44,186
45,Max Muncy,ATH,3B,122.40407045391885,-166.3435533514455,641,45,186
46,Jose Tena,WSN,3B,111.39844624315752,-177.34917756220682,684,46,300
47,Oswald Peraza,LAA,3B,96.34964580258432,-192.39797800278004,744,47,300
48,Ben Williamson,TBR,3B,95.31282449340432,-193.43479931196003,752,48,300
49,Cody Freeman,TEX,3B,91.06522354542456,-197.6824002599398,762,49,300
50,Darell Hernaiz,ATH,3B,89.32605273000281,-199.42157107536156,770,50,300
51,Santiago Espinal,CIN,3B,87.571239862003,-201.17638394336137,773,51,300
52,Gio Urshela,ATH,3B,83.60145636113299,-205.14616744423137,788,52,300
53,Kyle Karros,COL,3B,83.33170980180805,-205.4159140035563,791,53,300
54,Oswaldo Cabrera,NYY,3B,79.96183837999862,-208.78578542536573,810,54,300
55,Jon Berti,CHC,3B,76.87922113640684,-211.86840266895751,819,55,300
56,Brett Harris,ATH,3B,67.62686682011069,-221.12075698525365,862,56,300
57,Ronny Mauricio,NYM,3B,61.386467003609134,-227.36115680175521,885,57,300
58,Will Wagner,SDP,3B,54.91890764420503,-233.82871616115932,906,58,300
59,Warming Bernabel,WSN,3B,50.514338360194564,-238.2332854451698,917,59,300
60,Josh Rojas,KCR,3B,31.554602426609915,-257.19302137875445,967,60,300
61,Max Schuemann,NYY,3B,31.539375625560428,-257.20824817980395,968,61,300
62,Paul DeJong,NYY,3B,30.429719967127753,-258.3179038382366,971,62,300
63,Miles Mastrobuoni,SEA,3B,23.43717539192937,-265.310448413435,996,63,300
64,Jonah Bride,TEX,3B,11.163901875421267,-277.58372192994307,1029,64,300
65,Kevin Newman,KCR,3B,10.575808465135918,-278.1718153402284,1031,65,300
66,Emmanuel Rivera,BAL,3B,6.641304861373258,-282.1063189439911,1040,66,300
67,Vinny Capra,BOS,3B,5.273295491503948,-283.4743283138604,1044,67,300
